Facility ID,Facility Name,City/Town,State,ZIP Code,County/Parish,OP_18a,OP_18b,OP_18c,OP_18d,OP_22,OP_23,ed_volume,Hospital Type,Hospital Ownership,Emergency Services
010001,SOUTHEAST HEALTH MEDICAL CENTER,DOTHAN,AL,36301,HOUSTON,214.0,212.0,,,3.0,82.0,very high,Acute Care Hospitals,Government - Hospital District or Authority,Yes
010005,MARSHALL MEDICAL CENTERS,BOAZ,AL,35957,MARSHALL,146.0,143.0,242.0,332.0,3.0,42.0,very high,Acute Care Hospitals,Government - Hospital District or Authority,Yes
010006,NORTH ALABAMA MEDICAL CENTER,FLORENCE,AL,35630,LAUDERDALE,158.0,147.0,218.0,328.0,1.0,81.0,high,Acute Care Hospitals,Proprietary,Yes
010007,MIZELL MEMORIAL HOSPITAL,OPP,AL,36467,COVINGTON,137.0,130.0,242.0,295.0,1.0,,low,Acute Care Hospitals,Voluntary non-profit - Private,Yes
010011,ST. VINCENT'S EAST,BIRMINGHAM,AL,35235,JEFFERSON,168.0,158.0,,371.0,,71.0,,Acute Care Hospitals,Voluntary non-profit - Private,Yes
010012,DEKALB REGIONAL MEDICAL CENTER,FORT PAYNE,AL,35968,DE KALB,174.0,164.0,346.0,292.0,2.0,,medium,Acute Care Hospitals,Proprietary,Yes
010016,SHELBY BAPTIST MEDICAL CENTER,ALABASTER,AL,35007,SHELBY,180.0,182.0,96.0,,2.0,,medium,Acute Care Hospitals,Voluntary non-profit - Private,Yes
010019,HELEN KELLER HOSPITAL,SHEFFIELD,AL,35660,COLBERT,189.0,188.0,,,3.0,75.0,medium,Acute Care Hospitals,Government - Hospital District or Authority,Yes
010021,DALE MEDICAL CENTER,OZARK,AL,36360,DALE,152.0,148.0,279.0,260.0,2.0,,low,Acute Care Hospitals,Government - Hospital District or Authority,Yes
010022,FLOYD CHEROKEE MEDICAL CENTER,CENTRE,AL,35960,CHEROKEE,127.0,123.0,,274.0,0.0,,low,Acute Care Hospitals,Proprietary,Yes
010023,BAPTIST MEDICAL CENTER SOUTH,MONTGOMERY,AL,36116,MONTGOMERY,225.0,220.0,280.0,,2.0,,high,Acute Care Hospitals,Government - Hospital District or Authority,Yes
010024,JACKSON HOSPITAL & CLINIC INC,MONTGOMERY,AL,36106,MONTGOMERY,139.0,138.0,136.0,185.0,1.0,,high,Acute Care Hospitals,Voluntary non-profit - Private,Yes
010029,THE EAST ALABAMA HEALTHCARE AUTHORITY,OPELIKA,AL,36801,LEE,205.0,200.0,303.0,,5.0,,high,Acute Care Hospitals,Government - Hospital District or Authority,Yes
010033,UNIVERSITY OF ALABAMA HOSPITAL,BIRMINGHAM,AL,35233,JEFFERSON,219.0,211.0,399.0,544.0,2.0,,very high,Acute Care Hospitals,Government - State,Yes
010034,COMMUNITY HOSPITAL INC,TALLASSEE,AL,36078,ELMORE,105.0,104.0,111.0,,2.0,,low,Acute Care Hospitals,Voluntary non-profit - Private,Yes
010035,CULLMAN REGIONAL MEDICAL CENTER,CULLMAN,AL,35058,CULLMAN,158.0,152.0,346.0,348.0,1.0,91.0,high,Acute Care Hospitals,Government - Hospital District or Authority,Yes
010036,ANDALUSIA HEALTH,ANDALUSIA,AL,36420,COVINGTON,180.0,172.0,324.0,347.0,3.0,64.0,low,Acute Care Hospitals,Proprietary,Yes
010039,HUNTSVILLE HOSPITAL,HUNTSVILLE,AL,35801,MADISON,249.0,238.0,300.0,,1.0,48.0,very high,Acute Care Hospitals,Government - Hospital District or Authority,Yes
010040,GADSDEN REGIONAL MEDICAL CENTER,GADSDEN,AL,35903,ETOWAH,204.0,201.0,302.0,,2.0,,medium,Acute Care Hospitals,Proprietary,Yes
010044,MARION REGIONAL MEDICAL CENTER,HAMILTON,AL,35570,MARION,106.0,104.0,,,2.0,,low,Acute Care Hospitals,Voluntary non-profit - Private,Yes
010045,FAYETTE MEDICAL CENTER,FAYETTE,AL,35555,FAYETTE,124.0,113.0,,316.0,3.0,,low,Acute Care Hospitals,Voluntary non-profit - Other,Yes
010046,RIVERVIEW REGIONAL MEDICAL CENTER,GADSDEN,AL,35901,ETOWAH,155.0,155.0,,,2.0,,medium,Acute Care Hospitals,Proprietary,Yes
010049,MEDICAL CENTER ENTERPRISE,ENTERPRISE,AL,36330,COFFEE,147.0,142.0,237.0,312.0,1.0,79.0,medium,Acute Care Hospitals,Proprietary,Yes
010051,GREENE COUNTY HOSPITAL,EUTAW,AL,35462,GREENE,135.0,128.0,143.0,152.0,1.0,,low,Acute Care Hospitals,Voluntary non-profit - Other,Yes
010052,LAKE MARTIN COMMUNITY HOSPITAL,DADEVILLE,AL,36853,TALLAPOOSA,119.0,116.0,,176.0,0.0,,low,Acute Care Hospitals,Proprietary,Yes
010055,FLOWERS HOSPITAL,DOTHAN,AL,36302,HOUSTON,230.0,227.0,,,5.0,,high,Acute Care Hospitals,Proprietary,Yes
010056,ST VINCENT'S BIRMINGHAM,BIRMINGHAM,AL,35205,JEFFERSON,245.0,243.0,441.0,350.0,,,,Acute Care Hospitals,Voluntary non-profit - Private,Yes
010058,BIBB MEDICAL CENTER,CENTREVILLE,AL,35042,BIBB,133.0,130.0,,268.0,3.0,,low,Acute Care Hospitals,Government - Hospital District or Authority,Yes
010061,HIGHLANDS MEDICAL CENTER,SCOTTSBORO,AL,35768,JACKSON,184.0,176.0,318.0,337.0,3.0,17.0,low,Acute Care Hospitals,Government - Hospital District or Authority,Yes
010062,WIREGRASS MEDICAL CENTER,GENEVA,AL,36340,GENEVA,112.0,110.0,,,4.0,,low,Acute Care Hospitals,Government - Hospital District or Authority,Yes
010065,RUSSELL MEDICAL CENTER,ALEXANDER CITY,AL,35010,TALLAPOOSA,145.0,138.0,243.0,438.0,2.0,75.0,medium,Acute Care Hospitals,Voluntary non-profit - Private,Yes
010073,CLAY COUNTY HOSPITAL,ASHLAND,AL,36251,CLAY,94.0,91.0,,318.0,0.0,,low,Acute Care Hospitals,Government - Hospital District or Authority,Yes
010078,NORTHEAST ALABAMA REGIONAL MEDICAL CENTER,ANNISTON,AL,36207,CALHOUN,246.0,244.0,263.0,,4.0,,medium,Acute Care Hospitals,Government - Local,Yes
010079,ATHENS LIMESTONE HOSPITAL,ATHENS,AL,35611,LIMESTONE,186.0,178.0,356.0,463.0,2.0,27.0,medium,Acute Care Hospitals,Government - Hospital District or Authority,Yes
010083,BALDWIN HEALTH,FOLEY,AL,36535,BALDWIN,140.0,140.0,,,2.0,67.0,high,Acute Care Hospitals,Proprietary,Yes
010085,DECATUR MORGAN HOSPITAL - DECATUR CAMPUS,DECATUR,AL,35601,MORGAN,163.0,160.0,314.0,301.0,1.0,81.0,high,Acute Care Hospitals,Government - Hospital District or Authority,Yes
010086,NORTH MISSISSIPPI HEALTH SERVICES - SOUTH MARION,WINFIELD,AL,35594,FAYETTE,144.0,130.0,193.0,430.0,4.0,,low,Acute Care Hospitals,Proprietary,Yes
010087,USA HEALTH UNIVERSITY HOSPITAL,MOBILE,AL,36617,MOBILE,215.0,211.0,,,2.0,,medium,Acute Care Hospitals,Government - State,Yes
010089,WALKER BAPTIST MEDICAL CENTER,JASPER,AL,35502,WALKER,156.0,155.0,151.0,,3.0,,medium,Acute Care Hospitals,Proprietary,Yes
010090,"USA HEALTH HCA PROVIDENCE HOSPITAL, LLC",MOBILE,AL,36608,MOBILE,213.0,212.0,,,6.0,,medium,Acute Care Hospitals,Voluntary non-profit - Church,Yes
010091,GROVE HILL MEMORIAL HOSPITAL,GROVE HILL,AL,36451,CLARKE,175.0,166.0,179.0,328.0,2.0,,low,Acute Care Hospitals,Government - Hospital District or Authority,Yes
010092,DCH REGIONAL MEDICAL CENTER,TUSCALOOSA,AL,35401,TUSCALOOSA,238.0,237.0,521.0,,4.0,94.0,very high,Acute Care Hospitals,Government - Hospital District or Authority,Yes
010095,HALE COUNTY HOSPITAL,GREENSBORO,AL,36744,HALE,108.0,100.0,,223.0,4.0,,low,Acute Care Hospitals,Government - Hospital District or Authority,Yes
010097,ELMORE COMMUNITY HOSPITAL,WETUMPKA,AL,36092,ELMORE,115.0,110.0,,182.0,3.0,,low,Acute Care Hospitals,Proprietary,Yes
010099,D W MCMILLAN MEMORIAL HOSPITAL,BREWTON,AL,36426,ESCAMBIA,176.0,166.0,226.0,388.0,4.0,,low,Acute Care Hospitals,Government - Hospital District or Authority,Yes
010100,THOMAS HOSPITAL,FAIRHOPE,AL,36532,BALDWIN,190.0,188.0,206.0,,5.0,,medium,Acute Care Hospitals,Voluntary non-profit - Private,Yes
010101,CITIZENS BAPTIST MEDICAL CENTER,TALLADEGA,AL,35160,TALLADEGA,119.0,118.0,113.0,290.0,1.0,,low,Acute Care Hospitals,Voluntary non-profit - Private,Yes
010103,PRINCETON BAPTIST MEDICAL CENTER,BIRMINGHAM,AL,35211,JEFFERSON,166.0,164.0,217.0,,1.0,,medium,Acute Care Hospitals,Voluntary non-profit - Church,Yes
010104,GRANDVIEW MEDICAL CENTER,BIRMINGHAM,AL,35243,JEFFERSON,172.0,174.0,82.0,,1.0,,very high,Acute Care Hospitals,Proprietary,Yes
010108,PRATTVILLE BAPTIST HOSPITAL,PRATTVILLE,AL,36067,AUTAUGA,209.0,204.0,,378.0,6.0,,medium,Acute Care Hospitals,Government - Hospital District or Authority,Yes
010110,BULLOCK COUNTY HOSPITAL,UNION SPRINGS,AL,36089,BULLOCK,,,,,,,,Acute Care Hospitals,Proprietary,Yes
010112,WHITFIELD REGIONAL HOSPITAL,DEMOPOLIS,AL,36732,MARENGO,124.0,119.0,162.0,332.0,0.0,,low,Acute Care Hospitals,Government - Hospital District or Authority,Yes
010113,MOBILE INFIRMARY MEDICAL CENTER,MOBILE,AL,36607,MOBILE,188.0,185.0,,,4.0,,medium,Acute Care Hospitals,Voluntary non-profit - Private,Yes
010114,"MEDICAL WEST, AN AFFILIATE OF UAB HEALTH SYSTEM",BESSEMER,AL,35022,JEFFERSON,148.0,147.0,153.0,,2.0,86.0,medium,Acute Care Hospitals,Government - Hospital District or Authority,Yes
010118,VAUGHAN REGIONAL MEDICAL CENTER PARKWAY CAMPUS,SELMA,AL,36701,DALLAS,170.0,164.0,764.0,357.0,2.0,,medium,Acute Care Hospitals,Proprietary,Yes
010125,LAKELAND COMMUNITY HOSPITAL,HALEYVILLE,AL,35565,WINSTON,103.0,96.0,,331.0,2.0,,low,Acute Care Hospitals,Proprietary,Yes
010126,TROY REGIONAL MEDICAL CENTER,TROY,AL,36081,PIKE,116.0,112.0,,264.0,1.0,,medium,Acute Care Hospitals,Government - Federal,Yes
010128,JACKSON MEDICAL CENTER,JACKSON,AL,36545,CLARKE,133.0,124.0,,218.0,6.0,,low,Acute Care Hospitals,Proprietary,Yes
010129,NORTH BALDWIN INFIRMARY,BAY MINETTE,AL,36507,BALDWIN,188.0,180.0,,302.0,4.0,,low,Acute Care Hospitals,Voluntary non-profit - Private,Yes
010130,ST VINCENT'S ST CLAIR,PELL CITY,AL,35125,ST. CLAIR,160.0,154.0,,417.0,,71.0,,Acute Care Hospitals,Voluntary non-profit - Private,Yes
010131,CRESTWOOD MEDICAL CENTER,HUNTSVILLE,AL,35801,MADISON,166.0,164.0,,,0.0,,high,Acute Care Hospitals,Proprietary,Yes
010138,HILL HOSPITAL OF SUMTER COUNTY,YORK,AL,36925,SUMTER,141.0,141.0,,,2.0,,low,Acute Care Hospitals,Government - Hospital District or Authority,Yes
010139,BAPTIST HEALTH BROOKWOOD HOSPITAL,BIRMINGHAM,AL,35209,JEFFERSON,161.0,158.0,212.0,,2.0,,medium,Acute Care Hospitals,Proprietary,Yes
010144,SPRINGHILL MEDICAL CENTER,MOBILE,AL,36608,MOBILE,147.0,147.0,,,2.0,67.0,high,Acute Care Hospitals,Proprietary,Yes
010148,EVERGREEN MEDICAL CENTER,EVERGREEN,AL,36401,CONECUH,122.0,118.0,,277.0,2.0,,low,Acute Care Hospitals,Proprietary,Yes
010149,BAPTIST MEDICAL CENTER EAST,MONTGOMERY,AL,36117,MONTGOMERY,245.0,239.0,382.0,,6.0,,high,Acute Care Hospitals,Government - Hospital District or Authority,Yes
010150,THE HEALTH CARE AUTHORITY OF THE CITY OF GREENVILLE- LV STABLER HOSPITAL,GREENVILLE,AL,36037,BUTLER,116.0,115.0,154.0,258.0,1.0,,low,Acute Care Hospitals,Proprietary,Yes
010157,NORTH ALABAMA SHOALS HOSPITAL,MUSCLE SHOALS,AL,35661,COLBERT,109.0,103.0,160.0,234.0,1.0,,low,Acute Care Hospitals,Proprietary,Yes
010158,RUSSELLVILLE HOSPITAL,RUSSELLVILLE,AL,35653,FRANKLIN,103.0,101.0,,272.0,1.0,,low,Acute Care Hospitals,Proprietary,Yes
010164,COOSA VALLEY MEDICAL CENTER,SYLACAUGA,AL,35150,TALLADEGA,126.0,124.0,,268.0,0.0,,medium,Acute Care Hospitals,Government - Hospital District or Authority,Yes
010168,JACK HUGHSTON MEMORIAL HOSPITAL,PHENIX CITY,AL,36867,RUSSELL,134.0,129.0,,339.0,1.0,,low,Acute Care Hospitals,Government - State,Yes
010169,ATMORE COMMUNITY HOSPITAL,ATMORE,AL,36502,ESCAMBIA,129.0,126.0,,235.0,3.0,,low,Acute Care Hospitals,Government - Hospital District or Authority,Yes
010173,ST VINCENT'S CHILTON,CLANTON,AL,35045,CHILTON,175.0,164.0,,415.0,,62.0,,Acute Care Hospitals,Voluntary non-profit - Church,Yes
010779,BULLOCK COUNTY HOSPITAL,UNION SPRINGS,AL,36089,BULLOCK,,,,,,,,Rural Emergency Hospital,Proprietary,Yes
010780,EAMC - LANIER,VALLEY,AL,36854,CHAMBERS,,,,,,,,Rural Emergency Hospital,Government - Hospital District or Authority,Yes
010781,J PAUL JONES HOSPITAL,CAMDEN,AL,36726,WILCOX,,,,,,,,Rural Emergency Hospital,Government - Local,Yes
011300,WASHINGTON COUNTY HOSPITAL,CHATOM,AL,36518,WASHINGTON,,,,,,,,Critical Access Hospitals,Government - Local,Yes
011302,RED BAY HOSPITAL,RED BAY,AL,35582,FRANKLIN,133.0,131.0,,300.0,1.0,,low,Critical Access Hospitals,Government - Hospital District or Authority,Yes
011304,OCHSNER CHOCTAW GENERAL,BUTLER,AL,36904,CHOCTAW,129.0,119.0,,322.0,1.0,,low,Critical Access Hospitals,Voluntary non-profit - Private,Yes
011305,ST VINCENTS BLOUNT,ONEONTA,AL,35121,BLOUNT,143.0,132.0,144.0,382.0,2.0,,low,Critical Access Hospitals,Voluntary non-profit - Private,No
011306,TANNER MEDICAL CENTER-EAST ALABAMA,WEDOWEE,AL,36278,RANDOLPH,104.0,96.0,,274.0,0.0,,low,Critical Access Hospitals,Government - Hospital District or Authority,Yes
011307,MEDICAL CENTER BARBOUR,EUFAULA,AL,36027,BARBOUR,179.0,157.0,184.0,213.0,8.0,,low,Critical Access Hospitals,Government - Hospital District or Authority,Yes
011308,CRENSHAW COMMUNITY HOSPITAL,LUVERNE,AL,36049,CRENSHAW,105.0,108.0,,,,,,Critical Access Hospitals,Government - Hospital District or Authority,Yes
011309,WIREGRASS MEDICAL CENTER,GENEVA,AL,36340,GENEVA,59.0,59.0,,,,,,Critical Access Hospitals,Government - Hospital District or Authority,Yes
011311,LAKELAND COMMUNITY HOSPITAL,HALEYVILLE,AL,35565,WINSTON,,,,,,,,Critical Access Hospitals,Proprietary,Yes
013300,THE CHILDREN'S HOSPITAL OF ALABAMA,BIRMINGHAM,AL,35233,JEFFERSON,,,,,,,,Childrens,Voluntary non-profit - Private,Yes
013301,USA HEALTH CHILDREN'S & WOMEN'S HOSPITAL,MOBILE,AL,36604,MOBILE,,,,,,,,Childrens,Government - State,Yes
020001,PROVIDENCE ALASKA MEDICAL CENTER,ANCHORAGE,AK,99508,ANCHORAGE,185.0,181.0,276.0,,3.0,67.0,high,Acute Care Hospitals,Voluntary non-profit - Church,Yes
020006,MAT-SU REGIONAL MEDICAL CENTER,PALMER,AK,99645,MATANUSKA-SUSITNA,140.0,134.0,196.0,,0.0,60.0,medium,Acute Care Hospitals,Voluntary non-profit - Other,Yes
020008,BARTLETT REGIONAL HOSPITAL,JUNEAU,AK,99801,JUNEAU,170.0,169.0,172.0,,1.0,71.0,low,Acute Care Hospitals,Government - Local,Yes
020012,FAIRBANKS MEMORIAL HOSPITAL,FAIRBANKS,AK,99701,FAIRBANKS NORTH STAR,175.0,172.0,245.0,,1.0,70.0,medium,Acute Care Hospitals,Voluntary non-profit - Private,Yes
020017,ALASKA REGIONAL HOSPITAL,ANCHORAGE,AK,99508,ANCHORAGE,138.0,135.0,184.0,,0.0,,high,Acute Care Hospitals,Proprietary,Yes
020018,YUKON KUSKOKWIM DELTA REG HOSPITAL,BETHEL,AK,99559,BETHEL,,,,,,,,Acute Care Hospitals,Tribal,Yes
020024,CENTRAL PENINSULA GENERAL HOSPITAL,SOLDOTNA,AK,99669,KENAI PENINSULA,147.0,146.0,203.0,,1.0,,low,Acute Care Hospitals,Voluntary non-profit - Other,Yes
020026,ALASKA NATIVE MEDICAL CENTER,ANCHORAGE,AK,99508,ANCHORAGE,133.0,122.0,225.0,,3.0,,high,Acute Care Hospitals,Government - Federal,Yes
02013F,673rd Medical Group (Joint Base Elmendorf-Richardson),JBER,AK,99506,ANCHORAGE,,124.0,,,1.0,,medium,Acute Care - Department of Defense,Department of Defense,Yes
02014F,Bassett ACH (FT Wainwright),Fort Wainwright,AK,99703,FAIRBANKS NORTH STAR,,139.0,,,1.0,,low,Acute Care - Department of Defense,Department of Defense,Yes
021301,PROVIDENCE VALDEZ MEDICAL CENTER,VALDEZ,AK,99686,VALDEZ-CORDOVA,135.0,128.0,,294.0,0.0,,low,Critical Access Hospitals,Government - Local,Yes
021302,PROVIDENCE SEWARD HOSPITAL,SEWARD,AK,99664,KENAI PENINSULA,128.0,114.0,198.0,360.0,1.0,,low,Critical Access Hospitals,Government - Local,Yes
021304,PETERSBURG MEDICAL CENTER,PETERSBURG,AK,99833,PETERSBURG BOROUGH,122.0,126.0,94.0,,1.0,,low,Critical Access Hospitals,Government - Local,Yes
021305,SEARHC WRANGELL MEDICAL CENTER & LTC,WRANGELL,AK,99929,WRANGELL CITY AND BOROUGH,,,,,1.0,,low,Critical Access Hospitals,Tribal,Yes
021306,PROVIDENCE KODIAK ISLAND MEDICAL CTR,KODIAK,AK,99615,KODIAK ISLAND BOROUGH,114.0,109.0,180.0,275.0,0.0,,low,Critical Access Hospitals,Voluntary non-profit - Church,Yes
021307,CORDOVA COMMUNITY MEDICAL CENTER,CORDOVA,AK,99574,VALDEZ-CORDOVA,134.0,130.0,149.0,317.0,0.0,,low,Critical Access Hospitals,Government - Local,Yes
021308,NORTON SOUND REGIONAL HOSPITAL,NOME,AK,99762,NOME,,,,,,,,Critical Access Hospitals,Tribal,Yes
021309,BRISTOL BAY DBA KANAKANAK HOSPITAL,DILLINGHAM,AK,99576,DILLINGHAM,115.0,98.0,294.0,376.0,0.0,,low,Critical Access Hospitals,Voluntary non-profit - Private,Yes
021310,MANIILAQ HEALTH CENTER,KOTZEBUE,AK,99752,NORTHWEST ARTIC BOROUGH,,,,,1.0,,low,Critical Access Hospitals,Tribal,Yes
021311,PEACEHEALTH KETCHIKAN MEDICAL CENTER,KETCHIKAN,AK,99901,KETCHIKAN GATEWAY,133.0,130.0,130.0,330.0,0.0,,low,Critical Access Hospitals,Voluntary non-profit - Church,Yes
021312,SAMUEL SIMMONDS MEMORIAL HOSPITAL,BARROW,AK,99723,NORTH SLOPE BOROUH,,,,,,,,Critical Access Hospitals,Tribal,Yes
021313,SOUTH PENINSULA HOSPITAL,HOMER,AK,99603,KENAI PENINSULA,140.0,137.0,177.0,253.0,0.0,,low,Critical Access Hospitals,Voluntary non-profit - Private,Yes
021314,SOUTHEAST ALASKA REGIONAL HEALTH CONSORTIUM,SITKA,AK,99835,SITKA BOROUGH,,,,,1.0,,low,Critical Access Hospitals,Tribal,Yes
030002,BANNER - UNIVERSITY MEDICAL CENTER PHOENIX,PHOENIX,AZ,85006,MARICOPA,268.0,266.0,390.0,,3.0,,very high,Acute Care Hospitals,Voluntary non-profit - Other,Yes
030006,TUCSON MEDICAL CENTER,TUCSON,AZ,85712,PIMA,206.0,202.0,,,2.0,,very high,Acute Care Hospitals,Voluntary non-profit - Private,Yes
030007,VERDE VALLEY MEDICAL CENTER,COTTONWOOD,AZ,86326,YAVAPAI,171.0,165.0,187.0,282.0,3.0,83.0,medium,Acute Care Hospitals,Voluntary non-profit - Private,Yes
030010,ST. MARY'S HOSPITAL,TUCSON,AZ,85745,PIMA,181.0,176.0,400.0,295.0,5.0,87.0,high,Acute Care Hospitals,Voluntary non-profit - Private,Yes
030011,ST JOSEPH'S HOSPITAL,TUCSON,AZ,85711,PIMA,172.0,165.0,268.0,329.0,2.0,,medium,Acute Care Hospitals,Voluntary non-profit - Other,Yes
030012,YAVAPAI REGIONAL MEDICAL CENTER,PRESCOTT,AZ,86301,YAVAPAI,186.0,180.0,361.0,,4.0,67.0,very high,Acute Care Hospitals,Voluntary non-profit - Private,Yes
030013,YUMA REGIONAL MEDICAL CENTER,YUMA,AZ,85364,YUMA,194.0,192.0,409.0,,3.0,80.0,very high,Acute Care Hospitals,Voluntary non-profit - Private,Yes
030014,HONOR HEALTH JOHN C. LINCOLN MEDICAL CENTER,PHOENIX,AZ,85020,MARICOPA,193.0,190.0,,,2.0,83.0,very high,Acute Care Hospitals,Voluntary non-profit - Private,Yes
030016,BANNER CASA GRANDE MEDICAL CENTER,CASA GRANDE,AZ,85122,PINAL,181.0,174.0,270.0,331.0,0.0,67.0,high,Acute Care Hospitals,Voluntary non-profit - Other,Yes
030022,VALLEYWISE HEALTH MEDICAL CENTER,PHOENIX,AZ,85008,MARICOPA,200.0,197.0,455.0,,1.0,,very high,Acute Care Hospitals,Government - Local,No
030023,FLAGSTAFF MEDICAL CENTER,FLAGSTAFF,AZ,86001,COCONINO,215.0,214.0,264.0,,3.0,,high,Acute Care Hospitals,Voluntary non-profit - Private,Yes
030024,ST JOSEPHS HOSPITAL AND MEDICAL CENTER,PHOENIX,AZ,85013,MARICOPA,179.0,175.0,,,4.0,50.0,very high,Acute Care Hospitals,Voluntary non-profit - Church,Yes
030030,ABRAZO CENTRAL CAMPUS,PHOENIX,AZ,85015,MARICOPA,157.0,154.0,205.0,296.0,4.0,92.0,medium,Acute Care Hospitals,Physician,Yes
030036,CHANDLER REGIONAL MEDICAL CENTER,CHANDLER,AZ,85224,MARICOPA,141.0,142.0,,54.0,3.0,64.0,very high,Acute Care Hospitals,Voluntary non-profit - Private,Yes
030037,HONORHEALTH TEMPE MEDICAL CENTER,PHOENIX,AZ,85006,MARICOPA,154.0,150.0,152.0,,4.0,58.0,medium,Acute Care Hospitals,Proprietary,Yes
030038,HONORHEALTH SCOTTSDALE OSBORN MEDICAL CENTER,SCOTTSDALE,AZ,85251,MARICOPA,196.0,191.0,261.0,,3.0,50.0,high,Acute Care Hospitals,Proprietary,Yes
030043,CANYON VISTA MEDICAL CENTER,SIERRA VISTA,AZ,85635,COCHISE,209.0,201.0,186.0,477.0,1.0,51.0,medium,Acute Care Hospitals,Voluntary non-profit - Other,Yes
030055,KINGMAN REGIONAL MEDICAL CENTER,KINGMAN,AZ,86401,MOHAVE,212.0,209.0,291.0,410.0,3.0,57.0,high,Acute Care Hospitals,Government - Hospital District or Authority,Yes
030061,BANNER BOSWELL MEDICAL CENTER,SUN CITY,AZ,85351,MARICOPA,228.0,224.0,285.0,445.0,0.0,88.0,high,Acute Care Hospitals,Voluntary non-profit - Other,Yes
030062,SUMMIT HEALTHCARE REGIONAL MEDICAL CENTER,SHOW LOW,AZ,85901,NAVAJO,191.0,183.0,433.0,372.0,3.0,94.0,medium,Acute Care Hospitals,Voluntary non-profit - Private,Yes
030064,BANNER - UNIVERSITY MEDICAL CENTER TUCSON CAMPUS,TUCSON,AZ,85719,PIMA,314.0,311.0,584.0,,6.0,,very high,Acute Care Hospitals,Voluntary non-profit - Private,Yes
030065,BANNER DESERT MEDICAL CENTER,MESA,AZ,85202,MARICOPA,277.0,269.0,547.0,,2.0,,very high,Acute Care Hospitals,Voluntary non-profit - Private,Yes
030069,HAVASU REGIONAL MEDICAL CENTER,LAKE HAVASU CITY,AZ,86403,MOHAVE,242.0,233.0,306.0,620.0,3.0,59.0,medium,Acute Care Hospitals,Proprietary,Yes
030071,FORT DEFIANCE INDIAN HOSPITAL,FT. DEFIANCE,AZ,86504,APACHE,,,,,,,,Acute Care Hospitals,Tribal,Yes
030073,TUBA CITY REGIONAL HEALTH CARE CORPORATION,TUBA CITY,AZ,86045,COCONINO,153.0,144.0,342.0,418.0,4.0,,medium,Acute Care Hospitals,Voluntary non-profit - Other,No
030074,SELLS HOSPITAL,SELLS,AZ,85634,PIMA,,,,,,,,Acute Care Hospitals,Tribal,Yes
030078,PHOENIX INDIAN MEDICAL CENTER,PHOENIX,AZ,85016,MARICOPA,,,,,,,,Acute Care Hospitals,Government - Federal,No
030083,ABRAZO SCOTTSDALE CAMPUS,PHOENIX,AZ,85032,MARICOPA,157.0,154.0,274.0,274.0,2.0,81.0,medium,Acute Care Hospitals,Proprietary,Yes
030084,CHINLE COMPREHENSIVE HEALTH CARE FACILITY,CHINLE,AZ,86503,APACHE,,,,,,,,Acute Care Hospitals,Government - Federal,Yes
030085,NORTHWEST MEDICAL CENTER,TUCSON,AZ,85741,PIMA,232.0,224.0,579.0,490.0,3.0,60.0,medium,Acute Care Hospitals,Proprietary,Yes
030087,HONORHEALTH SCOTTSDALE SHEA MEDICAL CENTER,SCOTTSDALE,AZ,85260,MARICOPA,183.0,180.0,343.0,,2.0,56.0,very high,Acute Care Hospitals,Proprietary,Yes
030088,BANNER BAYWOOD MEDICAL CENTER,MESA,AZ,85206,MARICOPA,275.0,259.0,305.0,401.0,2.0,86.0,high,Acute Care Hospitals,Voluntary non-profit - Private,Yes
030089,BANNER THUNDERBIRD MEDICAL CENTER,GLENDALE,AZ,85306,MARICOPA,237.0,234.0,361.0,,3.0,86.0,very high,Acute Care Hospitals,Government - Hospital District or Authority,No
030092,HONORHEALTH DEER VALLEY MEDICAL CENTER,PHOENIX,AZ,85027,MARICOPA,194.0,194.0,254.0,,3.0,71.0,high,Acute Care Hospitals,Voluntary non-profit - Private,Yes
030093,BANNER DEL E. WEBB MEDICAL CENTER,SUN CITY WEST,AZ,85375,MARICOPA,231.0,230.0,289.0,202.0,1.0,66.0,high,Acute Care Hospitals,Voluntary non-profit - Private,Yes
030094,ABRAZO ARROWHEAD HOSPITAL,GLENDALE,AZ,85308,MARICOPA,136.0,132.0,180.0,269.0,1.0,81.0,high,Acute Care Hospitals,Proprietary,Yes
030101,WESTERN ARIZONA REGIONAL MEDICAL CENTER,BULLHEAD CITY,AZ,86442,MOHAVE,132.0,127.0,248.0,366.0,0.0,82.0,medium,Acute Care Hospitals,Proprietary,Yes
030103,MAYO CLINIC HOSPITAL,PHOENIX,AZ,85054,MARICOPA,202.0,202.0,,,0.0,42.0,high,Acute Care Hospitals,Voluntary non-profit - Private,Yes
030105,BANNER HEART HOSPITAL,MESA,AZ,85206,MARICOPA,,,,,,,,Acute Care Hospitals,Voluntary non-profit - Private,No
030107,ARIZONA SPINE AND JOINT HOSPITAL,MESA,AZ,85206,MARICOPA,,,,,,,,Acute Care Hospitals,Physician,No
030108,THE CORE INSTITUTE SPECIALTY HOSP,PHOENIX,AZ,85015,MARICOPA,,,,,,,,Acute Care Hospitals,Physician,No
030110,ABRAZO WEST CAMPUS,GOODYEAR,AZ,85395,MARICOPA,174.0,173.0,,,2.0,,very high,Acute Care Hospitals,Proprietary,Yes
030111,BANNER-UNIVERSITY MEDICAL CENTER SOUTH CAMPUS,TUCSON,AZ,85713,PIMA,270.0,260.0,350.0,729.0,11.0,,high,Acute Care Hospitals,Voluntary non-profit - Private,Yes
030112,ARIZONA ORTHOPEDIC AND SURGICAL SPECIALTY HOSPITAL,PHOENIX,AZ,85008,MARICOPA,,,,,,,,Acute Care Hospitals,Proprietary,No
030113,WHITERIVER PHS INDIAN HOSPITAL,WHITERIVER,AZ,85941,NAVAJO,,,,,,,,Acute Care Hospitals,Government - Federal,No
030114,ORO VALLEY HOSPITAL,ORO VALLEY,AZ,85755,PIMA,146.0,138.0,,412.0,0.0,80.0,medium,Acute Care Hospitals,Proprietary,Yes
030115,BANNER ESTRELLA MEDICAL CENTER,PHOENIX,AZ,85037,MARICOPA,244.0,236.0,334.0,,3.0,80.0,very high,Acute Care Hospitals,Voluntary non-profit - Private,Yes
030117,VALLEY VIEW MEDICAL CENTER,FORT MOHAVE,AZ,86426,MOHAVE,166.0,152.0,214.0,327.0,2.0,36.0,low,Acute Care Hospitals,Proprietary,Yes
030119,MERCY GILBERT MEDICAL CENTER,GILBERT,AZ,85297,MARICOPA,220.0,215.0,318.0,,2.0,83.0,high,Acute Care Hospitals,Voluntary non-profit - Church,Yes
030121,HONORHEALTH FOUR PEAKS MEDICAL CENTER,MESA,AZ,85209,MARICOPA,186.0,180.0,194.0,335.0,5.0,71.0,medium,Acute Care Hospitals,Proprietary,Yes
030122,BANNER GATEWAY MEDICAL CENTER,GILBERT,AZ,85234,MARICOPA,236.0,224.0,,376.0,1.0,,high,Acute Care Hospitals,Voluntary non-profit - Other,Yes
030123,HONORHEALTH SCOTTSDALE THOMPSON PEAK MED CTR,SCOTTSDALE,AZ,85255,MARICOPA,170.0,169.0,,,2.0,71.0,medium,Acute Care Hospitals,Voluntary non-profit - Private,Yes
030130,BANNER IRONWOOD MEDICAL CENTER,QUEEN CREEK,AZ,85140,PINAL,224.0,221.0,356.0,296.0,3.0,47.0,medium,Acute Care Hospitals,Voluntary non-profit - Private,Yes
030134,BANNER GOLDFIELD MEDICAL CENTER,APACHE JUNCTION,AZ,85120,PINAL,166.0,146.0,297.0,410.0,1.0,,low,Acute Care Hospitals,Voluntary non-profit - Other,Yes
030136,DIGNITY HEALTH - ARIZONA GENERAL HOSPITAL,LAVEEN,AZ,85339,MARICOPA,107.0,104.0,,346.0,2.0,62.0,very high,Acute Care Hospitals,Proprietary,No
030138,CITY OF HOPE CANCER CENTER PHOENIX,GOODYEAR,AZ,85338,MARICOPA,,,,,,,,Acute Care Hospitals,Proprietary,No
030139,DIGNITY HEALTH ARIZONA GENERAL HOSPITAL,MESA,AZ,85212,MARICOPA,99.0,92.0,,246.0,1.0,50.0,very high,Acute Care Hospitals,Voluntary non-profit - Private,Yes
030146,HONORHEALTH SONORAN CROSSING MEDICAL CENTER,PHOENIX,AZ,85085,MARICOPA,203.0,200.0,,,2.0,,medium,Acute Care Hospitals,Voluntary non-profit - Private,Yes
030147,BANNER OCOTILLO MEDICAL CENTER,CHANDLER,AZ,85286,MARICOPA,184.0,180.0,404.0,,0.0,,medium,Acute Care Hospitals,Voluntary non-profit - Private,Yes
030148,NORTHWEST MEDICAL CENTER SAHUARITA,SAHUARITA,AZ,85629,PIMA,189.0,183.0,250.0,680.0,1.0,90.0,high,Acute Care Hospitals,Voluntary non-profit - Private,Yes
030152,EXCEPTIONAL COMMUNITY HOSPITAL - MARICOPA,MARICOPA,AZ,85139,PINAL,,,,,2.0,,low,Acute Care Hospitals,Proprietary,Yes
030153,EAST VALLEY ER & HOSPITAL,GILBERT,AZ,85295,MARICOPA,,,,,,,,Acute Care Hospitals,Proprietary,Yes
030154,EXCEPTIONAL COMMUNITY HOSPITAL YUMA,YUMA,AZ,85365,YUMA,,,,,1.0,,low,Acute Care Hospitals,Proprietary,Yes
030155,EXCEPTIONAL COMMUNITY HOSPITAL BULLHEAD CITY,BULLHEAD CITY,AZ,86442,MOHAVE,,,,,1.0,,low,Acute Care Hospitals,Proprietary,Yes
030195,KAYENTA ALTERNATIVE RURAL HOSPITAL,KAYENTA,AZ,86033,NAVAJO,,,,,,,,Acute Care Hospitals,Government - Federal,Yes
030196,EXCEPTIONAL COMMUNITY HOSPITAL PRESCOTT,PRESCOTT,AZ,86302,YAVAPAI,,,,,,,,Acute Care Hospitals,Proprietary,Yes
031300,WICKENBURG COMMUNITY HOSPITAL,WICKENBURG,AZ,85390,MARICOPA,168.0,156.0,,290.0,1.0,,low,Critical Access Hospitals,Voluntary non-profit - Other,Yes
031301,BENSON HOSPITAL,BENSON,AZ,85602,COCHISE,165.0,155.0,,270.0,,,,Critical Access Hospitals,Voluntary non-profit - Private,Yes
031302,"NORTHERN COCHISE COMMUNITY HOSPITAL, INC.",WILLCOX,AZ,85643,COCHISE,,,,,1.0,,low,Critical Access Hospitals,Voluntary non-profit - Private,Yes
031304,PAGE HOSPITAL,PAGE,AZ,86040,COCONINO,83.0,78.0,92.0,189.0,1.0,,low,Critical Access Hospitals,Government - Hospital District or Authority,Yes
031305,HOPI HEALTH CARE CENTER,POLACCA,AZ,86042,NAVAJO,,,,,,,,Critical Access Hospitals,Tribal,No
031307,PARKER INDIAN HEALTH CENTER,PARKER,AZ,85344,LAPAZ,,,,,,,,Critical Access Hospitals,Government - Federal,Yes
031308,HUHU KAM MEMORIAL HOSPITAL,SACATON,AZ,85147,PINAL,135.0,129.0,230.0,328.0,1.0,,medium,Critical Access Hospitals,Government - Federal,Yes
031309,SAGE MEMORIAL HOSPITAL,GANADO,AZ,86505,APACHE,,,,,3.0,,low,Critical Access Hospitals,Voluntary non-profit - Private,No
031311,LITTLE COLORADO MEDICAL CENTER,WINSLOW,AZ,86047,NAVAJO,144.0,132.0,320.0,358.0,1.0,,low,Critical Access Hospitals,Voluntary non-profit - Private,Yes
031312,COPPER QUEEN COMMUNITY HOSPITAL,BISBEE,AZ,85603,COCHISE,128.0,120.0,95.0,301.0,,54.0,,Critical Access Hospitals,Voluntary non-profit - Private,Yes
031313,HOLY CROSS HOSPITAL,NOGALES,AZ,85621,SANTA CRUZ,153.0,144.0,161.0,360.0,1.0,,low,Critical Access Hospitals,Proprietary,Yes
031314,COBRE VALLEY REGIONAL MEDICAL CENTER,GLOBE,AZ,85501,GILA,126.0,118.0,164.0,459.0,1.0,,low,Critical Access Hospitals,Voluntary non-profit - Private,Yes
031315,WHITE MOUNTAIN REGIONAL MEDICAL CENTER,SPRINGERVILLE,AZ,85938,APACHE,152.0,134.0,,321.0,0.0,,low,Critical Access Hospitals,Voluntary non-profit - Private,Yes
031317,LA PAZ REGIONAL HOSPITAL,PARKER,AZ,85344,LAPAZ,,,,,1.0,,low,Critical Access Hospitals,Voluntary non-profit - Private,Yes
031318,BANNER PAYSON MEDICAL CENTER,PAYSON,AZ,85541,GILA,152.0,142.0,170.0,287.0,1.0,83.0,low,Critical Access Hospitals,Voluntary non-profit - Other,No
031319,MT. GRAHAM REGIONAL MEDICAL CENTER,SAFFORD,AZ,85546,GRAHAM,150.0,146.0,159.0,362.0,2.0,,medium,Critical Access Hospitals,Government - Hospital District or Authority,Yes
031320,SAN CARLOS APACHE HEALTHCARE CORPORATION,PERIDOT,AZ,85542,GILA,,,,,,,,Critical Access Hospitals,Tribal,Yes
033302,PHOENIX CHILDREN'S HOSPITAL,PHOENIX,AZ,85016,MARICOPA,,,,,,,,Childrens,Voluntary non-profit - Private,No
040001,SILOAM SPRINGS REGIONAL HOSPITAL,SILOAM SPRINGS,AR,72761,BENTON,86.0,82.0,185.0,214.0,1.0,84.0,medium,Acute Care Hospitals,Proprietary,Yes
040002,JOHNSON REGIONAL MEDICAL CENTER,CLARKSVILLE,AR,72830,JOHNSON,150.0,143.0,201.0,246.0,2.0,61.0,low,Acute Care Hospitals,Voluntary non-profit - Private,Yes
040004,WASHINGTON REGIONAL MEDICAL CENTER,FAYETTEVILLE,AR,72703,WASHINGTON,224.0,222.0,281.0,,1.0,,high,Acute Care Hospitals,Voluntary non-profit - Private,Yes
040007,CHI-ST VINCENT INFIRMARY,LITTLE ROCK,AR,72205,PULASKI,179.0,173.0,254.0,,1.0,,medium,Acute Care Hospitals,Voluntary non-profit - Private,Yes
040010,MERCY HOSPITAL NORTHWEST ARKANSAS,ROGERS,AR,72758,BENTON,165.0,165.0,209.0,,2.0,85.0,very high,Acute Care Hospitals,Voluntary non-profit - Private,Yes
040011,CHAMBERS MEMORIAL HOSPITAL,DANVILLE,AR,72833,YELL,97.0,90.0,,236.0,1.0,,low,Acute Care Hospitals,Voluntary non-profit - Private,Yes
040014,WHITE COUNTY MEDICAL CENTER,SEARCY,AR,72143,WHITE,194.0,182.0,270.0,288.0,5.0,80.0,medium,Acute Care Hospitals,Voluntary non-profit - Private,Yes
040016,University of Arkansas Medical Sciences,LITTLE ROCK,AR,72205,PULASKI,285.0,285.0,282.0,,5.0,,very high,Acute Care Hospitals,Government - State,Yes
040017,NORTH ARKANSAS REGIONAL MEDICAL CENTER,HARRISON,AR,72601,BOONE,152.0,149.0,276.0,176.0,4.0,84.0,medium,Acute Care Hospitals,Voluntary non-profit - Private,Yes
040018,BAPTIST HEALTH - VAN BUREN,VAN BUREN,AR,72956,CRAWFORD,74.0,71.0,,178.0,1.0,,low,Acute Care Hospitals,Voluntary non-profit - Private,Yes
040019,FORREST CITY MEDICAL CENTER,FORREST CITY,AR,72335,ST. FRANCIS,158.0,150.0,213.0,328.0,2.0,42.0,low,Acute Care Hospitals,Proprietary,Yes
040020,ST BERNARDS MEDICAL CENTER,JONESBORO,AR,72401,CRAIGHEAD,211.0,211.0,237.0,172.0,1.0,93.0,high,Acute Care Hospitals,Voluntary non-profit - Private,Yes
040022,NORTHWEST MEDICAL CENTER-SPRINGDALE,SPRINGDALE,AR,72764,WASHINGTON,127.0,126.0,,,1.0,69.0,medium,Acute Care Hospitals,Proprietary,Yes
040026,CHI ST. VINCENT HOSPITAL HOT SPRINGS,HOT SPRINGS,AR,71903,GARLAND,182.0,176.0,311.0,,2.0,89.0,high,Acute Care Hospitals,Voluntary non-profit - Private,Yes
040027,BAXTER HEALTH,MOUNTAIN HOME,AR,72653,BAXTER,177.0,184.0,,159.0,3.0,62.0,medium,Acute Care Hospitals,Voluntary non-profit - Private,Yes
040029,"CONWAY REGIONAL MEDICAL CENTER, INC",CONWAY,AR,72034,FAULKNER,180.0,178.0,180.0,,4.0,65.0,medium,Acute Care Hospitals,Voluntary non-profit - Private,Yes
040036,BAPTIST HEALTH MEDICAL CENTER NORTH LITTLE ROCK,NORTH LITTLE ROCK,AR,72117,PULASKI,186.0,186.0,248.0,128.0,6.0,71.0,high,Acute Care Hospitals,Voluntary non-profit - Private,Yes
040039,ARKANSAS METHODIST MEDICAL CENTER,PARAGOULD,AR,72450,GREENE,178.0,165.0,236.0,251.0,4.0,79.0,medium,Acute Care Hospitals,Voluntary non-profit - Private,Yes
040041,ST MARYS REGIONAL MEDICAL CENTER,RUSSELLVILLE,AR,72801,POPE,161.0,156.0,152.0,336.0,3.0,89.0,medium,Acute Care Hospitals,Proprietary,Yes
040050,OUACHITA COUNTY MEDICAL CENTER,CAMDEN,AR,71701,OUACHITA,156.0,142.0,168.0,271.0,3.0,,low,Acute Care Hospitals,Voluntary non-profit - Private,Yes
040051,BAPTIST HEALTH MEDICAL CENTER-DREW COUNTY,MONTICELLO,AR,71655,DREW,134.0,122.0,156.0,220.0,4.0,92.0,low,Acute Care Hospitals,Voluntary non-profit - Private,Yes
040055,BAPTIST HEALTH - FORT SMITH,FORT SMITH,AR,72901,SEBASTIAN,134.0,124.0,166.0,220.0,2.0,62.0,high,Acute Care Hospitals,Voluntary non-profit - Private,Yes
040062,MERCY HOSPITAL FORT SMITH,FORT SMITH,AR,72903,SEBASTIAN,229.0,228.0,284.0,,3.0,49.0,very high,Acute Care Hospitals,Voluntary non-profit - Private,Yes
040069,GREAT RIVER MEDICAL CENTER,BLYTHEVILLE,AR,72315,MISSISSIPPI,144.0,130.0,126.0,342.0,3.0,,low,Acute Care Hospitals,Government - Local,Yes
040071,JEFFERSON REGIONAL MEDICAL CENTER,PINE BLUFF,AR,71603,JEFFERSON,209.0,198.0,280.0,319.0,4.0,76.0,medium,Acute Care Hospitals,Voluntary non-profit - Private,Yes
040072,BAPTIST HEALTH MEDICAL CENTER-STUTTGART,STUTTGART,AR,72160,ARKANSAS,113.0,106.0,184.0,183.0,3.0,,low,Acute Care Hospitals,Voluntary non-profit - Private,Yes
040076,BAPTIST HEALTH MEDICAL CENTER-HOT SPRINGS COUNTY,MALVERN,AR,72104,HOT SPRING,112.0,100.0,176.0,225.0,2.0,,low,Acute Care Hospitals,Voluntary non-profit - Private,Yes
040078,NATIONAL PARK MEDICAL CENTER,HOT SPRINGS,AR,71901,GARLAND,156.0,153.0,215.0,,1.0,,medium,Acute Care Hospitals,Proprietary,Yes
040084,SALINE MEMORIAL HOSPITAL,BENTON,AR,72015,SALINE,160.0,158.0,192.0,322.0,1.0,,medium,Acute Care Hospitals,Proprietary,Yes
040088,SOUTH ARKANSAS REGIONAL HOSPITAL LLC,EL DORADO,AR,71730,UNION,109.0,102.0,,240.0,1.0,68.0,medium,Acute Care Hospitals,Proprietary,Yes
040114,BAPTIST HEALTH MEDICAL CENTER-LITTLE ROCK,LITTLE ROCK,AR,72205,PULASKI,142.0,140.0,228.0,,2.0,73.0,very high,Acute Care Hospitals,Voluntary non-profit - Private,Yes
040118,"BAPTIST MEMORIAL HOSPITAL JONESBORO, INC.",JONESBORO,AR,72405,CRAIGHEAD,130.0,128.0,173.0,204.0,0.0,91.0,high,Acute Care Hospitals,Voluntary non-profit - Private,Yes
040119,WHITE RIVER MEDICAL CENTER,BATESVILLE,AR,72503,INDEPENDENCE,145.0,134.0,,239.0,2.0,61.0,medium,Acute Care Hospitals,Voluntary non-profit - Private,Yes
040132,LEVI HOSPITAL,HOT SPRINGS,AR,71901,GARLAND,,,,,0.0,,low,Acute Care Hospitals,Voluntary non-profit - Private,Yes
040134,"ARKANSAS HEART HOSPITAL, LLC",LITTLE ROCK,AR,72211,PULASKI,245.0,238.0,,380.0,3.0,,low,Acute Care Hospitals,Proprietary,Yes
040137,ST VINCENT MEDICAL CENTER/NORTH,SHERWOOD,AR,72120,PULASKI,137.0,128.0,,292.0,1.0,,low,Acute Care Hospitals,Voluntary non-profit - Church,Yes
040147,ARKANSAS SURGICAL HOSPITAL,NO LITTLE ROCK,AR,72118,PULASKI,152.0,150.0,,188.0,,,,Acute Care Hospitals,Physician,Yes
040153,SOUTHWEST REGIONAL MEDICAL CENTER LLC,HOPE,AR,71801,HEMPSTEAD,80.0,76.0,,,,,,Acute Care Hospitals,Proprietary,Yes
040154,BAPTIST HEALTH MEDICAL CENTER- CONWAY,CONWAY,AR,72032,FAULKNER,150.0,145.0,318.0,153.0,2.0,68.0,medium,Acute Care Hospitals,Voluntary non-profit - Private,Yes
040156,"BAPTIST MEMORIAL HOSPITAL-CRITTENDEN, INC",WEST MEMPHIS,AR,72301,CRITTENDEN,155.0,139.0,308.0,389.0,4.0,62.0,medium,Acute Care Hospitals,Voluntary non-profit - Private,Yes
040161,ARKANSAS HEART HOSPITAL-ENCORE,BRYANT,AR,72019,SALINE,196.0,191.0,,788.0,2.0,,low,Acute Care Hospitals,Proprietary,Yes
040164,UNITY HEALTH - JACKSONVILLE,JACKSONVILLE,AR,72076,PULASKI,136.0,130.0,266.0,301.0,5.0,,low,Acute Care Hospitals,Voluntary non-profit - Private,Yes
040779,ST BERNARDS FIVE RIVERS MEDICAL CENTER,POCAHONTAS,AR,72455,RANDOLPH,,,,,,,,Rural Emergency Hospital,Voluntary non-profit - Private,Yes
040780,EUREKA SPRINGS HOSPITAL COMMISSION,EUREKA SPRINGS,AR,72632,CARROLL,,,,,,,,Rural Emergency Hospital,Government - Local,Yes
040781,HELENA REGIONAL MEDICAL CENTER,HELENA,AR,72342,PHILLIPS,,,,,,,,Rural Emergency Hospital,Proprietary,Yes
040782,SOUTH MISSISSIPPI COUNTY REGIONAL MEDICAL CENTER,OSCEOLA,AR,72370,MISSISSIPPI,,,,,,,,Rural Emergency Hospital,Government - Local,Yes
040783,"DEWITT HOSPITAL & NURSING HOME, INC",DE WITT,AR,72042,ARKANSAS,,,,,,,,Rural Emergency Hospital,Voluntary non-profit - Private,Yes
041300,MERCY HOSPITAL PARIS,PARIS,AR,72855,LOGAN,124.0,118.0,,253.0,1.0,,low,Critical Access Hospitals,Voluntary non-profit - Private,Yes
041302,DARDANELLE REGIONAL MEDICAL CENTER,DARDANELLE,AR,72834,YELL,80.0,74.0,123.0,186.0,1.0,,low,Critical Access Hospitals,Government - Local,Yes
041303,MERCY HOSPITAL OZARK,OZARK,AR,72949,FRANKLIN,115.0,109.0,,220.0,2.0,,low,Critical Access Hospitals,Voluntary non-profit - Private,Yes
041305,MERCY HOSPITAL WALDRON,WALDRON,AR,72958,SCOTT,82.0,73.0,,214.0,0.0,,low,Critical Access Hospitals,Voluntary non-profit - Private,Yes
041306,IZARD REGIONAL HOSPITAL LLC,CALICO ROCK,AR,72519,BAXTER,130.0,129.0,,162.0,0.0,,low,Critical Access Hospitals,Voluntary non-profit - Private,Yes
041307,CROSSRIDGE COMMUNITY HOSPITAL,WYNNE,AR,72396,CROSS,105.0,105.0,,,2.0,,low,Critical Access Hospitals,Voluntary non-profit - Private,Yes
041308,MCGEHEE HOSPITAL,MCGEHEE,AR,71654,DESHA,162.0,142.0,,331.0,0.0,,low,Critical Access Hospitals,Voluntary non-profit - Private,Yes
041309,LAWRENCE MEMORIAL HOSPITAL,WALNUT RIDGE,AR,72476,LAWRENCE,96.0,90.0,181.0,198.0,1.0,,low,Critical Access Hospitals,Voluntary non-profit - Private,Yes
041310,STONE COUNTY MEDICAL CENTER,MOUNTAIN VIEW,AR,72560,STONE,132.0,118.0,175.0,239.0,1.0,,low,Critical Access Hospitals,Voluntary non-profit - Private,Yes
041311,HOWARD MEMORIAL HOSPITAL,NASHVILLE,AR,71852,HOWARD,113.0,109.0,162.0,193.0,1.0,,low,Critical Access Hospitals,Voluntary non-profit - Private,Yes
041312,BAPTIST HEALTH MEDICAL CENTER HEBER SPRINGS,HEBER SPRINGS,AR,72543,CLEBURNE,123.0,110.0,232.0,246.0,1.0,74.0,low,Critical Access Hospitals,Voluntary non-profit - Private,Yes
041313,OZARK HEALTH,CLINTON,AR,72031,VAN BUREN,172.0,132.0,,268.0,1.0,,low,Critical Access Hospitals,Voluntary non-profit - Private,Yes
041317,DALLAS COUNTY MEDICAL CENTER,FORDYCE,AR,71742,DALLAS,86.0,82.0,132.0,198.0,1.0,,low,Critical Access Hospitals,Government - Local,Yes
041318,MERCY HOSPITAL BOONEVILLE,BOONEVILLE,AR,72927,LOGAN,78.0,72.0,,234.0,1.0,,low,Critical Access Hospitals,Voluntary non-profit - Private,Yes
041320,LITTLE RIVER MEMORIAL HOSPITAL,ASHDOWN,AR,71822,LITTLE RIVER,165.0,160.0,,254.0,3.0,,low,Critical Access Hospitals,Voluntary non-profit - Private,Yes
041321,BAPTIST HEALTH MEDICAL CENTER-ARKADELPHIA,ARKADELPHIA,AR,71923,CLARK,111.0,94.0,154.0,225.0,2.0,60.0,low,Critical Access Hospitals,Voluntary non-profit - Private,Yes
041322,BAXTER HEALTH FULTON COUNTY HOSPITAL,SALEM,AR,72576,FULTON,,,,,,,,Critical Access Hospitals,Government - Local,Yes
041323,ASHLEY COUNTY MEDICAL CENTER,CROSSETT,AR,71635,ASHLEY,112.0,106.0,145.0,173.0,,,,Critical Access Hospitals,Voluntary non-profit - Private,Yes
041324,CHI ST VINCENT MORRILTON,MORRILTON,AR,72110,CONWAY,102.0,98.0,109.0,211.0,0.0,,low,Critical Access Hospitals,Voluntary non-profit - Church,Yes
041326,DELTA MEMORIAL HOSPITAL,DUMAS,AR,71639,DESHA,113.0,112.0,,,0.0,,low,Critical Access Hospitals,Voluntary non-profit - Private,Yes
041327,BRADLEY COUNTY MEDICAL CENTER,WARREN,AR,71671,BRADLEY,130.0,126.0,225.0,238.0,1.0,,low,Critical Access Hospitals,Voluntary non-profit - Private,Yes
041328,CHICOT MEMORIAL MEDICAL CENTER,LAKE VILLAGE,AR,71653,CHICOT,110.0,102.0,,129.0,0.0,,low,Critical Access Hospitals,Voluntary non-profit - Private,Yes
041329,MERCY HOSPITAL BERRYVILLE,BERRYVILLE,AR,72616,CARROLL,123.0,114.0,200.0,261.0,1.0,,low,Critical Access Hospitals,Voluntary non-profit - Private,Yes
041330,PIGGOTT COMMUNITY HOSPITAL,PIGGOTT,AR,72454,CLAY,129.0,118.0,168.0,264.0,1.0,,low,Critical Access Hospitals,Government - Local,Yes
041331,OZARKS COMMUNITY HOSPITAL OF GRAVETTE,GRAVETTE,AR,72736,BENTON,,,,,0.0,,low,Critical Access Hospitals,Voluntary non-profit - Private,Yes
041332,UNITY HEALTH - NEWPORT,NEWPORT,AR,72112,JACKSON,114.0,103.0,265.0,295.0,0.0,67.0,low,Critical Access Hospitals,Government - Local,Yes
041333,SEVIER COUNTY MEDICAL CENTER,DE QUEEN,AR,71832,SEVIER,,,,,,,,Critical Access Hospitals,Government - Local,Yes
041334,MENA REGIONAL HEALTH SYSTEM,MENA,AR,71953,POLK,144.0,134.0,225.0,181.0,5.0,,low,Critical Access Hospitals,Voluntary non-profit - Other,Yes
041335,SOUTHWEST REGIONAL MEDICAL CENTER LLC,HOPE,AR,71801,HEMPSTEAD,,,,,,,,Critical Access Hospitals,Proprietary,Yes
043300,ARKANSAS CHILDREN'S HOSPITAL,LITTLE ROCK,AR,72202,PULASKI,,,,,,,,Childrens,Voluntary non-profit - Private,Yes
043301,"ARKANSAS CHILDREN'S NORTHWEST, INC",SPRINGDALE,AR,72762,WASHINGTON,,,,,,,,Childrens,Voluntary non-profit - Private,Yes
050002,ST ROSE HOSPITAL,HAYWARD,CA,94545,ALAMEDA,161.0,160.0,154.0,,3.0,,medium,Acute Care Hospitals,Voluntary non-profit - Church,No
050006,PROVIDENCE ST JOSEPH HOSPITAL,EUREKA,CA,95501,HUMBOLDT,180.0,174.0,357.0,,3.0,55.0,medium,Acute Care Hospitals,Voluntary non-profit - Private,Yes
050007,PENINSULA MEDICAL CENTER,BURLINGAME,CA,94010,SAN MATEO,178.0,176.0,272.0,,2.0,,high,Acute Care Hospitals,Voluntary non-profit - Private,Yes
050008,CALIFORNIA PACIFIC MEDICAL CTR-DAVIES CAMPUS HOSP,SAN FRANCISCO,CA,94117,SAN FRANCISCO,171.0,160.0,192.0,340.0,2.0,,low,Acute Care Hospitals,Voluntary non-profit - Other,No
050009,PROVIDENCE QUEEN OF THE VALLEY MEDICAL CENTER,NAPA,CA,94558,NAPA,156.0,152.0,215.0,441.0,2.0,68.0,medium,Acute Care Hospitals,Voluntary non-profit - Private,Yes
050013,ADVENTIST HEALTH ST HELENA,SAINT HELENA,CA,94574,NAPA,136.0,130.0,364.0,,1.0,,low,Acute Care Hospitals,Voluntary non-profit - Private,Yes
050014,SUTTER AMADOR HOSPITAL,JACKSON,CA,95642,AMADOR,140.0,136.0,260.0,468.0,2.0,91.0,medium,Acute Care Hospitals,Voluntary non-profit - Private,Yes
050017,MERCY GENERAL HOSPITAL,SACRAMENTO,CA,95819,SACRAMENTO,173.0,170.0,246.0,,1.0,77.0,high,Acute Care Hospitals,Voluntary non-profit - Private,Yes
050022,RIVERSIDE COMMUNITY HOSPITAL,RIVERSIDE,CA,92501,RIVERSIDE,198.0,189.0,,,1.0,,very high,Acute Care Hospitals,Proprietary,Yes
050024,PARADISE VALLEY HOSPITAL,NATIONAL CITY,CA,91950,SAN DIEGO,194.0,188.0,234.0,,4.0,88.0,medium,Acute Care Hospitals,Proprietary,Yes
050025,UC SAN DIEGO HEALTH HILLCREST - HILLCREST MED CTR,SAN DIEGO,CA,92103,SAN DIEGO,272.0,259.0,334.0,345.0,4.0,,very high,Acute Care Hospitals,Voluntary non-profit - Other,Yes
050026,GROSSMONT HOSPITAL,LA MESA,CA,91942,SAN DIEGO,194.0,196.0,166.0,,2.0,75.0,very high,Acute Care Hospitals,Government - Hospital District or Authority,Yes
050028,MAD RIVER COMMUNITY HOSPITAL,ARCATA,CA,95521,HUMBOLDT,134.0,122.0,338.0,314.0,6.0,,low,Acute Care Hospitals,Proprietary,Yes
050030,OROVILLE HOSPITAL,OROVILLE,CA,95966,BUTTE,256.0,243.0,466.0,,13.0,47.0,medium,Acute Care Hospitals,Voluntary non-profit - Private,Yes
050036,BAKERSFIELD MEMORIAL HOSPITAL,BAKERSFIELD,CA,93301,KERN,241.0,240.0,,,4.0,,very high,Acute Care Hospitals,Voluntary non-profit - Private,Yes
050038,SANTA CLARA VALLEY MEDICAL CENTER,SAN JOSE,CA,95128,SANTA CLARA,151.0,149.0,235.0,,0.0,70.0,very high,Acute Care Hospitals,Government - Local,Yes
050039,ENLOE HEALTH,CHICO,CA,95926,BUTTE,188.0,188.0,132.0,,3.0,85.0,very high,Acute Care Hospitals,Voluntary non-profit - Private,Yes
050040,LAC/OLIVE VIEW-UCLA MEDICAL CENTER,SYLMAR,CA,91342,LOS ANGELES,328.0,320.0,434.0,783.0,4.0,,very high,Acute Care Hospitals,Voluntary non-profit - Other,Yes
050042,ST ELIZABETH COMMUNITY HOSPITAL,RED BLUFF,CA,96080,TEHAMA,136.0,133.0,133.0,,1.0,93.0,medium,Acute Care Hospitals,Voluntary non-profit - Church,No
050043,ALTA BATES SUMMIT MEDICAL CENTER,OAKLAND,CA,94609,ALAMEDA,240.0,235.0,323.0,,2.0,,high,Acute Care Hospitals,Voluntary non-profit - Private,Yes
050045,EL CENTRO REGIONAL MEDICAL CENTER,EL CENTRO,CA,92243,IMPERIAL,280.0,279.0,265.0,584.0,5.0,57.0,medium,Acute Care Hospitals,Government - Local,Yes
050047,CALIFORNIA PACIFIC MEDICAL CENTER- VAN NESS CAMPUS,SAN FRANCISCO,CA,94109,SAN FRANCISCO,210.0,198.0,319.0,478.0,2.0,91.0,high,Acute Care Hospitals,Voluntary non-profit - Private,Yes
050054,SAN GORGONIO MEMORIAL HOSPITAL,BANNING,CA,92220,RIVERSIDE,198.0,194.0,314.0,272.0,4.0,63.0,high,Acute Care Hospitals,Government - Hospital District or Authority,Yes
050055,CALIFORNIA PACIFIC MEDICAL CENTER - MISSION BERNAL,SAN FRANCISCO,CA,94110,SAN FRANCISCO,216.0,204.0,342.0,,4.0,,medium,Acute Care Hospitals,Voluntary non-profit - Church,Yes
050056,ANTELOPE VALLEY HOSPITAL,LANCASTER,CA,93534,LOS ANGELES,266.0,264.0,316.0,,2.0,,very high,Acute Care Hospitals,Government - Hospital District or Authority,Yes
050057,KAWEAH HEALTH MEDICAL CENTER,VISALIA,CA,93291,TULARE,266.0,254.0,619.0,,2.0,74.0,very high,Acute Care Hospitals,Government - Hospital District or Authority,Yes
050058,GLENDALE MEM HOSPITAL & HLTH CENTER,GLENDALE,CA,91204,LOS ANGELES,196.0,196.0,,,4.0,,medium,Acute Care Hospitals,Voluntary non-profit - Private,Yes
050060,COMMUNITY REGIONAL MEDICAL CENTER,FRESNO,CA,93721,FRESNO,239.0,232.0,357.0,,2.0,,very high,Acute Care Hospitals,Voluntary non-profit - Private,Yes
050063,HOLLYWOOD PRESBYTERIAN MEDICAL CENTER,LOS ANGELES,CA,90027,LOS ANGELES,253.0,241.0,568.0,,4.0,,high,Acute Care Hospitals,Proprietary,Yes
050067,OAK VALLEY HOSPITAL DISTRICT,OAKDALE,CA,95361,STANISLAUS,144.0,140.0,,456.0,3.0,,medium,Acute Care Hospitals,Government - Hospital District or Authority,Yes
050069,PROVIDENCE ST. JOSEPH HOSPITAL,ORANGE,CA,92868,ORANGE,215.0,214.0,274.0,,2.0,87.0,very high,Acute Care Hospitals,Voluntary non-profit - Church,Yes
050070,KAISER FOUNDATION HOSPITAL - SOUTH SAN FRANCISCO,SOUTH SAN FRANCISCO,CA,94080,SAN MATEO,,,,,,,,Acute Care Hospitals,Voluntary non-profit - Private,Yes
050071,KAISER FOUNDATION HOSPITAL-SANTA CLARA,SANTA CLARA,CA,95051,SANTA CLARA,,,,,,,,Acute Care Hospitals,Voluntary non-profit - Private,Yes
050072,KAISER FOUNDATION HOSPITAL - WALNUT CREEK,WALNUT CREEK,CA,94596,CONTRA COSTA,,,,,,,,Acute Care Hospitals,Voluntary non-profit - Private,Yes
050073,KAISER FOUNDATION HOSPITAL AND REHAB CENTER,VALLEJO,CA,94589,SOLANO,,,,,,,,Acute Care Hospitals,Voluntary non-profit - Private,No
050075,KAISER FOUNDATION HOSPITAL - OAKLAND/RICHMOND,OAKLAND,CA,94611,ALAMEDA,,,,,,,,Acute Care Hospitals,Voluntary non-profit - Private,Yes
050076,KAISER FOUNDATION HOSPITAL - SAN FRANCISCO,SAN FRANCISCO,CA,94115,SAN FRANCISCO,,,,,,,,Acute Care Hospitals,Voluntary non-profit - Private,Yes
050077,SCRIPPS MERCY HOSPITAL,SAN DIEGO,CA,92103,SAN DIEGO,196.0,194.0,208.0,,3.0,87.0,very high,Acute Care Hospitals,Voluntary non-profit - Private,Yes
050078,PROVIDENCE LITTLE CO OF MARY MED CTR SAN PEDRO,SAN PEDRO,CA,90732,LOS ANGELES,172.0,169.0,202.0,,1.0,,medium,Acute Care Hospitals,Voluntary non-profit - Private,No
050082,ST JOHNS REGIONAL MEDICAL CENTER,OXNARD,CA,93030,VENTURA,165.0,165.0,221.0,310.0,1.0,75.0,very high,Acute Care Hospitals,Voluntary non-profit - Private,Yes
050084,ST JOSEPH'S MEDICAL CENTER OF STOCKTON,STOCKTON,CA,95204,SAN JOAQUIN,229.0,225.0,302.0,,2.0,88.0,very high,Acute Care Hospitals,Voluntary non-profit - Private,Yes
050089,COMMUNITY HOSPITAL OF SAN BERNARDINO,SAN BERNARDINO,CA,92411,SAN BERNARDINO,155.0,153.0,,,2.0,,very high,Acute Care Hospitals,Voluntary non-profit - Private,Yes
050090,SONOMA VALLEY HOSPITAL,SONOMA,CA,95476,SONOMA,140.0,119.0,252.0,315.0,1.0,100.0,low,Acute Care Hospitals,Government - Hospital District or Authority,Yes
050091,COMMUNITY HOSPITAL OF HUNTINGTON PARK,HUNTINGTON PARK,CA,90255,LOS ANGELES,218.0,209.0,546.0,728.0,4.0,,medium,Acute Care Hospitals,Proprietary,Yes
050093,SAINT AGNES MEDICAL CENTER,FRESNO,CA,93720,FRESNO,246.0,240.0,477.0,,2.0,73.0,very high,Acute Care Hospitals,Voluntary non-profit - Church,Yes
050099,SAN ANTONIO REGIONAL HOSPITAL,UPLAND,CA,91786,SAN BERNARDINO,255.0,257.0,209.0,,2.0,95.0,very high,Acute Care Hospitals,Voluntary non-profit - Other,Yes
050100,SHARP MEMORIAL HOSPITAL,SAN DIEGO,CA,92123,SAN DIEGO,200.0,197.0,216.0,,2.0,82.0,very high,Acute Care Hospitals,Voluntary non-profit - Private,Yes
050101,SUTTER SOLANO MEDICAL CENTER,VALLEJO,CA,94589,SOLANO,139.0,136.0,270.0,,1.0,89.0,medium,Acute Care Hospitals,Voluntary non-profit - Private,Yes
050102,PARKVIEW COMMUNITY HOSPITAL MEDICAL CENTER,RIVERSIDE,CA,92503,RIVERSIDE,175.0,172.0,200.0,456.0,1.0,53.0,high,Acute Care Hospitals,Proprietary,Yes
050103,ADVENTIST HEALTH WHITE MEMORIAL,LOS ANGELES,CA,90033,LOS ANGELES,200.0,199.0,182.0,,2.0,42.0,very high,Acute Care Hospitals,Voluntary non-profit - Church,No
050104,SAINT FRANCIS MEDICAL CENTER,LYNWOOD,CA,90262,LOS ANGELES,240.0,238.0,344.0,,1.0,82.0,very high,Acute Care Hospitals,Voluntary non-profit - Church,No
050107,MARIAN REGIONAL MEDICAL CENTER,SANTA MARIA,CA,93454,SANTA BARBARA,178.0,175.0,310.0,,3.0,76.0,very high,Acute Care Hospitals,Voluntary non-profit - Church,Yes
050108,"SUTTER MEDICAL CENTER, SACRAMENTO",SACRAMENTO,CA,95816,SACRAMENTO,193.0,192.0,203.0,,1.0,,very high,Acute Care Hospitals,Voluntary non-profit - Private,Yes
050110,LOMPOC VALLEY MEDICAL CENTER,LOMPOC,CA,93436,SANTA BARBARA,175.0,171.0,378.0,,4.0,75.0,medium,Acute Care Hospitals,Government - Hospital District or Authority,Yes
050112,SANTA MONICA - UCLA MED CTR & ORTHOPAEDIC HOSPITAL,SANTA MONICA,CA,90404,LOS ANGELES,226.0,224.0,442.0,,1.0,,high,Acute Care Hospitals,Voluntary non-profit - Private,Yes
050113,SAN MATEO MEDICAL CENTER,SAN MATEO,CA,94403,SAN MATEO,177.0,170.0,248.0,390.0,3.0,,high,Acute Care Hospitals,Government - Local,Yes
050115,PALOMAR HEALTH DOWNTOWN CAMPUS,ESCONDIDO,CA,92025,SAN DIEGO,235.0,231.0,294.0,,2.0,67.0,very high,Acute Care Hospitals,Government - Hospital District or Authority,Yes
050116,NORTHRIDGE HOSPITAL MEDICAL CENTER,NORTHRIDGE,CA,91325,LOS ANGELES,222.0,215.0,359.0,,1.0,,very high,Acute Care Hospitals,Voluntary non-profit - Private,Yes
050118,DOCTORS HOSPITAL OF MANTECA,MANTECA,CA,95336,SAN JOAQUIN,165.0,164.0,134.0,290.0,1.0,,medium,Acute Care Hospitals,Voluntary non-profit - Other,Yes
050121,ADVENTIST HEALTH HANFORD,HANFORD,CA,93230,KINGS,183.0,180.0,224.0,,1.0,64.0,very high,Acute Care Hospitals,Voluntary non-profit - Church,Yes
050122,DAMERON HOSPITAL,STOCKTON,CA,95203,SAN JOAQUIN,157.0,152.0,169.0,,3.0,,medium,Acute Care Hospitals,Voluntary non-profit - Other,Yes
050124,USC VERDUGO HILLS HOSPITAL,GLENDALE,CA,91208,LOS ANGELES,254.0,243.0,486.0,622.0,5.0,,medium,Acute Care Hospitals,Voluntary non-profit - Private,Yes
050126,VALLEY PRESBYTERIAN HOSPITAL,VAN NUYS,CA,91405,LOS ANGELES,209.0,208.0,233.0,280.0,4.0,,very high,Acute Care Hospitals,Voluntary non-profit - Other,Yes
050127,WOODLAND MEMORIAL HOSPITAL,WOODLAND,CA,95695,YOLO,115.0,110.0,165.0,498.0,1.0,94.0,medium,Acute Care Hospitals,Voluntary non-profit - Other,Yes
050128,TRI-CITY MEDICAL CENTER,OCEANSIDE,CA,92056,SAN DIEGO,257.0,248.0,324.0,,2.0,85.0,high,Acute Care Hospitals,Government - Hospital District or Authority,Yes
050129,ST BERNARDINE MEDICAL CENTER,SAN BERNARDINO,CA,92404,SAN BERNARDINO,177.0,176.0,164.0,,1.0,,very high,Acute Care Hospitals,Voluntary non-profit - Private,Yes
050131,NOVATO COMMUNITY HOSPITAL,NOVATO,CA,94945,MARIN,156.0,156.0,129.0,,2.0,,low,Acute Care Hospitals,Voluntary non-profit - Private,Yes
050132,SAN GABRIEL VALLEY MEDICAL CENTER,SAN GABRIEL,CA,91776,LOS ANGELES,140.0,138.0,452.0,,3.0,,medium,Acute Care Hospitals,Proprietary,Yes
050133,ADVENTIST HEALTH AND RIDEOUT,MARYSVILLE,CA,95901,YUBA,198.0,194.0,475.0,917.0,2.0,88.0,very high,Acute Care Hospitals,Government - Federal,Yes
050135,SOUTHERN CALIFORNIA HOSPITAL AT HOLLYWOOD,HOLLYWOOD,CA,90028,LOS ANGELES,242.0,237.0,305.0,480.0,2.0,,medium,Acute Care Hospitals,Proprietary,Yes
050136,PETALUMA VALLEY HOSPITAL,PETALUMA,CA,94954,SONOMA,180.0,170.0,274.0,344.0,2.0,84.0,medium,Acute Care Hospitals,Voluntary non-profit - Other,No
050137,KAISER FOUNDATION HOSPITAL - PANORAMA CITY,PANORAMA CITY,CA,91402,LOS ANGELES,,,,,,,,Acute Care Hospitals,Voluntary non-profit - Private,No
050138,KAISER FOUNDATION HOSPITAL - LOS ANGELES,LOS ANGELES,CA,90027,LOS ANGELES,,,,,,,,Acute Care Hospitals,Voluntary non-profit - Other,No
050139,KAISER FOUNDATION HOSPITAL - DOWNEY,DOWNEY,CA,90242,LOS ANGELES,,,,,,,,Acute Care Hospitals,Voluntary non-profit - Other,No
050140,KAISER FOUNDATION HOSPITAL FONTANA/ONTARIO,FONTANA,CA,92335,SAN BERNARDINO,,,,,,,,Acute Care Hospitals,Voluntary non-profit - Private,Yes
050145,COMMUNITY HOSPITAL OF THE MONTEREY PENINSULA,MONTEREY,CA,93940,MONTEREY,170.0,166.0,270.0,,0.0,86.0,very high,Acute Care Hospitals,Voluntary non-profit - Private,Yes
050149,CALIFORNIA HOSPITAL MEDICAL CENTER LA,LOS ANGELES,CA,90015,LOS ANGELES,254.0,254.0,,,2.0,,very high,Acute Care Hospitals,Voluntary non-profit - Other,Yes
050150,SIERRA NEVADA MEMORIAL HOSPITAL,GRASS VALLEY,CA,95945,NEVADA,147.0,145.0,148.0,,3.0,94.0,medium,Acute Care Hospitals,Voluntary non-profit - Other,Yes
050152,UCSF HEALTH SAINT FRANCIS HOSPITAL,SAN FRANCISCO,CA,94109,SAN FRANCISCO,146.0,138.0,173.0,,2.0,,medium,Acute Care Hospitals,Voluntary non-profit - Private,Yes
050158,ENCINO HOSPITAL MEDICAL CENTER,ENCINO,CA,91436,LOS ANGELES,138.0,134.0,226.0,,2.0,,low,Acute Care Hospitals,Proprietary,No
050159,VENTURA COUNTY MEDICAL CENTER,VENTURA,CA,93003,VENTURA,179.0,178.0,218.0,,4.0,,high,Acute Care Hospitals,Government - Local,Yes
05015F,60th Medical Group (Travis AFB),Travis AFB,CA,94535,SOLANO,,139.0,,,1.0,,low,Acute Care - Department of Defense,Department of Defense,Yes
050167,SAN JOAQUIN GENERAL HOSPITAL,FRENCH CAMP,CA,95231,SAN JOAQUIN,216.0,213.0,297.0,435.0,4.0,82.0,high,Acute Care Hospitals,Government - Local,Yes
050168,PROVIDENCE ST. JUDE MEDICAL CENTER,FULLERTON,CA,92835,ORANGE,264.0,263.0,217.0,,2.0,88.0,very high,Acute Care Hospitals,Voluntary non-profit - Church,Yes
050169,PIH HEALTH HOSPITAL-WHITTIER,WHITTIER,CA,90602,LOS ANGELES,242.0,237.0,,,5.0,,very high,Acute Care Hospitals,Voluntary non-profit - Private,Yes
050174,PROVIDENCE SANTA ROSA MEMORIAL HOSPITAL,SANTA ROSA,CA,95405,SONOMA,164.0,163.0,227.0,,2.0,71.0,high,Acute Care Hospitals,Voluntary non-profit - Private,Yes
050179,EMANUEL MEDICAL CENTER,TURLOCK,CA,95382,STANISLAUS,195.0,190.0,297.0,,2.0,75.0,very high,Acute Care Hospitals,Proprietary,Yes
050180,JOHN MUIR MEDICAL CENTER - WALNUT CREEK CAMPUS,WALNUT CREEK,CA,94598,CONTRA COSTA,172.0,171.0,,,1.0,58.0,very high,Acute Care Hospitals,Voluntary non-profit - Other,Yes
050191,ST MARY MEDICAL CENTER,LONG BEACH,CA,90813,LOS ANGELES,150.0,150.0,179.0,,2.0,,high,Acute Care Hospitals,Voluntary non-profit - Church,Yes
050192,ADVENTIST HEALTH REEDLEY,REEDLEY,CA,93654,FRESNO,147.0,144.0,,653.0,1.0,,medium,Acute Care Hospitals,Voluntary non-profit - Private,No
050194,WATSONVILLE COMMUNITY HOSPITAL,WATSONVILLE,CA,95076,SANTA CRUZ,184.0,170.0,208.0,304.0,2.0,72.0,medium,Acute Care Hospitals,Proprietary,Yes
050195,WASHINGTON HOSPITAL,FREMONT,CA,94538,ALAMEDA,173.0,169.0,214.0,,1.0,,very high,Acute Care Hospitals,Government - Hospital District or Authority,Yes
050197,SEQUOIA HOSPITAL,REDWOOD CITY,CA,94062,SAN MATEO,134.0,132.0,,,1.0,,medium,Acute Care Hospitals,Voluntary non-profit - Private,Yes
050204,PALMDALE REGIONAL MEDICAL CENTER,PALMDALE,CA,93552,LOS ANGELES,145.0,142.0,299.0,,1.0,,very high,Acute Care Hospitals,Proprietary,Yes
05020F,NH Camp Pendleton,Camp Pendleton,CA,92055,SAN DIEGO,,148.0,,,3.0,,medium,Acute Care - Department of Defense,Department of Defense,Yes
050211,ALAMEDA HOSPITAL,ALAMEDA,CA,94501,ALAMEDA,156.0,153.0,345.0,,1.0,71.0,low,Acute Care Hospitals,Government - Hospital District or Authority,Yes
050222,SHARP CHULA VISTA MEDICAL CENTER,CHULA VISTA,CA,91911,SAN DIEGO,196.0,194.0,,,1.0,82.0,very high,Acute Care Hospitals,Proprietary,Yes
050224,HOAG MEMORIAL HOSPITAL PRESBYTERIAN,NEWPORT BEACH,CA,92663,ORANGE,196.0,194.0,258.0,,1.0,47.0,very high,Acute Care Hospitals,Voluntary non-profit - Private,Yes
050226,AHMC ANAHEIM REGIONAL MEDICAL CENTER,ANAHEIM,CA,92801,ORANGE,146.0,141.0,198.0,264.0,3.0,,medium,Acute Care Hospitals,Voluntary non-profit - Private,Yes
050228,ZUCKERBERG SAN FRANCISCO GENERAL HOSP & TRAUMA CTR,SAN FRANCISCO,CA,94110,SAN FRANCISCO,293.0,300.0,64.0,416.0,7.0,18.0,very high,Acute Care Hospitals,Government - Local,Yes
05022F,NMC San Diego,San Diego,CA,92134,SAN DIEGO,,166.0,,,2.0,,very high,Acute Care - Department of Defense,Department of Defense,Yes
050230,GARDEN GROVE HOSPITAL & MEDICAL CENTER,GARDEN GROVE,CA,92843,ORANGE,134.0,134.0,140.0,357.0,1.0,,medium,Acute Care Hospitals,Proprietary,Yes
050231,POMONA VALLEY HOSPITAL MEDICAL CENTER,POMONA,CA,91767,LOS ANGELES,207.0,206.0,675.0,,1.0,,very high,Acute Care Hospitals,Voluntary non-profit - Private,Yes
050232,FRENCH HOSPITAL MEDICAL CENTER,SAN LUIS OBISPO,CA,93401,SAN LUIS OBISPO,168.0,164.0,384.0,,1.0,73.0,medium,Acute Care Hospitals,Voluntary non-profit - Private,Yes
050234,SHARP CORONADO HOSPITAL AND HLTHCR CTR,CORONADO,CA,92118,SAN DIEGO,128.0,126.0,184.0,,0.0,,medium,Acute Care Hospitals,Proprietary,Yes
050235,PROVIDENCE SAINT JOSEPH MEDICAL CTR,BURBANK,CA,91505,LOS ANGELES,209.0,200.0,,457.0,1.0,83.0,very high,Acute Care Hospitals,Voluntary non-profit - Church,Yes
050236,ADVENTIST HEALTH SIMI VALLEY,SIMI VALLEY,CA,93065,VENTURA,162.0,156.0,241.0,289.0,1.0,69.0,high,Acute Care Hospitals,Voluntary non-profit - Private,Yes
050238,USC ARCADIA HOSPITAL,ARCADIA,CA,91007,LOS ANGELES,268.0,258.0,399.0,557.0,4.0,,high,Acute Care Hospitals,Voluntary non-profit - Private,Yes
050239,GLENDALE ADVENTIST MEDICAL CENTER,GLENDALE,CA,91206,LOS ANGELES,187.0,183.0,390.0,297.0,1.0,,very high,Acute Care Hospitals,Voluntary non-profit - Private,Yes
050242,DOMINICAN HOSPITAL,SANTA CRUZ,CA,95065,SANTA CRUZ,184.0,183.0,180.0,,1.0,80.0,high,Acute Care Hospitals,Voluntary non-profit - Private,Yes
050243,DESERT REGIONAL MEDICAL CENTER,PALM SPRINGS,CA,92262,RIVERSIDE,179.0,178.0,234.0,,2.0,,very high,Acute Care Hospitals,Proprietary,Yes
050245,ARROWHEAD REGIONAL MEDICAL CENTER,COLTON,CA,92324,SAN BERNARDINO,202.0,204.0,154.0,,1.0,,very high,Acute Care Hospitals,Government - Local,Yes
050248,NATIVIDAD MEDICAL CENTER,SALINAS,CA,93906,MONTEREY,163.0,158.0,350.0,,1.0,42.0,very high,Acute Care Hospitals,Government - Local,Yes
050254,MARSHALL MEDICAL CENTER,PLACERVILLE,CA,95667,EL DORADO,192.0,176.0,286.0,415.0,2.0,83.0,medium,Acute Care Hospitals,Voluntary non-profit - Private,Yes
050257,"GOOD SAMARITAN HOSPITAL, LP",BAKERSFIELD,CA,93308,KERN,,,,,,,,Acute Care Hospitals,Proprietary,No
050261,SIERRA VIEW MEDICAL CENTER,PORTERVILLE,CA,93257,TULARE,190.0,189.0,299.0,,1.0,,high,Acute Care Hospitals,Voluntary non-profit - Private,Yes
050262,RONALD REAGAN UCLA MEDICAL CENTER,LOS ANGELES,CA,90095,LOS ANGELES,332.0,312.0,541.0,,5.0,,high,Acute Care Hospitals,Government - State,Yes
050272,REDLANDS COMMUNITY HOSPITAL,REDLANDS,CA,92373,SAN BERNARDINO,232.0,231.0,288.0,312.0,1.0,82.0,very high,Acute Care Hospitals,Voluntary non-profit - Private,Yes
050276,CONTRA COSTA REGIONAL MEDICAL CENTER,MARTINEZ,CA,94553,CONTRA COSTA,175.0,171.0,416.0,,4.0,,medium,Acute Care Hospitals,Government - Local,Yes
050278,PROVIDENCE HOLY CROSS MEDICAL CENTER,MISSION HILLS,CA,91346,LOS ANGELES,155.0,154.0,,,1.0,,very high,Acute Care Hospitals,Voluntary non-profit - Church,Yes
050279,HI-DESERT MEDICAL CENTER,JOSHUA TREE,CA,92252,SAN BERNARDINO,162.0,154.0,153.0,409.0,1.0,94.0,medium,Acute Care Hospitals,Government - Hospital District or Authority,Yes
050280,MERCY MEDICAL CENTER REDDING,REDDING,CA,96001,SHASTA,194.0,194.0,251.0,,1.0,91.0,high,Acute Care Hospitals,Voluntary non-profit - Private,Yes
050281,ALHAMBRA HOSPITAL MEDICAL CENTER,ALHAMBRA,CA,91801,LOS ANGELES,134.0,133.0,215.0,,1.0,,medium,Acute Care Hospitals,Proprietary,No
050283,STANFORD HEALTH CARE TRI-VALLEY,PLEASANTON,CA,94588,ALAMEDA,209.0,199.0,400.0,275.0,4.0,94.0,high,Acute Care Hospitals,Voluntary non-profit - Private,Yes
050289,AHMC SETON MEDICAL CENTER,DALY CITY,CA,94015,SAN MATEO,220.0,210.0,242.0,,2.0,,low,Acute Care Hospitals,Proprietary,Yes
050290,SAINT JOHN'S HEALTH CENTER,SANTA MONICA,CA,90404,LOS ANGELES,188.0,185.0,380.0,,2.0,73.0,medium,Acute Care Hospitals,Voluntary non-profit - Private,Yes
050291,SUTTER SANTA ROSA REGIONAL HOSPITAL,SANTA ROSA,CA,95403,SONOMA,218.0,212.0,302.0,,2.0,76.0,high,Acute Care Hospitals,Voluntary non-profit - Other,Yes
050292,RIVERSIDE UNIVERSITY HEALTH SYSTEM-MEDICAL CENTER,MORENO VALLEY,CA,92555,RIVERSIDE,241.0,234.0,654.0,684.0,0.0,96.0,very high,Acute Care Hospitals,Government - Local,Yes
050295,MERCY HOSPITAL,BAKERSFIELD,CA,93301,KERN,196.0,193.0,216.0,,1.0,86.0,very high,Acute Care Hospitals,Voluntary non-profit - Other,Yes
050298,BARSTOW COMMUNITY HOSPITAL,BARSTOW,CA,92311,SAN BERNARDINO,166.0,163.0,306.0,321.0,4.0,,medium,Acute Care Hospitals,Proprietary,Yes
050300,PROVIDENCE ST MARY MEDICAL CENTER,APPLE VALLEY,CA,92307,SAN BERNARDINO,229.0,228.0,212.0,372.0,1.0,93.0,very high,Acute Care Hospitals,Voluntary non-profit - Private,Yes
050301,ADVENTIST HEALTH UKIAH VALLEY,UKIAH,CA,95482,MENDOCINO,149.0,148.0,108.0,,2.0,,medium,Acute Care Hospitals,Voluntary non-profit - Private,Yes
050305,ALTA BATES SUMMIT MEDICAL CENTER - ALTA BATES CAMP,BERKELEY,CA,94705,ALAMEDA,212.0,208.0,279.0,,2.0,,high,Acute Care Hospitals,Voluntary non-profit - Private,Yes
050308,EL CAMINO HEALTH,MOUNTAIN VIEW,CA,94040,SANTA CLARA,166.0,163.0,262.0,368.0,0.0,,very high,Acute Care Hospitals,Government - Hospital District or Authority,Yes
050309,SUTTER ROSEVILLE MEDICAL CENTER,ROSEVILLE,CA,95661,PLACER,232.0,226.0,317.0,510.0,1.0,,very high,Acute Care Hospitals,Voluntary non-profit - Private,Yes
050313,SUTTER TRACY COMMUNITY HOSPITAL,TRACY,CA,95376,SAN JOAQUIN,168.0,165.0,,422.0,1.0,94.0,high,Acute Care Hospitals,Proprietary,Yes
050315,KERN MEDICAL CENTER,BAKERSFIELD,CA,93306,KERN,329.0,306.0,533.0,,11.0,,high,Acute Care Hospitals,Government - Hospital District or Authority,Yes
050320,HIGHLAND HOSPITAL,OAKLAND,CA,94602,ALAMEDA,188.0,182.0,290.0,347.0,6.0,47.0,very high,Acute Care Hospitals,Government - Hospital District or Authority,Yes
050324,SCRIPPS MEMORIAL HOSPITAL LA JOLLA,LA JOLLA,CA,92037,SAN DIEGO,190.0,186.0,238.0,,1.0,,high,Acute Care Hospitals,Physician,Yes
050327,LOMA LINDA UNIVERSITY MEDICAL CENTER,LOMA LINDA,CA,92354,SAN BERNARDINO,410.0,413.0,402.0,,6.0,,very high,Acute Care Hospitals,Voluntary non-profit - Private,Yes
050329,CORONA REGIONAL MEDICAL CENTER,CORONA,CA,92882,RIVERSIDE,222.0,218.0,407.0,,2.0,92.0,high,Acute Care Hospitals,Proprietary,Yes
050334,SALINAS VALLEY HEALTH MEDICAL CENTER,SALINAS,CA,93901,MONTEREY,199.0,197.0,,,1.0,73.0,very high,Acute Care Hospitals,Voluntary non-profit - Other,Yes
050335,ADVENTIST HEALTH SONORA,SONORA,CA,95370,TUOLUMNE,188.0,171.0,302.0,483.0,2.0,75.0,medium,Acute Care Hospitals,Voluntary non-profit - Church,No
050336,ADVENTIST HEALTH LODI MEMORIAL,LODI,CA,95240,SAN JOAQUIN,197.0,188.0,296.0,,1.0,88.0,very high,Acute Care Hospitals,Voluntary non-profit - Other,Yes
050342,PIONEERS MEMORIAL HEALTHCARE DISTRICT,BRAWLEY,CA,92227,IMPERIAL,193.0,191.0,,,1.0,47.0,high,Acute Care Hospitals,Government - Hospital District or Authority,Yes
050348,UCI HEALTH-ORANGE,ORANGE,CA,92868,ORANGE,328.0,318.0,928.0,,2.0,,very high,Acute Care Hospitals,Government - Local,Yes
050350,ADVENTIST HEALTH WHITE MEMORIAL MONTEBELLO,MONTEBELLO,CA,90640,LOS ANGELES,,,,,,,,Acute Care Hospitals,Voluntary non-profit - Private,Yes
050351,TORRANCE MEMORIAL MEDICAL CENTER,TORRANCE,CA,90509,LOS ANGELES,180.0,177.0,,,1.0,55.0,very high,Acute Care Hospitals,Voluntary non-profit - Other,Yes
050352,BARTON MEMORIAL HOSPITAL,SOUTH LAKE TAHOE,CA,96150,EL DORADO,136.0,132.0,295.0,,1.0,,low,Acute Care Hospitals,Voluntary non-profit - Private,Yes
050353,PROVIDENCE LITTLE COMPANY OF MARY MED CTR TORRANCE,TORRANCE,CA,90503,LOS ANGELES,300.0,291.0,357.0,,2.0,86.0,very high,Acute Care Hospitals,Voluntary non-profit - Church,No
050357,GOLETA VALLEY COTTAGE HOSPITAL,SANTA BARBARA,CA,93111,SANTA BARBARA,149.0,149.0,172.0,,2.0,,medium,Acute Care Hospitals,Voluntary non-profit - Other,Yes
050360,MARINHEALTH MEDICAL CENTER,GREENBRAE,CA,94904,MARIN,178.0,176.0,232.0,,1.0,93.0,high,Acute Care Hospitals,Government - Hospital District or Authority,Yes
050367,NORTHBAY MEDICAL CENTER,FAIRFIELD,CA,94533,SOLANO,186.0,176.0,322.0,,2.0,89.0,very high,Acute Care Hospitals,Voluntary non-profit - Private,Yes
050373,LOS ANGELES GENERAL MEDICAL CENTER,LOS ANGELES,CA,90033,LOS ANGELES,294.0,286.0,421.0,,2.0,100.0,very high,Acute Care Hospitals,Government - Local,Yes
050376,LAC/HARBOR-UCLA MED CENTER,TORRANCE,CA,90509,LOS ANGELES,335.0,313.0,654.0,,3.0,,very high,Acute Care Hospitals,Government - Local,Yes
050378,PACIFICA HOSPITAL OF THE VALLEY,SUN VALLEY,CA,91352,LOS ANGELES,247.0,227.0,353.0,812.0,5.0,,low,Acute Care Hospitals,Proprietary,Yes
050380,GOOD SAMARITAN HOSPITAL,SAN JOSE,CA,95124,SANTA CLARA,144.0,139.0,284.0,,0.0,,very high,Acute Care Hospitals,Proprietary,Yes
050382,EMANATE HEALTH INTER-COMMUNITY HOSPITAL,COVINA,CA,91723,LOS ANGELES,196.0,190.0,304.0,485.0,1.0,54.0,very high,Acute Care Hospitals,Proprietary,Yes
050390,HEMET GLOBAL MEDICAL CENTER,HEMET,CA,92543,RIVERSIDE,222.0,213.0,305.0,380.0,2.0,,high,Acute Care Hospitals,Proprietary,Yes
050393,PIH HEALTH DOWNEY HOSPITAL,DOWNEY,CA,90241,LOS ANGELES,248.0,242.0,,,5.0,,high,Acute Care Hospitals,Voluntary non-profit - Private,Yes
050394,COMMUNITY MEMORIAL HOSPITAL - VENTURA,VENTURA,CA,93003,VENTURA,191.0,190.0,,,0.0,,very high,Acute Care Hospitals,Voluntary non-profit - Private,Yes
050396,SANTA BARBARA COTTAGE HOSPITAL,SANTA BARBARA,CA,93105,SANTA BARBARA,186.0,185.0,222.0,,2.0,,high,Acute Care Hospitals,Voluntary non-profit - Private,Yes
05039F,NH Twentynine Palms,Twentynine Palms,CA,92278,SAN BERNARDINO,,110.0,,,1.0,,low,Acute Care - Department of Defense,Department of Defense,Yes
050407,CHINESE HOSPITAL,SAN FRANCISCO,CA,94133,SAN FRANCISCO,146.0,141.0,192.0,280.0,0.0,,low,Acute Care Hospitals,Voluntary non-profit - Private,Yes
050411,KAISER FOUNDATION HOSPITAL - SOUTH BAY,HARBOR CITY,CA,90710,LOS ANGELES,,,,,,,,Acute Care Hospitals,Voluntary non-profit - Other,No
050414,MERCY HOSPITAL OF FOLSOM,FOLSOM,CA,95630,SACRAMENTO,177.0,174.0,299.0,331.0,1.0,91.0,high,Acute Care Hospitals,Voluntary non-profit - Private,Yes
050417,SUTTER COAST HOSPITAL,CRESCENT CITY,CA,95531,DEL NORTE,132.0,128.0,382.0,,3.0,,medium,Acute Care Hospitals,Government - Hospital District or Authority,No
05041F,Weed ACH (FT Irwin),Fort Irwin,CA,92310,SAN BERNARDINO,,131.0,,,1.0,,low,Acute Care - Department of Defense,Department of Defense,Yes
050424,SCRIPPS GREEN HOSPITAL,LA JOLLA,CA,92037,SAN DIEGO,,,,,,,,Acute Care Hospitals,Voluntary non-profit - Other,No
050425,KAISER FOUNDATION HOSPITAL - SACRAMENTO,SACRAMENTO,CA,95825,SACRAMENTO,,,,,,,,Acute Care Hospitals,Voluntary non-profit - Private,Yes
050426,WEST ANAHEIM MEDICAL CENTER,ANAHEIM,CA,92804,ORANGE,201.0,190.0,314.0,403.0,2.0,,medium,Acute Care Hospitals,Proprietary,Yes
050438,HUNTINGTON HOSPITAL,PASADENA,CA,91109,LOS ANGELES,280.0,268.0,460.0,,4.0,55.0,very high,Acute Care Hospitals,Voluntary non-profit - Other,Yes
050441,STANFORD HEALTH CARE,STANFORD,CA,94305,SANTA CLARA,280.0,276.0,430.0,386.0,3.0,70.0,very high,Acute Care Hospitals,Voluntary non-profit - Private,Yes
050444,MERCY MEDICAL CENTER,MERCED,CA,95340,MERCED,230.0,224.0,596.0,412.0,2.0,76.0,very high,Acute Care Hospitals,Voluntary non-profit - Private,Yes
050454,UCSF MEDICAL CENTER,SAN FRANCISCO,CA,94143,SAN FRANCISCO,280.0,276.0,428.0,,4.0,,very high,Acute Care Hospitals,Voluntary non-profit - Other,Yes
050455,ADVENTIST HEALTH BAKERSFIELD,BAKERSFIELD,CA,93301,KERN,272.0,268.0,298.0,,3.0,81.0,very high,Acute Care Hospitals,Voluntary non-profit - Private,Yes
050457,UCSF HEALTH ST. MARY'S HOSPITAL,SAN FRANCISCO,CA,94117,SAN FRANCISCO,168.0,166.0,206.0,,1.0,,low,Acute Care Hospitals,Voluntary non-profit - Private,Yes
050464,DOCTORS MEDICAL CENTER,MODESTO,CA,95350,STANISLAUS,216.0,221.0,164.0,,3.0,,very high,Acute Care Hospitals,Proprietary,Yes
050468,MEMORIAL HOSPITAL OF GARDENA,GARDENA,CA,90247,LOS ANGELES,153.0,138.0,292.0,417.0,3.0,64.0,medium,Acute Care Hospitals,Proprietary,Yes
050471,PIH HEALTH GOOD SAMARITAN HOSPITAL,LOS ANGELES,CA,90017,LOS ANGELES,232.0,230.0,316.0,,6.0,,high,Acute Care Hospitals,Proprietary,No
050481,UCLA WEST VALLEY MEDICAL CENTER,WEST HILLS,CA,91307,LOS ANGELES,174.0,172.0,306.0,,1.0,,very high,Acute Care Hospitals,Proprietary,Yes
050485,MEMORIALCARE LONG BEACH MEDICAL CENTER,LONG BEACH,CA,90806,LOS ANGELES,288.0,284.0,,,3.0,,very high,Acute Care Hospitals,Voluntary non-profit - Other,No
050488,EDEN MEDICAL CENTER,CASTRO VALLEY,CA,94546,ALAMEDA,200.0,194.0,434.0,493.0,3.0,,high,Acute Care Hospitals,Voluntary non-profit - Other,Yes
050492,CLOVIS COMMUNITY MEDICAL CENTER,CLOVIS,CA,93611,FRESNO,246.0,242.0,488.0,,1.0,59.0,very high,Acute Care Hospitals,Voluntary non-profit - Private,Yes
050496,JOHN MUIR MEDICAL CENTER - CONCORD CAMPUS,CONCORD,CA,94520,CONTRA COSTA,149.0,145.0,285.0,215.0,1.0,91.0,very high,Acute Care Hospitals,Voluntary non-profit - Private,Yes
050498,SUTTER AUBURN FAITH HOSPITAL,AUBURN,CA,95603,PLACER,140.0,134.0,235.0,457.0,1.0,88.0,medium,Acute Care Hospitals,Voluntary non-profit - Private,Yes
050503,SCRIPPS MEMORIAL HOSPITAL - ENCINITAS,ENCINITAS,CA,92024,SAN DIEGO,202.0,200.0,212.0,,1.0,75.0,very high,Acute Care Hospitals,Voluntary non-profit - Private,Yes
050506,ADVENTIST HEALTH SIERRA VISTA,SAN LUIS OBISPO,CA,93405,SAN LUIS OBISPO,144.0,140.0,248.0,,1.0,,medium,Acute Care Hospitals,Proprietary,Yes
050510,KAISER FOUNDATION HOSPITAL,SAN RAFAEL,CA,94903,MARIN,,,,,,,,Acute Care Hospitals,Voluntary non-profit - Private,Yes
050512,KAISER FOUNDATION HOSPITAL - FREMONT,FREMONT,CA,94538,ALAMEDA,,,,,,,,Acute Care Hospitals,Voluntary non-profit - Private,Yes
050515,KAISER FOUNDATION HOSPITAL - SAN DIEGO,SAN DIEGO,CA,92120,SAN DIEGO,,,,,,,,Acute Care Hospitals,Voluntary non-profit - Private,Yes
050516,MERCY SAN JUAN MEDICAL CENTER,CARMICHAEL,CA,95608,SACRAMENTO,199.0,197.0,330.0,,1.0,,very high,Acute Care Hospitals,Voluntary non-profit - Private,Yes
050517,VICTOR VALLEY GLOBAL MEDICAL CENTER,VICTORVILLE,CA,92395,SAN BERNARDINO,220.0,213.0,285.0,,2.0,,medium,Acute Care Hospitals,Voluntary non-profit - Private,Yes
050523,SUTTER DELTA MEDICAL CENTER,ANTIOCH,CA,94509,CONTRA COSTA,184.0,180.0,347.0,535.0,2.0,,high,Acute Care Hospitals,Voluntary non-profit - Private,Yes
050526,HUNTINGTON BEACH HOSPITAL,HUNTINGTON BEACH,CA,92647,ORANGE,174.0,158.0,280.0,257.0,7.0,,low,Acute Care Hospitals,Proprietary,Yes
050528,MEMORIAL HOSPITAL LOS BANOS,LOS BANOS,CA,93635,MERCED,158.0,152.0,,436.0,2.0,96.0,medium,Acute Care Hospitals,Voluntary non-profit - Private,Yes
050534,JOHN F KENNEDY MEMORIAL HOSPITAL,INDIO,CA,92201,RIVERSIDE,145.0,144.0,164.0,,1.0,90.0,high,Acute Care Hospitals,Proprietary,Yes
050537,SUTTER DAVIS HOSPITAL,DAVIS,CA,95616,YOLO,149.0,144.0,200.0,495.0,1.0,93.0,high,Acute Care Hospitals,Voluntary non-profit - Private,Yes
050541,KAISER FOUNDATION HOSPITAL - REDWOOD CITY,REDWOOD CITY,CA,94063,SAN MATEO,,,,,,,,Acute Care Hospitals,Voluntary non-profit - Private,Yes
050543,COLLEGE HOSPITAL COSTA MESA,COSTA MESA,CA,92627,ORANGE,,,,,,,,Acute Care Hospitals,Proprietary,No
050546,PORTERVILLE DEVELOPMENTAL CENTER,PORTERVILLE,CA,93258,TULARE,,,,,,,,Acute Care Hospitals,Government - State,No
050549,LOS ROBLES HOSPITAL & MEDICAL CENTER,THOUSAND OAKS,CA,91360,VENTURA,162.0,159.0,176.0,458.0,1.0,,high,Acute Care Hospitals,Proprietary,Yes
050551,UCI HEALTH - LOS ALAMITOS,LOS ALAMITOS,CA,90720,ORANGE,238.0,238.0,,,1.0,,medium,Acute Care Hospitals,Proprietary,Yes
050557,MEMORIAL MEDICAL CENTER,MODESTO,CA,95355,STANISLAUS,261.0,258.0,,,1.0,,very high,Acute Care Hospitals,Voluntary non-profit - Private,Yes
050561,KAISER FOUNDATION HOSPITAL - WEST LA,LOS ANGELES,CA,90034,LOS ANGELES,,,,,,,,Acute Care Hospitals,Voluntary non-profit - Private,No
050567,PROVIDENCE MISSION HOSPITAL,MISSION VIEJO,CA,92691,ORANGE,238.0,234.0,408.0,,1.0,64.0,very high,Acute Care Hospitals,Voluntary non-profit - Private,Yes
050570,UCI HEALTH - FOUNTAIN VALLEY,FOUNTAIN VALLEY,CA,92708,ORANGE,159.0,158.0,,,0.0,,high,Acute Care Hospitals,Proprietary,No
050573,EISENHOWER MEDICAL CENTER,RANCHO MIRAGE,CA,92270,RIVERSIDE,259.0,259.0,,,0.0,30.0,very high,Acute Care Hospitals,Proprietary,Yes
050580,LA PALMA INTERCOMMUNITY HOSPITAL,LA PALMA,CA,90623,ORANGE,208.0,204.0,282.0,,3.0,,low,Acute Care Hospitals,Proprietary,No
050581,UCI HEALTH-LAKEWOOD,LAKEWOOD,CA,90712,LOS ANGELES,223.0,222.0,,283.0,1.0,,medium,Acute Care Hospitals,Proprietary,Yes
050586,CHINO VALLEY MEDICAL CENTER,CHINO,CA,91710,SAN BERNARDINO,176.0,174.0,218.0,,4.0,38.0,high,Acute Care Hospitals,Proprietary,Yes
050588,SAN DIMAS COMMUNITY HOSPITAL,SAN DIMAS,CA,91773,LOS ANGELES,149.0,147.0,169.0,356.0,2.0,,low,Acute Care Hospitals,Proprietary,Yes
050590,METHODIST HOSPITAL OF SACRAMENTO,SACRAMENTO,CA,95823,SACRAMENTO,187.0,185.0,284.0,,2.0,88.0,very high,Acute Care Hospitals,Voluntary non-profit - Private,Yes
050597,EMANATE HEALTH FOOTHILL PRESBYTERIAN HOSPITAL,GLENDORA,CA,91740,LOS ANGELES,163.0,160.0,388.0,664.0,0.0,45.0,high,Acute Care Hospitals,Voluntary non-profit - Private,No
050599,UNIVERSITY OF CALIFORNIA DAVIS MEDICAL CENTER,SACRAMENTO,CA,95817,SACRAMENTO,330.0,328.0,344.0,,3.0,,very high,Acute Care Hospitals,Government - Hospital District or Authority,Yes
050603,MEMORIALCARE SADDLEBACK MEDICAL CENTER,LAGUNA HILLS,CA,92653,ORANGE,208.0,206.0,,,1.0,75.0,high,Acute Care Hospitals,Voluntary non-profit - Private,Yes
050604,KAISER FOUNDATION HOSPITAL-SAN JOSE,SAN JOSE,CA,95119,SANTA CLARA,,,,,,,,Acute Care Hospitals,Voluntary non-profit - Private,Yes
050608,ADVENTIST HEALTH DELANO,DELANO,CA,93215,KERN,152.0,150.0,,360.0,3.0,,medium,Acute Care Hospitals,Proprietary,Yes
050609,KAISER FOUNDATION HOSPITAL - ORANGE COUNTY - ANAHEIM,ANAHEIM,CA,92806,ORANGE,,,,,,,,Acute Care Hospitals,Voluntary non-profit - Private,Yes
050624,HENRY MAYO NEWHALL  HOSPITAL,VALENCIA,CA,91355,LOS ANGELES,180.0,174.0,226.0,404.0,1.0,72.0,very high,Acute Care Hospitals,Voluntary non-profit - Private,No
050625,CEDARS-SINAI MEDICAL CENTER,LOS ANGELES,CA,90048,LOS ANGELES,361.0,355.0,380.0,,9.0,,very high,Acute Care Hospitals,Voluntary non-profit - Other,Yes
050633,ADVENTIST HEALTH TWIN CITIES,TEMPLETON,CA,93465,SAN LUIS OBISPO,141.0,139.0,228.0,,2.0,82.0,medium,Acute Care Hospitals,Proprietary,Yes
050636,PALOMAR MEDICAL CENTER POWAY,POWAY,CA,92064,SAN DIEGO,206.0,200.0,,318.0,2.0,83.0,medium,Acute Care Hospitals,Government - Hospital District or Authority,Yes
050641,EAST LOS ANGELES DOCTORS HOSPITAL,LOS ANGELES,CA,90023,LOS ANGELES,178.0,172.0,192.0,449.0,6.0,,low,Acute Care Hospitals,Proprietary,Yes
050663,LOS ANGELES COMMUNITY HOSPITAL,LOS ANGELES,CA,90023,LOS ANGELES,169.0,151.0,272.0,533.0,0.0,,low,Acute Care Hospitals,Proprietary,Yes
050668,LAGUNA HONDA HOSPITAL & REHABILITATION CENTER,SAN FRANCISCO,CA,94116,SAN FRANCISCO,,,,,,,,Acute Care Hospitals,Government - Local,No
050674,KAISER FOUNDATION HOSP SO SACRAMENTO,SACRAMENTO,CA,95823,SACRAMENTO,,,,,,,,Acute Care Hospitals,Voluntary non-profit - Private,Yes
050677,KAISER FOUNDATION HOSPITAL - WOODLAND HILLS,WOODLAND HILLS,CA,91367,LOS ANGELES,,,,,,,,Acute Care Hospitals,Voluntary non-profit - Private,No
050678,MEMORIALCARE ORANGE COAST MEDICAL CENTER,FOUNTAIN VALLEY,CA,92708,ORANGE,158.0,154.0,,,0.0,,high,Acute Care Hospitals,Proprietary,Yes
050684,MENIFEE GLOBAL MEDICAL CENTER,SUN CITY,CA,92585,RIVERSIDE,179.0,176.0,293.0,,2.0,,low,Acute Care Hospitals,Proprietary,Yes
050686,"KAISER FOUNDATION HOSPITAL, RIVERSIDE",RIVERSIDE,CA,92505,RIVERSIDE,,,,,,,,Acute Care Hospitals,Voluntary non-profit - Private,Yes
050689,SAN RAMON REGIONAL MEDICAL CENTER,SAN RAMON,CA,94583,CONTRA COSTA,153.0,151.0,160.0,232.0,1.0,87.0,medium,Acute Care Hospitals,Proprietary,Yes
050690,KAISER FOUNDATION HOSPITAL-SANTA ROSA,SANTA ROSA,CA,95403,SONOMA,,,,,,,,Acute Care Hospitals,Voluntary non-profit - Private,Yes
050696,KECK HOSPITAL OF USC,LOS ANGELES,CA,90033,LOS ANGELES,,,,,,,,Acute Care Hospitals,Voluntary non-profit - Other,No
050697,PATIENTS' HOSPITAL OF REDDING,REDDING,CA,96001,SHASTA,,,,,,,,Acute Care Hospitals,Proprietary,No
050701,SOUTHWEST HEALTHCARE RANCHO SPRINGS HOSPITAL,MURRIETA,CA,92562,RIVERSIDE,192.0,191.0,,,1.0,80.0,very high,Acute Care Hospitals,Proprietary,Yes
050704,MISSION COMMUNITY HOSPITAL,PANORAMA CITY,CA,91402,LOS ANGELES,250.0,233.0,416.0,447.0,1.0,,low,Acute Care Hospitals,Voluntary non-profit - Private,No
050708,FRESNO SURGICAL HOSPITAL,FRESNO,CA,93710,FRESNO,,,,,,,,Acute Care Hospitals,Proprietary,No
050709,DESERT VALLEY HOSPITAL,VICTORVILLE,CA,92395,SAN BERNARDINO,176.0,167.0,229.0,410.0,2.0,,high,Acute Care Hospitals,Proprietary,Yes
050710,KAISER FOUNDATION HOSPITAL - FRESNO,FRESNO,CA,93720,FRESNO,,,,,,,,Acute Care Hospitals,Voluntary non-profit - Private,Yes
050714,SUTTER MATERNITY & SURGERY CENTER OF SANTA CRUZ,SANTA CRUZ,CA,95065,SANTA CRUZ,,,,,,,,Acute Care Hospitals,Voluntary non-profit - Private,No
050717,LAC/RANCHO LOS AMIGOS NATIONAL REHABILITATION  CTR,DOWNEY,CA,90242,LOS ANGELES,,,,,,,,Acute Care Hospitals,Government - Local,No
050723,KAISER FOUNDATION HOSPITAL - BALDWIN PARK,BALDWIN PARK,CA,91706,LOS ANGELES,,,,,,,,Acute Care Hospitals,Voluntary non-profit - Other,No
050726,STANISLAUS SURGICAL HOSPITAL,MODESTO,CA,95355,STANISLAUS,,,,,,,,Acute Care Hospitals,Voluntary non-profit - Private,No
050735,WHITTIER HOSPITAL MEDICAL CENTER,WHITTIER,CA,90605,LOS ANGELES,105.0,103.0,99.0,455.0,0.0,,medium,Acute Care Hospitals,Proprietary,Yes
050736,MONTEREY PARK HOSPITAL,MONTEREY PARK,CA,91754,LOS ANGELES,88.0,87.0,,,0.0,,medium,Acute Care Hospitals,Proprietary,No
050737,GARFIELD MEDICAL CENTER,MONTEREY PARK,CA,91754,LOS ANGELES,151.0,146.0,,,0.0,,medium,Acute Care Hospitals,Proprietary,Yes
050738,GREATER EL MONTE COMMUNITY HOSPITAL,SOUTH EL MONTE,CA,91733,LOS ANGELES,78.0,76.0,,,0.0,,medium,Acute Care Hospitals,Voluntary non-profit - Private,No
050739,CENTINELA HOSPITAL MEDICAL CENTER,INGLEWOOD,CA,90301,LOS ANGELES,204.0,188.0,720.0,392.0,3.0,79.0,high,Acute Care Hospitals,Proprietary,No
050740,CEDAR-SINAI MARINA DEL REY HOSPITAL,MARINA DEL REY,CA,90292,LOS ANGELES,185.0,180.0,357.0,418.0,2.0,69.0,high,Acute Care Hospitals,Proprietary,Yes
050744,ANAHEIM GLOBAL MEDICAL CENTER,ANAHEIM,CA,92805,ORANGE,162.0,157.0,240.0,,1.0,,low,Acute Care Hospitals,Proprietary,No
050745,CHAPMAN GLOBAL MEDICAL CENTER,ORANGE,CA,92869,ORANGE,160.0,151.0,176.0,,2.0,,low,Acute Care Hospitals,Proprietary,No
050746,ORANGE COUNTY GLOBAL MEDICAL CENTER,SANTA ANA,CA,92705,ORANGE,190.0,186.0,242.0,,1.0,,medium,Acute Care Hospitals,Proprietary,Yes
050747,COASTAL COMMUNITIES HOSPITAL,SANTA ANA,CA,92704,ORANGE,184.0,181.0,246.0,,1.0,,low,Acute Care Hospitals,Proprietary,Yes
050748,KAISER FOUNDATION HOSPITAL MANTECA,MANTECA,CA,95337,SAN JOAQUIN,,,,,,,,Acute Care Hospitals,Voluntary non-profit - Private,Yes
050755,SHERMAN OAKS HOSPITAL,SHERMAN OAKS,CA,91403,LOS ANGELES,156.0,140.0,313.0,448.0,2.0,,medium,Acute Care Hospitals,Voluntary non-profit - Private,Yes
050758,MONTCLAIR HOSPITAL MEDICAL CENTER,MONTCLAIR,CA,91763,SAN BERNARDINO,154.0,153.0,136.0,,4.0,,medium,Acute Care Hospitals,Voluntary non-profit - Private,Yes
050760,KAISER FOUNDATION HOSPITAL - ANTIOCH,ANTIOCH,CA,94531,CONTRA COSTA,,,,,,,,Acute Care Hospitals,Voluntary non-profit - Private,Yes
050761,PROVIDENCE CEDARS SINAI TARZANA MEDICAL CENTER,TARZANA,CA,91356,LOS ANGELES,163.0,160.0,,,1.0,,very high,Acute Care Hospitals,Voluntary non-profit - Private,Yes
050763,L A DOWNTOWN MEDICAL CENTER,LOS ANGELES,CA,90026,LOS ANGELES,,,,,,,,Acute Care Hospitals,Proprietary,No
050764,SHASTA REGIONAL MEDICAL CENTER,REDDING,CA,96001,SHASTA,154.0,156.0,147.0,,4.0,,medium,Acute Care Hospitals,Proprietary,Yes
050765,KAISER FOUNDATION HOSPITAL-MORENO VALLEY,MORENO VALLEY,CA,92555,RIVERSIDE,,,,,,,,Acute Care Hospitals,Voluntary non-profit - Private,Yes
050766,SUTTER SURGICAL HOSPITAL - NORTH VALLEY,YUBA CITY,CA,95991,SUTTER,,,,,,,,Acute Care Hospitals,Physician,No
050767,KAISER FOUNDATION HOSPITAL - VACAVILLE,VACAVILLE,CA,95688,SOLANO,,,,,,,,Acute Care Hospitals,Voluntary non-profit - Private,Yes
050769,HOAG ORTHOPEDIC INSTITUTE,IRVINE,CA,92618,ORANGE,,,,,,,,Acute Care Hospitals,Proprietary,No
050770,LOMA LINDA UNIVERSITY MEDICAL CENTER-MURRIETA,MURRIETA,CA,92563,RIVERSIDE,225.0,224.0,198.0,,1.0,,high,Acute Care Hospitals,Voluntary non-profit - Private,Yes
050771,COAST PLAZA HOSPITAL,NORWALK,CA,90650,LOS ANGELES,159.0,157.0,140.0,425.0,3.0,,low,Acute Care Hospitals,Proprietary,Yes
050772,KAISER FOUNDATION HOSPITAL - ROSEVILLE,ROSEVILLE,CA,95661,PLACER,,,,,,,,Acute Care Hospitals,Voluntary non-profit - Private,Yes
050775,TEMECULA VALLEY HOSPITAL,TEMECULA,CA,92592,RIVERSIDE,219.0,215.0,314.0,,0.0,,high,Acute Care Hospitals,Proprietary,Yes
050776,COLLEGE MEDICAL CENTER,LONG BEACH,CA,90806,LOS ANGELES,324.0,322.0,317.0,,9.0,,low,Acute Care Hospitals,Proprietary,Yes
050777,KAISER FOUNDATION HOSPITAL - SAN LEANDRO,SAN LEANDRO,CA,94577,ALAMEDA,,,,,,,,Acute Care Hospitals,Voluntary non-profit - Private,Yes
050778,LOMA LINDA UNIVERSITY CHILDREN'S HOSPITAL,LOMA LINDA,CA,92354,SAN BERNARDINO,242.0,232.0,306.0,,6.0,,high,Acute Care Hospitals,Voluntary non-profit - Church,No
050779,"MARTIN LUTHER KING, JR. COMMUNITY HOSPITAL",LOS ANGELES,CA,90059,LOS ANGELES,149.0,150.0,41.0,409.0,1.0,33.0,very high,Acute Care Hospitals,Voluntary non-profit - Private,Yes
050780,FOOTHILL REGIONAL MEDICAL CENTER,TUSTIN,CA,92780,ORANGE,163.0,155.0,270.0,,5.0,,low,Acute Care Hospitals,Proprietary,No
050782,CASA COLINA HOSPITAL,POMONA,CA,91767,LOS ANGELES,,,,,,,,Acute Care Hospitals,Voluntary non-profit - Private,No
050783,COLUSA MEDICAL CENTER,COLUSA,CA,95932,COLUSA,116.0,113.0,200.0,,1.0,,low,Acute Care Hospitals,Proprietary,Yes
050784,ADVENTIST HEALTH TULARE,TULARE,CA,93274,TULARE,201.0,198.0,,,2.0,82.0,medium,Acute Care Hospitals,Voluntary non-profit - Private,Yes
050785,DOCS SURGICAL HOSPITAL,LOS ANGELES,CA,90036,LOS ANGELES,,,,,,,,Acute Care Hospitals,Physician,No
050854,"ANAHEIM COMMUNITY HOSPITAL, LLC",ANAHEIM,CA,92804,ORANGE,,,,,,,,Acute Care Hospitals,Proprietary,No
050855,KAISER FOUNDATION HOSPITAL - SAN MARCOS,SAN MARCOS,CA,92078,SAN DIEGO,,,,,,,,Acute Care Hospitals,Voluntary non-profit - Private,Yes
050856,MADERA COMMUNITY HOSPITAL,MADERA,CA,93637,MADERA,,,,,,,,Acute Care Hospitals,Voluntary non-profit - Private,Yes
051300,EASTERN PLUMAS HOSPITAL - PORTOLA CAMPUS,PORTOLA,CA,96122,PLUMAS,106.0,103.0,173.0,170.0,,,,Critical Access Hospitals,Government - Hospital District or Authority,Yes
051301,ADVENTIST HEALTH TEHACHAPI VALLEY,TEHACHAPI,CA,93561,KERN,178.0,170.0,388.0,394.0,2.0,,medium,Critical Access Hospitals,Voluntary non-profit - Private,Yes
051302,SOUTHERN INYO HOSPITAL,LONE PINE,CA,93545,INYO,117.0,104.0,,,0.0,,low,Critical Access Hospitals,Government - Hospital District or Authority,Yes
051303,MAMMOTH HOSPITAL,MAMMOTH LAKES,CA,93546,MONO,118.0,117.0,101.0,171.0,,,,Critical Access Hospitals,Government - Hospital District or Authority,Yes
051304,JOHN C FREMONT HEALTHCARE DISTRICT,MARIPOSA,CA,95338,MARIPOSA,140.0,124.0,,263.0,1.0,,low,Critical Access Hospitals,Government - Hospital District or Authority,Yes
051305,MAYERS MEMORIAL HOSPITAL,FALL RIVER MILLS,CA,96028,SHASTA,112.0,105.0,153.0,320.0,1.0,,low,Critical Access Hospitals,Government - Hospital District or Authority,Yes
051306,GLENN MEDICAL CENTER,WILLOWS,CA,95988,GLENN,135.0,131.0,273.0,418.0,3.0,,low,Critical Access Hospitals,Proprietary,Yes
051307,CATALINA ISLAND MEDICAL CENTER,AVALON,CA,90704,LOS ANGELES,,,,,,,,Critical Access Hospitals,Voluntary non-profit - Private,Yes
051308,SURPRISE VALLEY COMMUNITY HOSPITAL,CEDARVILLE,CA,96104,MODOC,92.0,89.0,,,,,,Critical Access Hospitals,Government - Hospital District or Authority,Yes
051309,JEROLD PHELPS COMMUNITY HOSPITAL,GARBERVILLE,CA,95542,HUMBOLDT,152.0,149.0,,,2.0,,low,Critical Access Hospitals,Government - Hospital District or Authority,Yes
051310,ADVENTIST HEALTH HOWARD MEMORIAL,WILLITS,CA,95490,MENDOCINO,114.0,108.0,,395.0,1.0,,low,Critical Access Hospitals,Voluntary non-profit - Private,No
051311,ORCHARD HOSPITAL,GRIDLEY,CA,95948,BUTTE,177.0,177.0,,,5.0,,low,Critical Access Hospitals,Voluntary non-profit - Private,Yes
051312,MOUNTAINS COMMUNITY HOSPITAL,LAKE ARROWHEAD,CA,92352,SAN BERNARDINO,138.0,133.0,,340.0,1.0,,low,Critical Access Hospitals,Government - Hospital District or Authority,Yes
051314,KERN VALLEY HEALTHCARE DISTRICT,LAKE ISABELLA,CA,93240,KERN,165.0,163.0,236.0,,4.0,,low,Critical Access Hospitals,Government - Hospital District or Authority,Yes
051315,TRINITY HOSPITAL,WEAVERVILLE,CA,96093,TRINITY,74.0,69.0,136.0,342.0,,,,Critical Access Hospitals,Government - Hospital District or Authority,Yes
051316,FAIRCHILD MEDICAL CENTER,YREKA,CA,96097,SISKIYOU,142.0,140.0,208.0,,1.0,58.0,low,Critical Access Hospitals,Voluntary non-profit - Other,Yes
051317,ADVENTIST HEALTH CLEARLAKE,CLEARLAKE,CA,95422,LAKE,166.0,160.0,364.0,575.0,6.0,,medium,Critical Access Hospitals,Voluntary non-profit - Private,Yes
051318,PROVIDENCE REDWOOD MEMORIAL HOSPITAL,FORTUNA,CA,95540,HUMBOLDT,158.0,151.0,,506.0,5.0,,low,Critical Access Hospitals,Voluntary non-profit - Private,Yes
051319,MERCY MEDICAL CENTER OF MT SHASTA,MOUNT SHASTA,CA,96067,SISKIYOU,92.0,89.0,110.0,,1.0,100.0,low,Critical Access Hospitals,Voluntary non-profit - Other,Yes
051320,BANNER LASSEN MEDICAL CENTER,SUSANVILLE,CA,96130,LASSEN,124.0,116.0,142.0,250.0,3.0,,low,Critical Access Hospitals,Voluntary non-profit - Private,Yes
051321,HEALDSBURG HOSPITAL,HEALDSBURG,CA,95448,SONOMA,97.0,94.0,149.0,412.0,0.0,50.0,low,Critical Access Hospitals,Voluntary non-profit - Private,Yes
051323,COLORADO RIVER MEDICAL CENTER,NEEDLES,CA,92363,SAN BERNARDINO,127.0,121.0,115.0,332.0,4.0,,low,Critical Access Hospitals,Voluntary non-profit - Private,Yes
051324,NORTHERN INYO HOSPITAL,BISHOP,CA,93514,INYO,120.0,115.0,164.0,309.0,1.0,,low,Critical Access Hospitals,Government - Hospital District or Authority,Yes
051325,ADVENTIST HEALTH MENDOCINO COAST,FORT BRAGG,CA,95437,MENDOCINO,144.0,133.0,227.0,566.0,1.0,,low,Critical Access Hospitals,Voluntary non-profit - Private,Yes
051326,PLUMAS DISTRICT HOSPITAL,QUINCY,CA,95971,PLUMAS,124.0,120.0,,275.0,0.0,,low,Critical Access Hospitals,Government - Hospital District or Authority,Yes
051327,SENECA DISTRICT HOSPITAL,CHESTER,CA,96020,PLUMAS,106.0,96.0,154.0,316.0,1.0,,low,Critical Access Hospitals,Government - Hospital District or Authority,Yes
051328,TAHOE FOREST HOSPITAL,TRUCKEE,CA,96161,NEVADA,122.0,121.0,159.0,170.0,1.0,,low,Critical Access Hospitals,Government - Hospital District or Authority,Yes
051329,SUTTER LAKESIDE HOSPITAL,LAKEPORT,CA,95453,LAKE,136.0,131.0,213.0,422.0,1.0,81.0,medium,Critical Access Hospitals,Voluntary non-profit - Private,Yes
051330,MODOC MEDICAL CENTER,ALTURAS,CA,96101,MODOC,97.0,94.0,,,,,,Critical Access Hospitals,Government - Hospital District or Authority,Yes
051331,SANTA YNEZ VALLEY COTTAGE HOSPITAL,SOLVANG,CA,93463,SANTA BARBARA,141.0,141.0,116.0,,1.0,,low,Critical Access Hospitals,Voluntary non-profit - Private,Yes
051332,MARK TWAIN MEDICAL CENTER,SAN ANDREAS,CA,95249,CALAVERAS,135.0,123.0,205.0,406.0,1.0,,low,Critical Access Hospitals,Voluntary non-profit - Other,No
051333,RIDGECREST REGIONAL HOSPITAL,RIDGECREST,CA,93555,KERN,206.0,195.0,239.0,562.0,10.0,43.0,low,Critical Access Hospitals,Voluntary non-profit - Private,Yes
051334,COMMUNITY MEMORIAL HOSPITAL - OJAI,OJAI,CA,93023,VENTURA,119.0,114.0,218.0,332.0,,,,Critical Access Hospitals,Voluntary non-profit - Private,Yes
051335,BEAR VALLEY COMMUNITY HOSPITAL,BIG BEAR LAKE,CA,92315,SAN BERNARDINO,144.0,139.0,275.0,,2.0,67.0,low,Critical Access Hospitals,Government - Hospital District or Authority,Yes
051336,SOUTHERN MONTEREY COUNTY MEMORIAL HOSPITAL,KING CITY,CA,93930,MONTEREY,74.0,74.0,61.0,,1.0,,low,Critical Access Hospitals,Voluntary non-profit - Other,Yes
051337,HAZEL HAWKINS MEMORIAL HOSPITAL,HOLLISTER,CA,95032,SANTA CLARA,156.0,153.0,252.0,,1.0,,medium,Critical Access Hospitals,Government - Hospital District or Authority,Yes
051338,COALINGA REGIONAL MEDICAL CENTER,COALINGA,CA,93210,FRESNO,148.0,145.0,,,,,,Critical Access Hospitals,Government - Hospital District or Authority,Yes
051339,PALO VERDE HOSPITAL,BLYTHE,CA,92225,RIVERSIDE,180.0,166.0,245.0,395.0,,,,Critical Access Hospitals,Government - Hospital District or Authority,No
053300,VALLEY CHILDREN'S HOSPITAL,MADERA,CA,93636,MADERA,,,,,,,,Childrens,Voluntary non-profit - Private,Yes
053301,UCSF BENIOFF CHILDREN'S HOSPITAL OAKLAND,OAKLAND,CA,94609,ALAMEDA,,,,,,,,Childrens,Voluntary non-profit - Private,Yes
053302,CHILDREN'S HOSP OF LOS ANGELES,LOS ANGELES,CA,90027,LOS ANGELES,,,,,,,,Childrens,Voluntary non-profit - Private,Yes
053303,RADY CHILDREN'S HOSPITAL - SAN DIEGO,SAN DIEGO,CA,92123,SAN DIEGO,,,,,,,,Childrens,Voluntary non-profit - Other,No
053304,CHILDREN'S HOSPITAL OF ORANGE COUNTY,ORANGE,CA,92868,ORANGE,,,,,,,,Childrens,Voluntary non-profit - Other,No
053305,LUCILE SALTER PACKARD CHILDREN'S HSP AT STANFORD,PALO ALTO,CA,94304,SANTA CLARA,,,,,,,,Childrens,Voluntary non-profit - Private,No
053306,CHILDREN'S HOSPITAL AT MISSION,MISSION VIEJO,CA,92691,ORANGE,,,,,,,,Childrens,Voluntary non-profit - Private,Yes
053308,HEALTHBRIDGE CHILDREN'S HOSPITAL - ORANGE,ORANGE,CA,92866,ORANGE,,,,,,,,Childrens,Proprietary,No
053309,MEMORIAL CARE MILLER CHILDREN'S &  WOMEN'S HOSP LB,LONG BEACH,CA,90806,LOS ANGELES,,,,,,,,Childrens,Voluntary non-profit - Other,No
053311,SHRINERS HOSPITALS FOR CHILDREN NORTHERN CALIF,SACRAMENTO,CA,95817,SACRAMENTO,,,,,,,,Childrens,Voluntary non-profit - Private,No
060001,BANNER NORTH COLORADO MEDICAL CENTER,GREELEY,CO,80631,WELD,142.0,137.0,170.0,,1.0,88.0,high,Acute Care Hospitals,Voluntary non-profit - Private,Yes
060003,LONGMONT UNITED HOSPITAL,LONGMONT,CO,80501,BOULDER,158.0,153.0,412.0,,1.0,,low,Acute Care Hospitals,Voluntary non-profit - Private,Yes
060004,INTERMOUNTAIN HEALTH PLATTE VALLEY HOSPITAL,BRIGHTON,CO,80601,ADAMS,166.0,166.0,195.0,,1.0,92.0,medium,Acute Care Hospitals,Voluntary non-profit - Private,Yes
060006,MONTROSE REGIONAL HEALTH,MONTROSE,CO,81401,MONTROSE,148.0,146.0,174.0,,2.0,68.0,medium,Acute Care Hospitals,Voluntary non-profit - Private,Yes
060008,SAN LUIS VALLEY REGIONAL  MEDICAL CENTER,ALAMOSA,CO,81101,ALAMOSA,182.0,168.0,242.0,390.0,1.0,,low,Acute Care Hospitals,Voluntary non-profit - Private,Yes
060009,INTERMOUNTAIN HEALTH LUTHERAN HOSPITAL,WHEAT RIDGE,CO,80033,JEFFERSON,205.0,194.0,280.0,,1.0,62.0,high,Acute Care Hospitals,Voluntary non-profit - Private,Yes
060010,POUDRE VALLEY HOSPITAL,FORT COLLINS,CO,80524,LARIMER,130.0,127.0,210.0,,0.0,63.0,high,Acute Care Hospitals,Voluntary non-profit - Private,Yes
060011,DENVER HEALTH & HOSPITAL AUTHORITY,DENVER,CO,80204,DENVER,215.0,208.0,310.0,,4.0,45.0,very high,Acute Care Hospitals,Government - State,Yes
060012,ST MARY-CORWIN HOSPITAL,PUEBLO,CO,81004,PUEBLO,166.0,164.0,199.0,,1.0,73.0,medium,Acute Care Hospitals,Voluntary non-profit - Church,No
060013,MERCY REGIONAL MEDICAL CENTER,DURANGO,CO,81301,LA PLATA,173.0,166.0,198.0,334.0,1.0,73.0,medium,Acute Care Hospitals,Voluntary non-profit - Church,Yes
060014,HCA HealthOne Presbyterian St. Lukes,DENVER,CO,80218,DENVER,128.0,121.0,350.0,,0.0,,medium,Acute Care Hospitals,Government - State,Yes
060015,CENTURA HEALTH-ST ANTHONY HOSPITAL,LAKEWOOD,CO,80228,JEFFERSON,212.0,212.0,310.0,,1.0,,high,Acute Care Hospitals,Voluntary non-profit - Church,Yes
060020,"PARKVIEW MEDICAL CENTER, INC",PUEBLO,CO,81003,PUEBLO,174.0,171.0,248.0,,2.0,70.0,very high,Acute Care Hospitals,Voluntary non-profit - Private,Yes
060022,UCH-MEMORIAL HEALTH SYSTEM,COLORADO SPRINGS,CO,80909,EL PASO,105.0,103.0,166.0,,0.0,45.0,very high,Acute Care Hospitals,Government - Local,Yes
060023,INTERMOUNTAIN HEALTH ST. MARY'S REGIONAL HOSPITAL,GRAND JUNCTION,CO,81501,MESA,208.0,202.0,282.0,,2.0,,high,Acute Care Hospitals,Voluntary non-profit - Church,Yes
060024,UNIVERSITY OF COLORADO HOSPITAL AUTHORITY,AURORA,CO,80045,ADAMS,103.0,102.0,129.0,,0.0,,very high,Acute Care Hospitals,Government - Hospital District or Authority,Yes
060027,BOULDER COMMUNITY HEALTH,BOULDER,CO,80304,BOULDER,135.0,135.0,140.0,,1.0,44.0,high,Acute Care Hospitals,Voluntary non-profit - Private,Yes
060028,SAINT JOSEPH HOSPITAL,DENVER,CO,80218,DENVER,170.0,165.0,236.0,,1.0,90.0,very high,Acute Care Hospitals,Voluntary non-profit - Private,Yes
060030,BANNER NORTH CO MEDICAL CENTER - LOVELAND CAMPUS,LOVELAND,CO,80538,LARIMER,146.0,140.0,238.0,212.0,1.0,,low,Acute Care Hospitals,Voluntary non-profit - Private,Yes
060031,CENTURA HEALTH-PENROSE ST FRANCIS HEALTH SERVICES,COLORADO SPRINGS,CO,80907,EL PASO,201.0,193.0,299.0,,2.0,68.0,very high,Acute Care Hospitals,Voluntary non-profit - Private,Yes
060032,HCA HEALTHONE ROSE,DENVER,CO,80220,DENVER,135.0,130.0,172.0,,1.0,,medium,Acute Care Hospitals,Proprietary,Yes
060034,HCA-HEALTHONE DBA SWEDISH MEDICAL CENTER,ENGLEWOOD,CO,80113,ARAPAHOE,127.0,122.0,411.0,,1.0,,very high,Acute Care Hospitals,Proprietary,Yes
06003F,Evans ACH (FT Carson),Fort Carson,CO,80913,EL PASO,,128.0,,,1.0,,high,Acute Care - Department of Defense,Department of Defense,Yes
060044,ST ELIZABETH HOSPITAL,FORT MORGAN,CO,80701,MORGAN,114.0,106.0,337.0,240.0,0.0,,low,Acute Care Hospitals,Voluntary non-profit - Other,Yes
060049,UCHEALTH YAMPA VALLEY MEDICAL CENTER,STEAMBOAT SPRINGS,CO,80487,ROUTT,120.0,116.0,188.0,,0.0,,low,Acute Care Hospitals,Voluntary non-profit - Private,Yes
060054,COMMUNITY HOSPITAL,GRAND JUNCTION,CO,81505,MESA,137.0,135.0,122.0,,2.0,,medium,Acute Care Hospitals,Voluntary non-profit - Private,Yes
060064,AdventHealth Porter,DENVER,CO,80210,DENVER,216.0,199.0,477.0,,0.0,,low,Acute Care Hospitals,Voluntary non-profit - Private,Yes
060065,HCA HEALTHONE MOUNTAIN RIDGE,THORNTON,CO,80229,ADAMS,131.0,126.0,199.0,323.0,0.0,85.0,high,Acute Care Hospitals,Voluntary non-profit - Private,Yes
060071,DELTA COUNTY MEMORIAL HOSPITAL,DELTA,CO,81416,DELTA,143.0,143.0,,,3.0,44.0,low,Acute Care Hospitals,Government - Local,Yes
060075,VALLEY VIEW HOSPITAL ASSOCIATION,GLENWOOD SPRINGS,CO,81601,GARFIELD,158.0,152.0,275.0,256.0,1.0,76.0,low,Acute Care Hospitals,Voluntary non-profit - Private,Yes
060076,STERLING REGIONAL MEDCENTER,STERLING,CO,80751,LOGAN,103.0,97.0,151.0,218.0,1.0,64.0,low,Acute Care Hospitals,Voluntary non-profit - Private,Yes
060096,VAIL HEALTH HOSPITAL,VAIL,CO,81657,EAGLE,144.0,141.0,304.0,255.0,1.0,,low,Acute Care Hospitals,Voluntary non-profit - Other,Yes
060100,THE MEDICAL CENTER OF AURORA & SOUTH HOSPITAL,AURORA,CO,80012,ARAPAHOE,142.0,134.0,350.0,,1.0,60.0,very high,Acute Care Hospitals,Proprietary,Yes
060103,ADVENTHEALTH AVISTA,LOUISVILLE,CO,80027,BOULDER,169.0,166.0,393.0,,0.0,,low,Acute Care Hospitals,Voluntary non-profit - Church,No
060104,CENTURA HEALTH-ST ANTHONY NORTH HEALTH CAMPUS,WESTMINSTER,CO,80023,BROOMFIELD,163.0,160.0,302.0,,1.0,64.0,high,Acute Care Hospitals,Voluntary non-profit - Private,Yes
060107,NATIONAL JEWISH HEALTH,DENVER,CO,80206,DENVER,,,,,,,,Acute Care Hospitals,Voluntary non-profit - Private,Yes
060112,SKY RIDGE MEDICAL CENTER,LONE TREE,CO,80124,DOUGLAS,140.0,139.0,275.0,,0.0,75.0,high,Acute Care Hospitals,Voluntary non-profit - Other,Yes
060113,AdventHealth Littleton,LITTLETON,CO,80122,ARAPAHOE,172.0,166.0,304.0,,1.0,,medium,Acute Care Hospitals,Voluntary non-profit - Church,Yes
060114,AdventHealth Parker,PARKER,CO,80138,DOUGLAS,174.0,165.0,520.0,400.0,1.0,61.0,high,Acute Care Hospitals,Voluntary non-profit - Private,Yes
060116,GOOD SAMARITAN MEDICAL CENTER LLC,LAFAYETTE,CO,80026,BOULDER,184.0,176.0,283.0,,1.0,87.0,medium,Acute Care Hospitals,Voluntary non-profit - Private,Yes
060117,"ANIMAS SURGICAL HOSPITAL, LLC",DURANGO,CO,81301,LA PLATA,99.0,99.0,,,1.0,,low,Acute Care Hospitals,Physician,Yes
060118,ST ANTHONY SUMMIT MEDICAL CENTER,FRISCO,CO,80443,SUMMIT,158.0,151.0,392.0,297.0,0.0,64.0,low,Acute Care Hospitals,Voluntary non-profit - Church,Yes
060119,MEDICAL CENTER OF THE ROCKIES,LOVELAND,CO,80538,LARIMER,134.0,133.0,164.0,,0.0,31.0,high,Acute Care Hospitals,Voluntary non-profit - Private,Yes
060124,ORTHOCOLORADO HOSP AT ST ANTHONY MED CAMPUS,LAKEWOOD,CO,80228,JEFFERSON,,,,,,,,Acute Care Hospitals,Proprietary,Yes
060125,ADVENTHEALTH CASTLE ROCK,CASTLE ROCK,CO,80109,DOUGLAS,175.0,165.0,404.0,,1.0,,medium,Acute Care Hospitals,Voluntary non-profit - Private,Yes
060126,BANNER FORT COLLINS MEDICAL CENTER,FORT COLLINS,CO,80528,LARIMER,120.0,118.0,95.0,280.0,0.0,,low,Acute Care Hospitals,Voluntary non-profit - Other,Yes
060128,LONGS PEAK HOSPITAL,LONGMONT,CO,80504,BOULDER,134.0,130.0,268.0,,0.0,,medium,Acute Care Hospitals,Voluntary non-profit - Private,Yes
060129,UCHEALTH BROOMFIELD HOSPITAL,BROOMFIELD,CO,80021,JEFFERSON,107.0,105.0,107.0,303.0,1.0,,low,Acute Care Hospitals,Proprietary,Yes
060130,UCHEALTH GRANDVIEW HOSPITAL,COLORADO SPRINGS,CO,80918,EL PASO,102.0,101.0,,,1.0,,low,Acute Care Hospitals,Voluntary non-profit - Private,Yes
060131,UCHEALTH GREELEY HOSPITAL,GREELEY,CO,80634,WELD,138.0,132.0,200.0,,0.0,,high,Acute Care Hospitals,Voluntary non-profit - Private,Yes
060132,UCHEALTH HIGHLANDS RANCH HOSPITAL,HIGHLANDS RANCH,CO,80129,DOUGLAS,165.0,164.0,224.0,,0.0,,medium,Acute Care Hospitals,Voluntary non-profit - Private,Yes
060133,ST FRANCIS HOSPITAL - INTERQUEST,COLORADO SPRINGS,CO,80921,EL PASO,122.0,118.0,200.0,222.0,0.0,,low,Acute Care Hospitals,Voluntary non-profit - Private,Yes
061300,WEISBROD MEMORIAL COUNTY HOSPITAL,EADS,CO,81036,KIOWA,124.0,118.0,114.0,264.0,1.0,,low,Critical Access Hospitals,Government - Hospital District or Authority,Yes
061301,RIO GRANDE HOSPITAL,DEL NORTE,CO,81132,RIO GRANDE,45.0,45.0,,,,,,Critical Access Hospitals,Proprietary,Yes
061302,FAMILY HEALTH WEST HOSPITAL,FRUITA,CO,81521,MESA,47.0,48.0,,,,,,Critical Access Hospitals,Voluntary non-profit - Private,Yes
061303,EAST MORGAN COUNTY HOSPITAL,BRUSH,CO,80723,MORGAN,112.0,111.0,,222.0,1.0,,low,Critical Access Hospitals,Voluntary non-profit - Private,Yes
061304,HAXTUN HOSPITAL DISTRICT,HAXTUN,CO,80731,PHILLIPS,146.0,141.0,191.0,218.0,,,,Critical Access Hospitals,Government - Hospital District or Authority,Yes
061305,MELISSA MEMORIAL HOSPITAL,HOLYOKE,CO,80734,PHILLIPS,152.0,140.0,,198.0,0.0,,low,Critical Access Hospitals,Government - Hospital District or Authority,Yes
061306,LINCOLN HEALTH HOSPITAL,HUGO,CO,80821,LINCOLN,102.0,94.0,179.0,217.0,0.0,,low,Critical Access Hospitals,Voluntary non-profit - Other,Yes
061307,RANGELY DISTRICT HOSPITAL,RANGELY,CO,81648,RIO BLANCO,192.0,182.0,,,2.0,,low,Critical Access Hospitals,Government - Hospital District or Authority,Yes
061308,SAN LUIS VALLEY HEALTH CONEJOS COUNTY HOSPITAL,LA JARA,CO,81140,CONEJOS,113.0,94.0,115.0,283.0,0.0,,low,Critical Access Hospitals,Voluntary non-profit - Private,No
061309,WRAY COMMUNITY DISTRICT HOSPITAL,WRAY,CO,80758,YUMA,111.0,109.0,,214.0,0.0,,low,Critical Access Hospitals,Government - Hospital District or Authority,Yes
061310,SEDGWICK COUNTY MEMORIAL HOSPITAL,JULESBURG,CO,80737,SEDGWICK,134.0,123.0,316.0,273.0,,,,Critical Access Hospitals,Government - Local,Yes
061311,SOUTHEAST COLORADO HOSPITAL DISTRICT,SPRINGFIELD,CO,81073,BACA,160.0,154.0,,200.0,1.0,,low,Critical Access Hospitals,Government - Hospital District or Authority,Yes
061312,ESTES PARK MEDICAL CENTER,ESTES PARK,CO,80517,LARIMER,,,,,,,,Critical Access Hospitals,Government - Hospital District or Authority,Yes
061313,KIT CARSON COUNTY MEMORIAL HOSPITAL,BURLINGTON,CO,80807,KIT CARSON,131.0,115.0,221.0,249.0,0.0,,low,Critical Access Hospitals,Government - Hospital District or Authority,Yes
061314,"MEMORIAL HOSPITAL, THE",CRAIG,CO,81625,MOFFAT,127.0,122.0,212.0,226.0,0.0,,low,Critical Access Hospitals,Government - Local,Yes
061315,YUMA DISTRICT HOSPITAL,YUMA,CO,80759,YUMA,134.0,125.0,304.0,264.0,0.0,,low,Critical Access Hospitals,Government - Hospital District or Authority,Yes
061316,SPANISH PEAKS REGIONAL HEALTH CENTER,WALSENBURG,CO,81089,HUERFANO,117.0,117.0,180.0,,1.0,,low,Critical Access Hospitals,Government - Hospital District or Authority,Yes
061317,GRAND RIVER HOSPITAL DISTRICT,RIFLE,CO,81650,GARFIELD,116.0,110.0,250.0,245.0,0.0,,low,Critical Access Hospitals,Government - Hospital District or Authority,Yes
061318,MIDDLE PARK MEDICAL CENTER,KREMMLING,CO,80459,GRAND,135.0,132.0,,,1.0,,low,Critical Access Hospitals,Government - Hospital District or Authority,Yes
061319,ST VINCENT GENERAL HOSPITAL DISTRICT,LEADVILLE,CO,80461,LAKE,,,,,,,,Critical Access Hospitals,Government - Hospital District or Authority,Yes
061320,GUNNISON VALLEY HOSPITAL,GUNNISON,CO,81230,GUNNISON,145.0,134.0,489.0,161.0,2.0,,low,Critical Access Hospitals,Government - Local,Yes
061321,MT SAN RAFAEL HOSPITAL,TRINIDAD,CO,81082,LAS ANIMAS,113.0,107.0,122.0,323.0,0.0,,low,Critical Access Hospitals,Voluntary non-profit - Private,Yes
061322,HEART OF THE ROCKIES REGIONAL MEDICAL CENTER,SALIDA,CO,81201,CHAFFEE,,,,,,,,Critical Access Hospitals,Government - Hospital District or Authority,Yes
061323,PROWERS MEDICAL CENTER,LAMAR,CO,81052,PROWERS,133.0,118.0,288.0,387.0,1.0,,low,Critical Access Hospitals,Government - Hospital District or Authority,Yes
061324,ASPEN VALLEY HOSPITAL DISTRICT,ASPEN,CO,81611,PITKIN,,,,,,,,Critical Access Hospitals,Government - Hospital District or Authority,Yes
061325,EASTERN RIO BLANCO COUNTY HEALTH SERVICE DISTRICT,MEEKER,CO,81641,RIO BLANCO,206.0,208.0,,179.0,,,,Critical Access Hospitals,Government - Hospital District or Authority,Yes
061326,UCHEALTH PIKES PEAK REGIONAL HOSPITAL,WOODLAND PARK,CO,80863,TELLER,116.0,109.0,,261.0,0.0,,low,Critical Access Hospitals,Voluntary non-profit - Private,Yes
061327,SOUTHWEST MEMORIAL HOSPITAL,CORTEZ,CO,81321,MONTEZUMA,112.0,106.0,190.0,364.0,,46.0,,Critical Access Hospitals,Voluntary non-profit - Private,Yes
061328,PAGOSA SPRINGS MEDICAL CENTER,PAGOSA SPRINGS,CO,81147,ARCHULETA,151.0,141.0,160.0,290.0,2.0,,low,Critical Access Hospitals,Government - Hospital District or Authority,Yes
061336,ARKANSAS VALLEY REGIONAL MEDICAL CENTER,LAJUNA,CO,81050,OTERO,,,,,,,,Critical Access Hospitals,Voluntary non-profit - Private,Yes
061343,KEEFE MEMORIAL HOSPITAL,CHEYENNE WELLS,CO,80810,CHEYENNE,148.0,144.0,,299.0,,,,Critical Access Hospitals,Government - Hospital District or Authority,Yes
061344,ST THOMAS MORE HOSPITAL,CANON CITY,CO,81212,FREMONT,149.0,143.0,209.0,243.0,1.0,90.0,low,Critical Access Hospitals,Voluntary non-profit - Private,Yes
063301,CHILDREN'S HOSPITAL COLORADO,AURORA,CO,80045,ADAMS,,,,,,,,Childrens,Voluntary non-profit - Private,Yes
063303,CHILDREN'S HOSPITAL COLORADO - COLORADO SPRINGS,COLORADO SPRINGS,CO,80920,EL PASO,,,,,,,,Childrens,Voluntary non-profit - Private,Yes
070002,ST FRANCIS HOSPITAL & MEDICAL CENTER,HARTFORD,CT,6105,HARTFORD,279.0,275.0,433.0,,3.0,,very high,Acute Care Hospitals,Voluntary non-profit - Church,Yes
070003,DAY KIMBALL HOSPITAL,PUTNAM,CT,6260,WINDHAM,226.0,221.0,492.0,366.0,1.0,77.0,low,Acute Care Hospitals,Voluntary non-profit - Private,Yes
070004,SHARON HOSPITAL,SHARON,CT,6069,LITCHFIELD,139.0,130.0,,322.0,0.0,83.0,low,Acute Care Hospitals,Proprietary,Yes
070005,WATERBURY HOSPITAL,WATERBURY,CT,6721,NEW HAVEN,231.0,227.0,504.0,,3.0,92.0,medium,Acute Care Hospitals,Proprietary,Yes
070006,STAMFORD HOSPITAL,STAMFORD,CT,6904,FAIRFIELD,204.0,200.0,314.0,,2.0,,very high,Acute Care Hospitals,Voluntary non-profit - Private,Yes
070007,LAWRENCE & MEMORIAL HOSPITAL,NEW LONDON,CT,6320,NEW LONDON,128.0,131.0,80.0,,1.0,74.0,very high,Acute Care Hospitals,Voluntary non-profit - Private,Yes
070008,JOHNSON MEMORIAL HOSPITAL,STAFFORD SPRINGS,CT,6076,TOLLAND,190.0,182.0,494.0,293.0,1.0,,low,Acute Care Hospitals,Voluntary non-profit - Private,Yes
070010,BRIDGEPORT HOSPITAL,BRIDGEPORT,CT,6610,FAIRFIELD,134.0,140.0,70.0,,1.0,83.0,very high,Acute Care Hospitals,Voluntary non-profit - Private,Yes
070011,CHARLOTTE HUNGERFORD HOSPITAL,TORRINGTON,CT,6790,LITCHFIELD,146.0,147.0,104.0,,0.0,77.0,high,Acute Care Hospitals,Voluntary non-profit - Private,Yes
070016,SAINT MARY'S HOSPITAL,WATERBURY,CT,6706,NEW HAVEN,254.0,249.0,572.0,,5.0,100.0,high,Acute Care Hospitals,Voluntary non-profit - Church,Yes
070017,MIDSTATE MEDICAL CENTER,MERIDEN,CT,6450,NEW HAVEN,229.0,220.0,350.0,286.0,1.0,79.0,high,Acute Care Hospitals,Voluntary non-profit - Private,Yes
070018,GREENWICH HOSPITAL ASSOCIATION -,GREENWICH,CT,6830,FAIRFIELD,176.0,176.0,249.0,,1.0,,high,Acute Care Hospitals,Voluntary non-profit - Private,Yes
070020,MIDDLESEX HOSPITAL,MIDDLETOWN,CT,6457,MIDDLESEX,170.0,159.0,226.0,314.0,1.0,80.0,very high,Acute Care Hospitals,Voluntary non-profit - Private,Yes
070021,WINDHAM COMMUNITY MEMORIAL HOSPITAL,WILLIMANTIC,CT,6226,WINDHAM,150.0,138.0,391.0,329.0,1.0,75.0,medium,Acute Care Hospitals,Voluntary non-profit - Private,Yes
070022,YALE-NEW HAVEN HOSPITAL,NEW HAVEN,CT,6504,NEW HAVEN,193.0,198.0,161.0,,2.0,91.0,very high,Acute Care Hospitals,Voluntary non-profit - Private,Yes
070024,WILLIAM W BACKUS HOSPITAL,NORWICH,CT,6360,NEW LONDON,179.0,174.0,299.0,,1.0,61.0,very high,Acute Care Hospitals,Voluntary non-profit - Other,Yes
070025,HARTFORD HOSPITAL,HARTFORD,CT,6102,HARTFORD,268.0,269.0,241.0,,0.0,,very high,Acute Care Hospitals,Voluntary non-profit - Private,Yes
070027,MANCHESTER MEMORIAL HOSPITAL,MANCHESTER,CT,6040,HARTFORD,223.0,223.0,262.0,,3.0,80.0,medium,Acute Care Hospitals,Proprietary,Yes
070028,ST VINCENT'S MEDICAL CENTER,BRIDGEPORT,CT,6606,FAIRFIELD,228.0,228.0,200.0,,2.0,,very high,Acute Care Hospitals,Voluntary non-profit - Private,Yes
070029,BRISTOL HOSPITAL,BRISTOL,CT,6010,HARTFORD,194.0,190.0,203.0,290.0,3.0,87.0,medium,Acute Care Hospitals,Voluntary non-profit - Private,Yes
070031,GRIFFIN HOSPITAL,DERBY,CT,6418,NEW HAVEN,160.0,165.0,104.0,,2.0,82.0,medium,Acute Care Hospitals,Voluntary non-profit - Other,Yes
070033,DANBURY HOSPITAL,DANBURY,CT,6810,FAIRFIELD,212.0,209.0,317.0,,2.0,69.0,very high,Acute Care Hospitals,Voluntary non-profit - Private,Yes
070034,NORWALK HOSPITAL,NORWALK,CT,6856,FAIRFIELD,208.0,200.0,379.0,,1.0,,high,Acute Care Hospitals,Voluntary non-profit - Private,Yes
070035,THE HOSPITAL OF CENTRAL CONNECTICUT,NEW BRITAIN,CT,6050,HARTFORD,173.0,173.0,205.0,,3.0,95.0,very high,Acute Care Hospitals,Voluntary non-profit - Other,Yes
070036,JOHN DEMPSEY HOSPITAL OF THE UNIVERSITY OF CONNECT,FARMINGTON,CT,6032,HARTFORD,256.0,246.0,269.0,385.0,1.0,,high,Acute Care Hospitals,Government - Local,Yes
070038,THE CONNECTICUT HOSPICE INC.,BRANFORD,CT,6405,NEW HAVEN,,,,,,,,Acute Care Hospitals,Voluntary non-profit - Private,No
073300,CONNECTICUT CHILDRENS MEDICAL CENTER,HARTFORD,CT,6106,HARTFORD,,,,,,,,Childrens,Voluntary non-profit - Private,Yes
080001,CHRISTIANA HOSPITAL,NEWARK,DE,19718,NEW CASTLE,282.0,272.0,471.0,,6.0,70.0,very high,Acute Care Hospitals,Voluntary non-profit - Private,Yes
080003,ST FRANCIS HOSPITAL,WILMINGTON,DE,19805,NEW CASTLE,197.0,192.0,266.0,,8.0,,medium,Acute Care Hospitals,Voluntary non-profit - Private,Yes
080004,"BAYHEALTH MEDICAL CENTER, KENT CAMPUS",DOVER,DE,19901,KENT,274.0,268.0,474.0,,3.0,56.0,very high,Acute Care Hospitals,Voluntary non-profit - Private,Yes
080006,"TIDALHEALTH NANTICOKE, INC.",SEAFORD,DE,19973,SUSSEX,172.0,167.0,269.0,,4.0,60.0,medium,Acute Care Hospitals,Voluntary non-profit - Private,Yes
080007,BEEBE MEDICAL CENTER,LEWES,DE,19958,SUSSEX,184.0,174.0,,612.0,1.0,55.0,high,Acute Care Hospitals,Voluntary non-profit - Private,Yes
080009,"BAYHEALTH HOSPITAL, SUSSEX CAMPUS",MILFORD,DE,19963,SUSSEX,256.0,252.0,,,3.0,,high,Acute Care Hospitals,Voluntary non-profit - Private,Yes
083300,"NEMOURS CHILDREN'S HOSPITAL, DELAWARE",WILMINGTON,DE,19899,NEW CASTLE,,,,,,,,Childrens,Voluntary non-profit - Private,Yes
090001,GEORGE WASHINGTON UNIV HOSPITAL,WASHINGTON,DC,20037,THE DISTRICT,350.0,345.0,377.0,,12.0,,high,Acute Care Hospitals,Proprietary,Yes
090003,HOWARD UNIVERSITY HOSPITAL CORP,WASHINGTON,DC,20060,THE DISTRICT,230.0,222.0,265.0,,2.0,,high,Acute Care Hospitals,Voluntary non-profit - Other,No
090004,MEDSTAR GEORGETOWN UNIVERSITY HOSPITAL,WASHINGTON,DC,20007,THE DISTRICT,362.0,365.0,344.0,,10.0,,high,Acute Care Hospitals,Proprietary,Yes
090005,SIBLEY MEMORIAL HOSPITAL,WASHINGTON,DC,20016,THE DISTRICT,321.0,310.0,865.0,,2.0,,high,Acute Care Hospitals,Voluntary non-profit - Other,Yes
090008,UNITED MEDICAL CENTER,WASHINGTON,DC,20032,THE DISTRICT,260.0,264.0,,,8.0,,medium,Acute Care Hospitals,Proprietary,Yes
090011,MEDSTAR WASHINGTON HOSPITAL CENTER,WASHINGTON,DC,20010,THE DISTRICT,377.0,377.0,414.0,,5.0,,very high,Acute Care Hospitals,Voluntary non-profit - Other,Yes
093300,CHILDREN'S NATIONAL HOSPITAL,WASHINGTON,DC,20010,THE DISTRICT,,,,,,,,Childrens,Voluntary non-profit - Private,Yes
100001,SHANDS JACKSONVILLE,JACKSONVILLE,FL,32209,DUVAL,185.0,181.0,249.0,,4.0,,very high,Acute Care Hospitals,Voluntary non-profit - Private,Yes
100002,BETHESDA HOSPITAL EAST,BOYNTON BEACH,FL,33435,PALM BEACH,190.0,188.0,,,1.0,,very high,Acute Care Hospitals,Voluntary non-profit - Private,Yes
100006,ORLANDO HEALTH,ORLANDO,FL,32806,ORANGE,180.0,177.0,332.0,497.0,1.0,,very high,Acute Care Hospitals,Voluntary non-profit - Private,Yes
100007,ADVENTHEALTH ORLANDO,ORLANDO,FL,32803,ORANGE,160.0,160.0,167.0,,1.0,87.0,very high,Acute Care Hospitals,Voluntary non-profit - Private,Yes
100008,BAPTIST HOSPITAL OF MIAMI,MIAMI,FL,33176,MIAMI-DADE,236.0,236.0,,,0.0,89.0,very high,Acute Care Hospitals,Voluntary non-profit - Private,Yes
100012,LEE MEMORIAL HOSPITAL,FORT MYERS,FL,33901,LEE,223.0,222.0,257.0,,1.0,64.0,very high,Acute Care Hospitals,Government - Hospital District or Authority,Yes
100014,ADVENTHEALTH NEW SMYRNA BEACH,NEW SMYRNA BEACH,FL,32170,VOLUSIA,144.0,141.0,,,1.0,84.0,medium,Acute Care Hospitals,Voluntary non-profit - Church,Yes
100017,HALIFAX HEALTH MEDICAL CENTER,DAYTONA BEACH,FL,32114,VOLUSIA,167.0,165.0,249.0,,2.0,,very high,Acute Care Hospitals,Government - Hospital District or Authority,Yes
100018,NAPLES COMMUNITY HOSPITAL,NAPLES,FL,34102,COLLIER,171.0,171.0,224.0,,1.0,57.0,very high,Acute Care Hospitals,Voluntary non-profit - Private,Yes
100019,HOLMES REGIONAL MEDICAL CENTER,MELBOURNE,FL,32901,BREVARD,216.0,214.0,232.0,,3.0,67.0,very high,Acute Care Hospitals,Voluntary non-profit - Private,Yes
100022,JACKSON HEALTH SYSTEM,MIAMI,FL,33136,MIAMI-DADE,206.0,205.0,260.0,234.0,1.0,53.0,very high,Acute Care Hospitals,Government - Hospital District or Authority,Yes
100023,HCA FLORIDA CITRUS HOSPITAL,INVERNESS,FL,34452,CITRUS,164.0,162.0,,,0.0,80.0,high,Acute Care Hospitals,Government - Hospital District or Authority,Yes
100025,SACRED HEART HOSPITAL,PENSACOLA,FL,32504,ESCAMBIA,147.0,145.0,,,,,,Acute Care Hospitals,Voluntary non-profit - Private,Yes
100026,ASCENSION SACRED HEART BAY,PANAMA CITY,FL,32401,BAY,181.0,176.0,256.0,,,,,Acute Care Hospitals,Voluntary non-profit - Private,Yes
100028,PARRISH MEDICAL CENTER,TITUSVILLE,FL,32796,BREVARD,212.0,205.0,232.0,304.0,2.0,69.0,medium,Acute Care Hospitals,Government - Hospital District or Authority,Yes
100029,NORTH SHORE MEDICAL CENTER,MIAMI,FL,33150,MIAMI-DADE,181.0,180.0,238.0,,2.0,,high,Acute Care Hospitals,Proprietary,Yes
100030,ORLANDO HEALTH-HEALTH CENTRAL HOSPITAL,OCOEE,FL,34761,ORANGE,150.0,149.0,232.0,233.0,1.0,,very high,Acute Care Hospitals,Government - State,Yes
100032,ORLANDO HEALTH BAYFRONT HOSPITAL,SAINT PETERSBURG,FL,33701,PINELLAS,130.0,130.0,179.0,,0.0,,very high,Acute Care Hospitals,Voluntary non-profit - Private,Yes
100034,"MOUNT SINAI MEDICAL CENTER OF FLORIDA, INC",MIAMI BEACH,FL,33140,MIAMI-DADE,178.0,174.0,213.0,404.0,1.0,,very high,Acute Care Hospitals,Voluntary non-profit - Private,Yes
100035,MANATEE MEMORIAL HOSPITAL,BRADENTON,FL,34208,MANATEE,144.0,136.0,295.0,,1.0,,very high,Acute Care Hospitals,Proprietary,Yes
100038,MEMORIAL REGIONAL HOSPITAL,HOLLYWOOD,FL,33021,BROWARD,160.0,157.0,203.0,,1.0,,very high,Acute Care Hospitals,Government - Hospital District or Authority,Yes
100039,BROWARD HEALTH MEDICAL CENTER,FORT LAUDERDALE,FL,33316,BROWARD,188.0,183.0,470.0,,2.0,,very high,Acute Care Hospitals,Government - Hospital District or Authority,Yes
100040,ASCENSION ST VINCENT'S RIVERSIDE,JACKSONVILLE,FL,32204,DUVAL,164.0,162.0,,,,42.0,,Acute Care Hospitals,Voluntary non-profit - Private,Yes
100043,MEASE DUNEDIN HOSPITAL,DUNEDIN,FL,34698,PINELLAS,156.0,149.0,290.0,270.0,1.0,,medium,Acute Care Hospitals,Voluntary non-profit - Private,Yes
100044,CLEVELAND CLINIC MARTIN NORTH HOSPITAL,STUART,FL,34994,MARTIN,186.0,183.0,250.0,386.0,0.0,93.0,very high,Acute Care Hospitals,Voluntary non-profit - Private,Yes
100045,ADVENTHEALTH DELAND,DELAND,FL,32720,VOLUSIA,161.0,159.0,249.0,,1.0,72.0,high,Acute Care Hospitals,Voluntary non-profit - Church,Yes
100046,Adventhealth Zephyrhills,ZEPHYRHILLS,FL,33541,PASCO,154.0,150.0,236.0,,1.0,69.0,high,Acute Care Hospitals,Voluntary non-profit - Church,Yes
100049,HCA FLORIDA HIGHLANDS HOSPITAL,SEBRING,FL,33870,HIGHLANDS,136.0,130.0,,304.0,1.0,,medium,Acute Care Hospitals,Proprietary,Yes
100050,LARKIN COMMUNITY HOSPITAL PALM SPRINGS CAMPUS,HIALEAH,FL,33012,MIAMI-DADE,218.0,198.0,234.0,254.0,1.0,,low,Acute Care Hospitals,Voluntary non-profit - Private,Yes
100051,ORLANDO HEALTH SOUTH LAKE HOSPITAL,CLERMONT,FL,34711,LAKE,139.0,137.0,180.0,283.0,0.0,65.0,very high,Acute Care Hospitals,Government - Hospital District or Authority,Yes
100052,WINTER HAVEN HOSPITAL,WINTER HAVEN,FL,33881,POLK,194.0,193.0,240.0,,2.0,80.0,very high,Acute Care Hospitals,Voluntary non-profit - Private,Yes
100053,HIALEAH HOSPITAL,HIALEAH,FL,33013,MIAMI-DADE,130.0,130.0,,,1.0,,medium,Acute Care Hospitals,Proprietary,Yes
100054,HCA FLORIDA TWIN CITIES HOSPITAL,NICEVILLE,FL,32578,OKALOOSA,119.0,114.0,,249.0,1.0,78.0,medium,Acute Care Hospitals,Proprietary,Yes
100055,ADVENTHEALTH NORTH PINELLAS,TARPON SPRINGS,FL,34689,PINELLAS,138.0,132.0,,248.0,0.0,,medium,Acute Care Hospitals,Voluntary non-profit - Other,Yes
100057,ADVENTHEALTH WATERMAN,TAVARES,FL,32778,LAKE,210.0,206.0,,,1.0,,very high,Acute Care Hospitals,Voluntary non-profit - Church,No
100062,ADVENTHEALTH OCALA,OCALA,FL,34474,MARION,156.0,150.0,,,1.0,,very high,Acute Care Hospitals,Government - Hospital District or Authority,Yes
100063,MORTON PLANT NORTH BAY HOSPITAL,NEW PORT RICHEY,FL,34652,PASCO,208.0,203.0,346.0,362.0,2.0,,high,Acute Care Hospitals,Voluntary non-profit - Private,Yes
100067,ST ANTHONYS HOSPITAL,SAINT PETERSBURG,FL,33705,PINELLAS,203.0,202.0,250.0,,2.0,45.0,very high,Acute Care Hospitals,Voluntary non-profit - Church,Yes
100068,ADVENTHEALTH DAYTONA BEACH,DAYTONA BEACH,FL,32117,VOLUSIA,155.0,149.0,,424.0,1.0,,very high,Acute Care Hospitals,Voluntary non-profit - Church,Yes
100069,AdventHealth Carrollwood,TAMPA,FL,33614,HILLSBOROUGH,141.0,139.0,,,1.0,,high,Acute Care Hospitals,Voluntary non-profit - Church,Yes
100071,TAMPA GENERAL HOSPITAL BROOKSVILLE,BROOKSVILLE,FL,34601,HERNANDO,170.0,164.0,268.0,,1.0,,high,Acute Care Hospitals,Voluntary non-profit - Church,Yes
100072,ADVENTHEALTH FISH MEMORIAL,ORANGE CITY,FL,32763,VOLUSIA,146.0,143.0,,,1.0,50.0,very high,Acute Care Hospitals,Voluntary non-profit - Church,Yes
100073,HOLY CROSS HOSPITAL,FT LAUDERDALE,FL,33308,BROWARD,161.0,159.0,207.0,,2.0,,very high,Acute Care Hospitals,Voluntary non-profit - Church,Yes
100075,ST JOSEPHS HOSPITAL,TAMPA,FL,33607,HILLSBOROUGH,189.0,187.0,277.0,,2.0,57.0,very high,Acute Care Hospitals,Voluntary non-profit - Church,Yes
100077,Adventhealth Port Charlotte,PORT CHARLOTTE,FL,33952,CHARLOTTE,135.0,132.0,240.0,304.0,1.0,,medium,Acute Care Hospitals,Proprietary,Yes
100080,HCA FLORIDA JFK HOSPITAL,ATLANTIS,FL,33462,PALM BEACH,146.0,140.0,330.0,,1.0,,very high,Acute Care Hospitals,Proprietary,Yes
100084,UF HEALTH LEESBURG HOSPITAL,LEESBURG,FL,34748,LAKE,173.0,166.0,237.0,,1.0,83.0,high,Acute Care Hospitals,Voluntary non-profit - Private,Yes
100086,BROWARD HEALTH NORTH,DEERFIELD BEACH,FL,33064,BROWARD,192.0,187.0,292.0,,0.0,,high,Acute Care Hospitals,Government - Hospital District or Authority,Yes
100087,SARASOTA MEMORIAL HOSPITAL,SARASOTA,FL,34239,SARASOTA,199.0,198.0,240.0,,1.0,91.0,very high,Acute Care Hospitals,Government - Hospital District or Authority,Yes
100088,BAPTIST HEALTH MEDICAL CENTER - JACKSONVILLE,JACKSONVILLE,FL,32207,DUVAL,172.0,169.0,304.0,,2.0,50.0,very high,Acute Care Hospitals,Voluntary non-profit - Private,Yes
100090,FLAGLER HOSPITAL,SAINT AUGUSTINE,FL,32086,ST. JOHNS,165.0,166.0,152.0,,1.0,69.0,high,Acute Care Hospitals,Voluntary non-profit - Private,Yes
100093,BAPTIST HOSPITAL,PENSACOLA,FL,32503,ESCAMBIA,205.0,201.0,202.0,315.0,1.0,94.0,very high,Acute Care Hospitals,Voluntary non-profit - Private,Yes
100099,ADVENTHEALTH LAKE WALES,LAKE WALES,FL,33853,POLK,134.0,126.0,194.0,177.0,1.0,,medium,Acute Care Hospitals,Proprietary,Yes
100105,CLEVELAND CLINIC INDIAN RIVER HOSPITAL,VERO BEACH,FL,32960,INDIAN RIVER,216.0,216.0,154.0,,2.0,,high,Acute Care Hospitals,Voluntary non-profit - Private,Yes
100107,HCA FLORIDA LEHIGH HOSPITAL,LEHIGH ACRES,FL,33936,LEE,138.0,136.0,,,2.0,,medium,Acute Care Hospitals,Proprietary,Yes
100109,ADVENTHEALTH SEBRING,SEBRING,FL,33872,HIGHLANDS,148.0,147.0,,,1.0,79.0,high,Acute Care Hospitals,Voluntary non-profit - Private,Yes
100110,HCA FLORIDA OSCEOLA HOSPITAL,KISSIMMEE,FL,34741,OSCEOLA,116.0,115.0,412.0,,0.0,,very high,Acute Care Hospitals,Proprietary,Yes
100113,UF HEALTH SHANDS HOSPITAL,GAINESVILLE,FL,32610,ALACHUA,250.0,248.0,347.0,,4.0,,very high,Acute Care Hospitals,Voluntary non-profit - Private,Yes
100117,BAPTIST MEDICAL CENTER  BEACHES,JACKSONVILLE BEACH,FL,32250,DUVAL,193.0,192.0,,259.0,1.0,,medium,Acute Care Hospitals,Voluntary non-profit - Private,Yes
100118,AdventHealth Palm Coast,PALM COAST,FL,32164,FLAGLER,162.0,160.0,,,0.0,91.0,medium,Acute Care Hospitals,Voluntary non-profit - Church,Yes
100121,BARTOW REGIONAL MEDICAL CENTER,BARTOW,FL,33830,POLK,130.0,128.0,195.0,278.0,1.0,,high,Acute Care Hospitals,Proprietary,Yes
100122,NORTH OKALOOSA MEDICAL CENTER,CRESTVIEW,FL,32539,OKALOOSA,116.0,112.0,,,1.0,89.0,medium,Acute Care Hospitals,Voluntary non-profit - Private,Yes
100124,SANTA ROSA MEDICAL CENTER,MILTON,FL,32570,SANTA ROSA,122.0,122.0,150.0,,1.0,,medium,Acute Care Hospitals,Proprietary,Yes
100125,HOMESTEAD HOSPITAL,HOMESTEAD,FL,33033,MIAMI-DADE,230.0,228.0,,381.0,2.0,,very high,Acute Care Hospitals,Voluntary non-profit - Private,Yes
100126,HCA FLORIDA PASADENA HOSPITAL A PART OF HCA FLORID,SAINT PETERSBURG,FL,33707,PINELLAS,,,,,,,,Acute Care Hospitals,Proprietary,Yes
100127,MORTON PLANT HOSPITAL,CLEARWATER,FL,33756,PINELLAS,183.0,181.0,273.0,,2.0,50.0,very high,Acute Care Hospitals,Voluntary non-profit - Private,Yes
100128,TAMPA GENERAL HOSPITAL,TAMPA,FL,33606,HILLSBOROUGH,237.0,234.0,324.0,297.0,2.0,,very high,Acute Care Hospitals,Voluntary non-profit - Private,Yes
100130,LAKESIDE MEDICAL CENTER,BELLE GLADE,FL,33430,PALM BEACH,148.0,141.0,,229.0,2.0,,medium,Acute Care Hospitals,Government - Hospital District or Authority,Yes
100131,HCA FLORIDA AVENTURA HOSPITAL,AVENTURA,FL,33180,MIAMI-DADE,136.0,135.0,294.0,,0.0,,very high,Acute Care Hospitals,Voluntary non-profit - Private,Yes
100132,SOUTH FLORIDA BAPTIST HOSPITAL,PLANT CITY,FL,33563,HILLSBOROUGH,208.0,203.0,580.0,,2.0,,medium,Acute Care Hospitals,Voluntary non-profit - Private,Yes
100134,ED FRASER MEMORIAL HOSPITAL,MACCLENNY,FL,32063,BAKER,161.0,156.0,172.0,278.0,2.0,45.0,low,Acute Care Hospitals,Voluntary non-profit - Private,Yes
100135,TALLAHASSEE MEMORIAL HEALTHCARE,TALLAHASSEE,FL,32308,LEON,207.0,204.0,360.0,,2.0,57.0,very high,Acute Care Hospitals,Voluntary non-profit - Private,Yes
100137,ADVENTHEALTH HEART OF FLORIDA,DAVENPORT,FL,33837,POLK,131.0,130.0,,149.0,0.0,,very high,Acute Care Hospitals,Proprietary,Yes
10013F,NH Jacksonville,Jacksonville,FL,32214,DUVAL,,127.0,,,2.0,,medium,Acute Care - Department of Defense,Department of Defense,Yes
100140,BAPTIST MEDICAL CENTER - NASSAU,FERNANDINA BEACH,FL,32034,NASSAU,169.0,158.0,240.0,379.0,1.0,53.0,medium,Acute Care Hospitals,Voluntary non-profit - Private,Yes
100142,JACKSON HOSPITAL,MARIANNA,FL,32446,JACKSON,152.0,147.0,228.0,313.0,2.0,73.0,medium,Acute Care Hospitals,Government - Hospital District or Authority,Yes
100150,LOWER KEYS MEDICAL CENTER,KEY WEST,FL,33040,MONROE,133.0,128.0,317.0,254.0,2.0,80.0,medium,Acute Care Hospitals,Proprietary,Yes
100151,MAYO CLINIC,JACKSONVILLE,FL,32224,DUVAL,209.0,206.0,222.0,,1.0,,high,Acute Care Hospitals,Voluntary non-profit - Private,Yes
100154,SOUTH MIAMI HOSPITAL,MIAMI,FL,33143,MIAMI-DADE,196.0,196.0,,,1.0,,medium,Acute Care Hospitals,Voluntary non-profit - Private,Yes
100156,HCA FLORIDA LAKE CITY HOSPITAL,LAKE CITY,FL,32055,COLUMBIA,120.0,114.0,,257.0,1.0,60.0,very high,Acute Care Hospitals,Proprietary,Yes
100157,LAKELAND REGIONAL MEDICAL CENTER,LAKELAND,FL,33805,POLK,159.0,155.0,219.0,,1.0,97.0,very high,Acute Care Hospitals,Voluntary non-profit - Private,Yes
100161,CENTRAL FLORIDA LAKE MONROE HOSPITAL,SANFORD,FL,32771,SEMINOLE,123.0,121.0,,,1.0,,high,Acute Care Hospitals,Proprietary,Yes
100166,HCA FLORIDA SARASOTA DOCTORS HOSPITAL,SARASOTA,FL,34233,SARASOTA,113.0,108.0,135.0,,1.0,,medium,Acute Care Hospitals,Proprietary,Yes
100167,HCA FLORIDA MERCY HOSPITAL,PLANTATION,FL,33317,BROWARD,132.0,134.0,103.0,,0.0,,high,Acute Care Hospitals,Voluntary non-profit - Private,Yes
100168,BOCA RATON REGIONAL HOSPITAL,BOCA RATON,FL,33486,PALM BEACH,180.0,180.0,,,2.0,92.0,high,Acute Care Hospitals,Voluntary non-profit - Private,Yes
100173,ADVENTHEALTH TAMPA,TAMPA,FL,33613,HILLSBOROUGH,148.0,145.0,,,1.0,,very high,Acute Care Hospitals,Voluntary non-profit - Private,Yes
100175,DESOTO MEMORIAL HOSPITAL,ARCADIA,FL,34266,DE SOTO,140.0,136.0,,264.0,3.0,58.0,low,Acute Care Hospitals,Voluntary non-profit - Private,Yes
100176,PALM BEACH GARDENS MEDICAL CENTER,PALM BEACH GARDENS,FL,33410,PALM BEACH,139.0,138.0,128.0,201.0,1.0,,medium,Acute Care Hospitals,Proprietary,Yes
100177,CAPE CANAVERAL HOSPITAL,COCOA BEACH,FL,32931,BREVARD,172.0,170.0,219.0,,0.0,69.0,medium,Acute Care Hospitals,Voluntary non-profit - Private,Yes
100179,HCA FLORIDA MEMORIAL HOSPITAL,JACKSONVILLE,FL,32216,DUVAL,113.0,112.0,171.0,,1.0,,very high,Acute Care Hospitals,Proprietary,Yes
100180,HCA FLORIDA ST PETERSBURG HOSPITAL,SAINT PETERSBURG,FL,33710,PINELLAS,136.0,132.0,,,0.0,,medium,Acute Care Hospitals,Proprietary,Yes
100181,LARKIN COMMUNITY HOSPITAL,SOUTH MIAMI,FL,33143,MIAMI-DADE,133.0,127.0,189.0,124.0,0.0,,low,Acute Care Hospitals,Proprietary,Yes
100183,CORAL GABLES HOSPITAL,CORAL GABLES,FL,33134,MIAMI-DADE,127.0,127.0,112.0,,1.0,,medium,Acute Care Hospitals,Proprietary,Yes
100187,PALMETTO GENERAL HOSPITAL,HIALEAH,FL,33016,MIAMI-DADE,204.0,203.0,,,2.0,,medium,Acute Care Hospitals,Proprietary,Yes
100189,HCA FLORIDA NORTHWEST HOSPITAL,MARGATE,FL,33063,BROWARD,149.0,149.0,,,0.0,,high,Acute Care Hospitals,Proprietary,Yes
100191,HCA FLORIDA TRINITY HOSPITAL,TRINITY,FL,34655,PASCO,127.0,125.0,,240.0,0.0,,very high,Acute Care Hospitals,Proprietary,Yes
100200,BROWARD HEALTH IMPERIAL POINT,FORT LAUDERDALE,FL,33308,BROWARD,150.0,142.0,218.0,233.0,0.0,,medium,Acute Care Hospitals,Government - Hospital District or Authority,No
100204,HCA FLORIDA NORTH FLORIDA HOSPITAL,GAINESVILLE,FL,32605,ALACHUA,101.0,99.0,,,1.0,,very high,Acute Care Hospitals,Proprietary,Yes
100206,HCA FLORIDA SOUTH TAMPA HOSPITAL,TAMPA,FL,33609,HILLSBOROUGH,108.0,99.0,232.0,339.0,0.0,,high,Acute Care Hospitals,Proprietary,Yes
100209,HCA FLORIDA KENDALL HOSPITAL,MIAMI,FL,33175,MIAMI-DADE,131.0,126.0,312.0,,0.0,,very high,Acute Care Hospitals,Proprietary,Yes
100211,ADVENTHEALTH DADE CITY,DADE CITY,FL,33525,PASCO,143.0,137.0,208.0,268.0,1.0,,medium,Acute Care Hospitals,Proprietary,No
100212,MARION COMMUNTIY HOSPITAL,OCALA,FL,34471,MARION,119.0,114.0,,219.0,1.0,,very high,Acute Care Hospitals,Proprietary,Yes
100213,HCA FLORIDA BLAKE HOSPITAL,BRADENTON,FL,34209,MANATEE,130.0,127.0,174.0,,0.0,,high,Acute Care Hospitals,Proprietary,Yes
100217,ORLANDO HEALTH SEBASTIAN RIVER HOSPITAL,SEBASTIAN,FL,32958,INDIAN RIVER,168.0,164.0,165.0,,3.0,,low,Acute Care Hospitals,Voluntary non-profit - Private,Yes
10021F,96th Medical Group (Eglin AFB),Eglin AFB,FL,32542,OKALOOSA,,97.0,,,0.0,,medium,Acute Care - Department of Defense,Department of Defense,Yes
100220,GULF COAST MEDICAL CENTER LEE HEALTH,FORT MYERS,FL,33912,LEE,266.0,270.0,214.0,,2.0,59.0,very high,Acute Care Hospitals,Government - Hospital District or Authority,Yes
100223,HCA FLORIDA FORT WALTON-DESTIN HOSPITAL,FORT WALTON BEACH,FL,32547,OKALOOSA,143.0,139.0,242.0,,1.0,88.0,very high,Acute Care Hospitals,Proprietary,Yes
100224,UNIVERSITY HOSPITAL AND MEDICAL CENTER,TAMARAC,FL,33321,BROWARD,135.0,133.0,156.0,280.0,0.0,,high,Acute Care Hospitals,Proprietary,Yes
100226,HCA FLORIDA ORANGE PARK HOSPITAL,ORANGE PARK,FL,32073,CLAY,96.0,95.0,160.0,,1.0,,very high,Acute Care Hospitals,Voluntary non-profit - Other,Yes
100228,WESTSIDE REGIONAL MEDICAL CENTER,PLANTATION,FL,33324,BROWARD,124.0,121.0,,,0.0,,very high,Acute Care Hospitals,Proprietary,No
100230,MEMORIAL HOSPITAL PEMBROKE,PEMBROKE PINES,FL,33024,BROWARD,130.0,130.0,,,1.0,,medium,Acute Care Hospitals,Government - Hospital District or Authority,Yes
100231,HCA FLORIDA WEST HOSPITAL,PENSACOLA,FL,32514,ESCAMBIA,118.0,117.0,,,1.0,,very high,Acute Care Hospitals,Proprietary,Yes
100232,HCA FLORIDA PUTNAM HOSPITAL,PALATKA,FL,32177,PUTNAM,139.0,126.0,366.0,356.0,2.0,,medium,Acute Care Hospitals,Proprietary,Yes
100236,HCA FLORIDA FAWCETT HOSPITAL,PORT CHARLOTTE,FL,33952,CHARLOTTE,115.0,113.0,,323.0,1.0,,high,Acute Care Hospitals,Proprietary,Yes
100238,HCA FLORIDA NORTHSIDE HOSPITAL,SAINT PETERSBURG,FL,33709,PINELLAS,166.0,162.0,199.0,,0.0,,medium,Acute Care Hospitals,Proprietary,Yes
100242,HCA FLORIDA GULF COAST HOSPITAL,PANAMA CITY,FL,32405,BAY,136.0,134.0,274.0,,1.0,61.0,very high,Acute Care Hospitals,Proprietary,Yes
100243,HCA FLORIDA BRANDON HOSPITAL,BRANDON,FL,33511,HILLSBOROUGH,118.0,114.0,336.0,,1.0,,very high,Acute Care Hospitals,Proprietary,Yes
100244,CAPE CORAL HOSPITAL,CAPE CORAL,FL,33990,LEE,222.0,221.0,253.0,,1.0,83.0,very high,Acute Care Hospitals,Government - Hospital District or Authority,Yes
100246,HCA FLORIDA LAWNWOOD HOSPITAL,FORT PIERCE,FL,34950,ST. LUCIE,129.0,128.0,217.0,,0.0,,very high,Acute Care Hospitals,Proprietary,Yes
100248,HCA FLORIDA LARGO HOSPITAL,LARGO,FL,33770,PINELLAS,114.0,110.0,204.0,,1.0,,high,Acute Care Hospitals,Proprietary,Yes
100249,TAMPA GENERAL HOSPITAL CRYSTAL RIVER,CRYSTAL RIVER,FL,34428,CITRUS,133.0,133.0,,,1.0,,high,Acute Care Hospitals,Voluntary non-profit - Private,No
100252,HCA FLORIDA RAULERSON HOSPITAL,OKEECHOBEE,FL,34972,OKEECHOBEE,121.0,120.0,,236.0,1.0,100.0,medium,Acute Care Hospitals,Proprietary,No
100253,JUPITER MEDICAL CENTER,JUPITER,FL,33458,PALM BEACH,186.0,186.0,,,0.0,33.0,high,Acute Care Hospitals,Voluntary non-profit - Private,Yes
100254,HCA FLORIDA CAPITAL HOSPITAL,TALLAHASSEE,FL,32308,LEON,126.0,123.0,226.0,,2.0,,very high,Acute Care Hospitals,Proprietary,Yes
100256,HCA FLORIDA BAYONET POINT HOSPITAL,HUDSON,FL,34667,PASCO,167.0,166.0,180.0,,0.0,,high,Acute Care Hospitals,Proprietary,Yes
100258,DELRAY MEDICAL CENTER,DELRAY BEACH,FL,33484,PALM BEACH,145.0,144.0,199.0,,0.0,,high,Acute Care Hospitals,Proprietary,Yes
100259,HCA FLORIDA SOUTH SHORE HOSPITAL,SUN CITY CENTER,FL,33573,HILLSBOROUGH,148.0,146.0,138.0,,0.0,77.0,medium,Acute Care Hospitals,Proprietary,Yes
100260,ST LUCIE MEDICAL CENTER,PORT SAINT LUCIE,FL,34952,ST. LUCIE,112.0,108.0,,281.0,0.0,,very high,Acute Care Hospitals,Proprietary,Yes
100264,HCA FLORIDA OAK HILL HOSPITAL,BROOKSVILLE,FL,34613,HERNANDO,165.0,163.0,,260.0,0.0,86.0,very high,Acute Care Hospitals,Proprietary,Yes
100265,MEASE COUNTRYSIDE HOSPITAL,SAFETY HARBOR,FL,34695,PINELLAS,209.0,205.0,283.0,,0.0,92.0,very high,Acute Care Hospitals,Voluntary non-profit - Private,Yes
100266,GULF BREEZE HOSPITAL,GULF BREEZE,FL,32561,SANTA ROSA,175.0,174.0,133.0,,2.0,,low,Acute Care Hospitals,Voluntary non-profit - Other,Yes
100267,HCA FLORIDA ENGLEWOOD HOSPITAL,ENGLEWOOD,FL,34223,SARASOTA,160.0,156.0,151.0,267.0,0.0,,medium,Acute Care Hospitals,Proprietary,Yes
100268,WEST BOCA MEDICAL CENTER,BOCA RATON,FL,33428,PALM BEACH,138.0,137.0,,,1.0,,high,Acute Care Hospitals,Proprietary,Yes
100269,HCA FLORIDA PALMS WEST HOSPITAL,LOXAHATCHEE,FL,33470,PALM BEACH,126.0,125.0,,,0.0,,high,Acute Care Hospitals,Proprietary,Yes
100275,WELLINGTON REGIONAL MEDICAL CENTER,WELLINGTON,FL,33414,PALM BEACH,176.0,175.0,166.0,,0.0,,high,Acute Care Hospitals,Proprietary,Yes
100276,BROWARD HEALTH CORAL SPRINGS,CORAL SPRINGS,FL,33065,BROWARD,197.0,188.0,,334.0,1.0,,very high,Acute Care Hospitals,Government - Hospital District or Authority,Yes
100277,DOUGLAS GARDENS HOSPITAL,MIAMI,FL,33137,MIAMI-DADE,,,,,,,,Acute Care Hospitals,Voluntary non-profit - Private,No
100281,MEMORIAL HOSPITAL WEST,PEMBROKE PINES,FL,33028,BROWARD,200.0,200.0,,,1.0,,very high,Acute Care Hospitals,Government - Hospital District or Authority,Yes
100284,KERALTY HOSPITAL,MIAMI,FL,33155,MIAMI-DADE,221.0,210.0,384.0,333.0,0.0,,low,Acute Care Hospitals,Proprietary,Yes
100285,MEMORIAL HOSPITAL MIRAMAR,MIRAMAR,FL,33029,BROWARD,172.0,170.0,,185.0,1.0,,very high,Acute Care Hospitals,Government - Hospital District or Authority,Yes
100286,PHYSICIANS REGIONAL MEDICAL CENTER - PINE RIDGE,NAPLES,FL,34119,COLLIER,168.0,165.0,242.0,,1.0,25.0,high,Acute Care Hospitals,Proprietary,Yes
100287,GOOD SAMARITAN MEDICAL CENTER,WEST PALM BEACH,FL,33401,PALM BEACH,109.0,111.0,62.0,,0.0,,high,Acute Care Hospitals,Proprietary,Yes
100288,ST MARY'S MEDICAL CENTER,WEST PALM BEACH,FL,33407,PALM BEACH,156.0,155.0,,,1.0,,very high,Acute Care Hospitals,Proprietary,Yes
100289,CLEVELAND CLINIC HOSPITAL,WESTON,FL,33331,BROWARD,220.0,219.0,243.0,,0.0,,high,Acute Care Hospitals,Voluntary non-profit - Private,Yes
100290,"VILLAGES REGIONAL HOSPITAL, THE",THE VILLAGES,FL,32159,LAKE,164.0,160.0,,210.0,1.0,64.0,very high,Acute Care Hospitals,Voluntary non-profit - Private,Yes
100291,ORLANDO HEALTH MELBOURNE HOSPITAL,MELBOURNE,FL,32935,BREVARD,132.0,129.0,194.0,,1.0,,medium,Acute Care Hospitals,Voluntary non-profit - Private,Yes
100292,SACRED HEART HOSPITAL ON THE EMERALD COAST,MIRAMAR BEACH,FL,32550,WALTON,182.0,177.0,,324.0,,88.0,,Acute Care Hospitals,Voluntary non-profit - Other,Yes
100296,DOCTORS HOSPITAL,CORAL GABLES,FL,33146,MIAMI-DADE,158.0,158.0,,,0.0,,medium,Acute Care Hospitals,Voluntary non-profit - Other,Yes
100298,FLORIDA STATE HOSPITAL UNIT 31 MED,CHATTAHOOCHEE,FL,32324,GADSDEN,,,,,,,,Acute Care Hospitals,Government - State,No
100299,LAKEWOOD RANCH MEDICAL CENTER,BRADENTON,FL,34202,MANATEE,132.0,132.0,175.0,,1.0,,high,Acute Care Hospitals,Proprietary,Yes
100302,ORLANDO HEALTH ST CLOUD HOSPITAL,SAINT CLOUD,FL,34769,OSCEOLA,157.0,153.0,,267.0,0.0,,medium,Acute Care Hospitals,Proprietary,Yes
100307,ASCENSION ST VINCENT'S SOUTHSIDE,JACKSONVILLE,FL,32216,DUVAL,128.0,126.0,179.0,,,,,Acute Care Hospitals,Voluntary non-profit - Private,Yes
100313,ASCENSION SACRED HEART GULF,PORT SAINT JOE,FL,32456,GULF,108.0,105.0,,,,,,Acute Care Hospitals,Voluntary non-profit - Private,Yes
100314,WEST KENDALL BAPTIST HOSPITAL,MIAMI,FL,33196,MIAMI-DADE,181.0,179.0,,,1.0,90.0,very high,Acute Care Hospitals,Voluntary non-profit - Private,Yes
100315,VIERA HOSPITAL,MELBOURNE,FL,32940,BREVARD,196.0,194.0,,276.0,1.0,,medium,Acute Care Hospitals,Voluntary non-profit - Private,Yes
100316,PALM BAY HOSPITAL,PALM BAY,FL,32907,BREVARD,202.0,202.0,,,2.0,,high,Acute Care Hospitals,Proprietary,Yes
100319,ADVENTHEALTH WESLEY CHAPEL,WESLEY CHAPEL,FL,33544,PASCO,162.0,159.0,,326.0,0.0,,high,Acute Care Hospitals,Voluntary non-profit - Private,Yes
100320,HCA FLORIDA POINCIANA HOSPITAL,KISSIMMEE,FL,34758,OSCEOLA,115.0,114.0,114.0,375.0,1.0,,very high,Acute Care Hospitals,Proprietary,Yes
100321,ASCENSION ST VINCENT'S CLAY COUNTY,MIDDLEBURG,FL,32068,CLAY,188.0,188.0,,,,55.0,,Acute Care Hospitals,Voluntary non-profit - Private,Yes
100329,OVIEDO MEDICAL CENTER,OVIEDO,FL,32765,SEMINOLE,104.0,99.0,127.0,149.0,0.0,,medium,Acute Care Hospitals,Proprietary,Yes
100330,HALIFAX HEALTH /UF HEALTH MEDICAL CENTER OF DELTON,DELTONA,FL,32725,VOLUSIA,142.0,139.0,175.0,236.0,1.0,,low,Acute Care Hospitals,Government - Local,Yes
100350,UCF LAKE NONA HOSPITAL,ORLANDO,FL,32827,ORANGE,142.0,138.0,162.0,282.0,1.0,,low,Acute Care Hospitals,Proprietary,Yes
100359,SARASOTA MEMORIAL HOSPITAL - VENICE,NORTH VENICE,FL,34275,SARASOTA,239.0,235.0,234.0,372.0,1.0,73.0,high,Acute Care Hospitals,Government - Hospital District or Authority,Yes
100360,HCA FLORIDA UNIVERSITY HOSPITAL,DAVIE,FL,33328,BROWARD,131.0,129.0,170.0,,0.0,,medium,Acute Care Hospitals,Proprietary,Yes
100361,ASCENSION ST VINCENT'S ST JOHNS COUNTY,ST. JOHNS,FL,32259,ST. JOHNS,118.0,118.0,,,,,,Acute Care Hospitals,Voluntary non-profit - Private,Yes
100362,BAYCARE HOSPITAL WESLEY CHAPEL,WESLEY CHAPEL,FL,33544,PASCO,155.0,153.0,296.0,384.0,1.0,,medium,Acute Care Hospitals,Proprietary,Yes
100363,ADVENTHEALTH PALM COAST PARKWAY,PALM COAST,FL,32137,FLAGLER,166.0,164.0,,,0.0,,medium,Acute Care Hospitals,Voluntary non-profit - Private,Yes
100364,ADVENTHEALTH RIVERVIEW,RIVERVIEW,FL,33578,HILLSBOROUGH,184.0,181.0,,,,,,Acute Care Hospitals,Voluntary non-profit - Private,Yes
100365,NORTH WALTON DOCTORS HOSPITAL,DEFUNIAK SPRINGS,FL,32435,WALTON,,,,,,,,Acute Care Hospitals,Physician,Yes
101300,ADVENTHEALTH WAUCHULA,WAUCHULA,FL,33873,HARDEE,122.0,114.0,,299.0,0.0,,low,Critical Access Hospitals,Voluntary non-profit - Private,Yes
101303,LAKE BUTLER HOSPITAL,LAKE BUTLER,FL,32054,UNION,105.0,92.0,,172.0,1.0,,low,Critical Access Hospitals,Proprietary,Yes
101304,CALHOUN-LIBERTY HOSPITAL,BLOUNTSTOWN,FL,32424,CALHOUN,130.0,122.0,,275.0,1.0,,low,Critical Access Hospitals,Voluntary non-profit - Private,Yes
101305,GEORGE E WEEMS MEMORIAL HOSPITAL,APALACHICOLA,FL,32320,FRANKLIN,,,,,,,,Critical Access Hospitals,Government - Local,Yes
101307,DOCTORS MEMORIAL HOSPITAL,BONIFAY,FL,32425,HOLMES,128.0,121.0,190.0,269.0,0.0,,low,Critical Access Hospitals,Government - Hospital District or Authority,No
101308,NORTHWEST FLORIDA COMMUNITY HOSPITAL,CHIPLEY,FL,32428,WASHINGTON,,,,,,,,Critical Access Hospitals,Voluntary non-profit - Private,Yes
101309,HENDRY REGIONAL MEDICAL CENTER,CLEWISTON,FL,33440,HENDRY,147.0,141.0,352.0,288.0,1.0,50.0,low,Critical Access Hospitals,Voluntary non-profit - Other,Yes
101311,MADISON COUNTY MEMORIAL HOSPITAL,MADISON,FL,32340,MADISON,140.0,137.0,,,2.0,,low,Critical Access Hospitals,Government - Hospital District or Authority,Yes
101312,FISHERMEN'S COMMUNITY HOSPITAL,MARATHON,FL,33050,MONROE,130.0,118.0,196.0,287.0,0.0,87.0,low,Critical Access Hospitals,Voluntary non-profit - Private,Yes
101313,MARINERS HOSPITAL,TAVERNIER,FL,33070,MONROE,130.0,118.0,224.0,249.0,0.0,87.0,low,Critical Access Hospitals,Voluntary non-profit - Private,Yes
101314,DOCTORS MEMORIAL HOSPITAL INC,PERRY,FL,32347,TAYLOR,115.0,113.0,,268.0,1.0,,low,Critical Access Hospitals,Voluntary non-profit - Private,Yes
101315,JAY HOSPITAL,JAY,FL,32565,SANTA ROSA,143.0,137.0,,351.0,1.0,,low,Critical Access Hospitals,Voluntary non-profit - Private,Yes
103300,JOHNS HOPKINS ALL CHILDREN'S HOSPITAL,SAINT PETERSBURG,FL,33701,PINELLAS,,,,,,,,Childrens,Voluntary non-profit - Private,Yes
103301,NICKLAUS CHILDREN'S HOSPITAL,MIAMI,FL,33155,MIAMI-DADE,,,,,,,,Childrens,Voluntary non-profit - Private,Yes
103304,"NEMOURS CHILDRENS HOSPITAL, FLORIDA",ORLANDO,FL,32827,ORANGE,,,,,,,,Childrens,Voluntary non-profit - Private,Yes
110001,HAMILTON MEDICAL CENTER,DALTON,GA,30720,WHITFIELD,186.0,181.0,710.0,,1.0,80.0,high,Acute Care Hospitals,Voluntary non-profit - Private,No
110002,UPSON REGIONAL MEDICAL CENTER,THOMASTON,GA,30286,UPSON,186.0,174.0,399.0,,1.0,,medium,Acute Care Hospitals,Voluntary non-profit - Other,Yes
110003,Memorial Satilla Health,WAYCROSS,GA,31501,WARE,134.0,127.0,324.0,342.0,0.0,89.0,high,Acute Care Hospitals,Voluntary non-profit - Private,Yes
110005,NORTHSIDE HOSPITAL FORSYTH,CUMMING,GA,30041,FORSYTH,171.0,170.0,356.0,,1.0,73.0,very high,Acute Care Hospitals,Voluntary non-profit - Private,Yes
110006,ST MARY'S HOSPITAL,ATHENS,GA,30606,CLARKE,133.0,130.0,171.0,,1.0,,high,Acute Care Hospitals,Voluntary non-profit - Private,Yes
110007,PHOEBE PUTNEY MEMORIAL HOSPITAL,ALBANY,GA,31703,DOUGHERTY,331.0,330.0,375.0,,1.0,68.0,very high,Acute Care Hospitals,Government - Hospital District or Authority,Yes
110008,NORTHSIDE HOSPITAL CHEROKEE,CANTON,GA,30115,CHEROKEE,209.0,208.0,291.0,,1.0,73.0,very high,Acute Care Hospitals,Voluntary non-profit - Other,Yes
110010,EMORY UNIVERSITY HOSPITAL,ATLANTA,GA,30322,DE KALB,316.0,316.0,259.0,,2.0,,high,Acute Care Hospitals,Voluntary non-profit - Private,Yes
110011,TANNER MEDICAL CENTER - CARROLLTON,CARROLLTON,GA,30117,CARROLL,182.0,180.0,310.0,,2.0,81.0,high,Acute Care Hospitals,Government - Hospital District or Authority,No
110015,TANNER MEDICAL CENTER VILLA RICA,VILLA RICA,GA,30180,CARROLL,150.0,146.0,438.0,,1.0,,high,Acute Care Hospitals,Government - Hospital District or Authority,Yes
110016,WELLSTAR WEST GEORGIA MEDICAL CENTER,LAGRANGE,GA,30240,TROUP,154.0,151.0,514.0,,0.0,,high,Acute Care Hospitals,Voluntary non-profit - Private,Yes
110018,PIEDMONT NEWTON HOSPITAL,COVINGTON,GA,30014,NEWTON,225.0,217.0,431.0,,1.0,95.0,high,Acute Care Hospitals,Voluntary non-profit - Private,Yes
110023,ADVENTHEALTH GORDON,CALHOUN,GA,30701,GORDON,178.0,175.0,,404.0,1.0,,medium,Acute Care Hospitals,Voluntary non-profit - Church,No
110024,CANDLER HOSPITAL,SAVANNAH,GA,31405,CHATHAM,198.0,196.0,,,6.0,,high,Acute Care Hospitals,Voluntary non-profit - Private,Yes
110025,SOUTHEAST GEORGIA HEALTH SYSTEM- BRUNSWICK CAMPUS,BRUNSWICK,GA,31520,GLYNN,182.0,180.0,475.0,,2.0,96.0,very high,Acute Care Hospitals,Government - Hospital District or Authority,No
110027,"TY COBB REGIONAL MEDICAL CENTER, LLC",LAVONIA,GA,30553,FRANKLIN,106.0,104.0,,,1.0,,medium,Acute Care Hospitals,Voluntary non-profit - Private,Yes
110028,PIEDMONT AUGUSTA HOSPITAL,AUGUSTA,GA,30901,RICHMOND,207.0,204.0,290.0,,2.0,,very high,Acute Care Hospitals,Government - Hospital District or Authority,Yes
110029,"NORTHEAST GEORGIA MEDICAL CENTER, INC",GAINESVILLE,GA,30501,HALL,234.0,232.0,262.0,,1.0,57.0,very high,Acute Care Hospitals,Government - Local,Yes
110030,PIEDMONT CARTERSVILLE MEDICAL CENTER,CARTERSVILLE,GA,30120,BARTOW,172.0,169.0,,,1.0,75.0,high,Acute Care Hospitals,Voluntary non-profit - Private,Yes
110031,WELLSTAR SPALDING MEDICAL CENTER,GRIFFIN,GA,30223,SPALDING,204.0,192.0,396.0,,1.0,71.0,high,Acute Care Hospitals,Voluntary non-profit - Private,Yes
110032,STEPHENS COUNTY HOSPITAL,TOCCOA,GA,30577,STEPHENS,138.0,130.0,521.0,438.0,1.0,,low,Acute Care Hospitals,Government - Hospital District or Authority,Yes
110034,"WELLSTAR MCG HEALTH, AFFILIATED WITH MED COL",AUGUSTA,GA,30912,RICHMOND,267.0,251.0,590.0,,4.0,,very high,Acute Care Hospitals,Voluntary non-profit - Private,Yes
110035,WELLSTAR KENNESTONE REGIONAL MEDICAL CENTER,MARIETTA,GA,30060,COBB,266.0,262.0,501.0,,1.0,,very high,Acute Care Hospitals,Government - Hospital District or Authority,Yes
110036,SAVANNAH HEALTH SERVICES LLC DBA MEMORIAL HEALTH UNIVERSITY MEDICAL CENTER,SAVANNAH,GA,31404,CHATHAM,161.0,162.0,,,0.0,,very high,Acute Care Hospitals,Voluntary non-profit - Other,Yes
110038,ARCHBOLD MEMORIAL HOSPITAL,THOMASVILLE,GA,31792,THOMAS,236.0,233.0,344.0,,1.0,,medium,Acute Care Hospitals,Voluntary non-profit - Private,Yes
110041,NORTHEAST GEORGIA MEDICAL CENTER HABERSHAM,DEMOREST,GA,30535,HABERSHAM,160.0,151.0,,324.0,0.0,86.0,medium,Acute Care Hospitals,Government - Hospital District or Authority,Yes
110042,WELLSTAR PAULDING MEDICAL CENTER,HIRAM,GA,30141,PAULDING,200.0,200.0,,,1.0,,very high,Acute Care Hospitals,Voluntary non-profit - Other,No
110043,ST JOSEPH'S HOSPITAL - SAVANNAH,SAVANNAH,GA,31419,CHATHAM,206.0,203.0,,,6.0,92.0,high,Acute Care Hospitals,Voluntary non-profit - Private,Yes
110044,PHOEBE SUMTER MEDICAL CENTER,AMERICUS,GA,31719,SUMTER,224.0,216.0,428.0,522.0,5.0,75.0,medium,Acute Care Hospitals,Government - Hospital District or Authority,Yes
110045,"NGMC BARROW, LLC",WINDER,GA,30680,BARROW,139.0,134.0,223.0,350.0,1.0,91.0,medium,Acute Care Hospitals,Proprietary,Yes
110046,PIEDMONT WALTON HOSPITAL,MONROE,GA,30655,WALTON,146.0,142.0,,247.0,0.0,87.0,high,Acute Care Hospitals,Proprietary,Yes
110050,ADVENTHEALTH MURRAY,CHATSWORTH,GA,30705,MURRAY,149.0,144.0,275.0,367.0,2.0,100.0,medium,Acute Care Hospitals,Voluntary non-profit - Private,No
110051,UNION GENERAL HOSPITAL,BLAIRSVILLE,GA,30512,UNION,173.0,165.0,,391.0,1.0,73.0,medium,Acute Care Hospitals,Government - Local,No
110054,ATRIUM HEALTH FLOYD MEDICAL CENTER,ROME,GA,30162,FLOYD,147.0,146.0,152.0,,0.0,,very high,Acute Care Hospitals,Government - Hospital District or Authority,No
110064,PIEDMONT COLUMBUS REGIONAL MIDTOWN,COLUMBUS,GA,31901,MUSCOGEE,160.0,157.0,,,4.0,64.0,very high,Acute Care Hospitals,Voluntary non-profit - Other,Yes
110069,EMORY HOUSTON HOSPITAL WARNER ROBINS,WARNER ROBINS,GA,31093,HOUSTON,247.0,240.0,572.0,,1.0,94.0,medium,Acute Care Hospitals,Voluntary non-profit - Private,Yes
110071,APPLING HEALTHCARE,BAXLEY,GA,31513,APPLING,119.0,106.0,361.0,265.0,1.0,,low,Acute Care Hospitals,Government - Hospital District or Authority,Yes
110073,DORMINY MEDICAL CENTER,FITZGERALD,GA,31750,BEN HILL,173.0,157.0,304.0,355.0,4.0,52.0,low,Acute Care Hospitals,Government - Local,Yes
110074,PIEDMONT ATHENS REGIONAL MEDICAL CENTER,ATHENS,GA,30606,CLARKE,186.0,183.0,310.0,,2.0,70.0,very high,Acute Care Hospitals,Voluntary non-profit - Other,No
110075,EAST GEORGIA REGIONAL MEDICAL CENTER,STATESBORO,GA,30458,BULLOCH,133.0,130.0,140.0,,1.0,,high,Acute Care Hospitals,Proprietary,Yes
110076,EMORY DECATUR HOSPITAL,DECATUR,GA,30033,DE KALB,232.0,222.0,296.0,336.0,4.0,44.0,very high,Acute Care Hospitals,Voluntary non-profit - Private,No
110078,EMORY UNIVERSITY HOSPITAL MIDTOWN,ATLANTA,GA,30308,FULTON,288.0,289.0,257.0,,6.0,64.0,very high,Acute Care Hospitals,Voluntary non-profit - Private,Yes
110079,GRADY MEMORIAL HOSPITAL,ATLANTA,GA,30303,FULTON,336.0,357.0,241.0,,2.0,67.0,very high,Acute Care Hospitals,Voluntary non-profit - Private,Yes
110082,"SAINT JOSEPH'S HOSPITAL OF ATLANTA, INC",ATLANTA,GA,30342,FULTON,264.0,263.0,310.0,,3.0,,high,Acute Care Hospitals,Voluntary non-profit - Private,Yes
110083,"PIEDMONT HOSPITAL, INC",ATLANTA,GA,30309,FULTON,256.0,254.0,341.0,,1.0,,very high,Acute Care Hospitals,Government - Federal,No
110086,WASHINGTON COUNTY REGIONAL MEDICAL CENTER,SANDERSVILLE,GA,31082,WASHINGTON,126.0,118.0,,329.0,1.0,,low,Acute Care Hospitals,Government - Hospital District or Authority,No
110087,NORTHSIDE HOSPITAL GWINNETT,LAWRENCEVILLE,GA,30045,GWINNETT,276.0,272.0,384.0,,3.0,78.0,very high,Acute Care Hospitals,Government - Hospital District or Authority,Yes
110089,"COFFEE REGIONAL MEDICAL CENTER, INC",DOUGLAS,GA,31642,ATKINSON,218.0,215.0,287.0,,3.0,83.0,medium,Acute Care Hospitals,Government - Hospital District or Authority,Yes
110091,PIEDMONT ROCKDALE HOSPITAL,CONYERS,GA,30012,ROCKDALE,231.0,222.0,1038.0,,1.0,79.0,high,Acute Care Hospitals,Proprietary,No
110092,DODGE COUNTY HOSPITAL,EASTMAN,GA,31023,DODGE,173.0,160.0,536.0,407.0,2.0,,low,Acute Care Hospitals,Government - Hospital District or Authority,Yes
110095,TIFT REGIONAL MEDICAL CENTER,TIFTON,GA,31794,TIFT,260.0,255.0,502.0,,2.0,61.0,high,Acute Care Hospitals,Government - Hospital District or Authority,No
110100,JEFFERSON HOSPITAL,LOUISVILLE,GA,30434,JEFFERSON,104.0,99.0,,208.0,0.0,17.0,low,Acute Care Hospitals,Government - Hospital District or Authority,Yes
110101,"SOUTHWELL MEDICAL, A CAMPUS OF TRMC",ADEL,GA,31620,COOK,,,,,,,,Acute Care Hospitals,Proprietary,No
110104,CRISP REGIONAL HOSPITAL,CORDELE,GA,31015,CRISP,196.0,194.0,,212.0,4.0,,medium,Acute Care Hospitals,Proprietary,Yes
110105,COLQUITT REGIONAL MEDICAL CENTER,MOULTRIE,GA,31768,COLQUITT,176.0,173.0,,,3.0,,medium,Acute Care Hospitals,Government - Hospital District or Authority,No
110107,ATRIUM HEALTH NAVICENT THE MEDICAL CENTER,MACON,GA,31201,BIBB,188.0,182.0,412.0,,1.0,70.0,high,Acute Care Hospitals,Government - Hospital District or Authority,Yes
110109,EMANUEL MEDICAL CENTER,SWAINSBORO,GA,30401,EMANUEL,178.0,169.0,272.0,404.0,3.0,,low,Acute Care Hospitals,Government - Hospital District or Authority,Yes
110111,UNIVERSITY MCDUFFIE COUNTY REGIONAL MEDICAL CENTER,THOMSON,GA,30824,MC DUFFIE,152.0,141.0,444.0,331.0,2.0,,low,Acute Care Hospitals,Government - Hospital District or Authority,Yes
110113,BURKE MEDICAL CENTER,WAYNESBORO,GA,30830,BURKE,124.0,120.0,,214.0,1.0,,low,Acute Care Hospitals,Proprietary,No
110121,GRADY GENERAL HOSPITAL,CAIRO,GA,39828,GRADY,150.0,144.0,,252.0,4.0,,low,Acute Care Hospitals,Voluntary non-profit - Private,No
110122,SGMC HEALTH,VALDOSTA,GA,31602,LOWNDES,213.0,204.0,455.0,316.0,4.0,64.0,high,Acute Care Hospitals,Government - Hospital District or Authority,Yes
110124,WAYNE MEMORIAL HOSPITAL,JESUP,GA,31545,WAYNE,197.0,188.0,278.0,322.0,,16.0,,Acute Care Hospitals,Government - Hospital District or Authority,Yes
110125,FAIRVIEW PARK HOSPITAL,DUBLIN,GA,31021,LAURENS,143.0,138.0,450.0,368.0,0.0,96.0,high,Acute Care Hospitals,Proprietary,Yes
110128,MEMORIAL HEALTH MEADOWS HOSPITAL,VIDALIA,GA,30474,TOOMBS,145.0,134.0,210.0,340.0,0.0,84.0,medium,Acute Care Hospitals,Proprietary,Yes
110129,ST FRANCIS HOSPITAL- EMORY HEALTHCARE,COLUMBUS,GA,31995,MUSCOGEE,241.0,226.0,779.0,,3.0,46.0,high,Acute Care Hospitals,Voluntary non-profit - Private,No
110132,MEMORIAL HOSPITAL AND MANOR,BAINBRIDGE,GA,39819,DECATUR,169.0,162.0,320.0,401.0,2.0,92.0,low,Acute Care Hospitals,Government - Hospital District or Authority,No
110142,EVANS MEMORIAL HOSPITAL,CLAXTON,GA,30417,EVANS,140.0,136.0,,301.0,1.0,,low,Acute Care Hospitals,Government - Hospital District or Authority,Yes
110143,WELLSTAR COBB MEDICAL CENTER,AUSTELL,GA,30106,COBB,266.0,262.0,476.0,,1.0,87.0,very high,Acute Care Hospitals,Voluntary non-profit - Other,No
110146,SOUTHEAST GEORGIA HEALTH SYSTEM -- CAMDEN CAMPUS,SAINT MARYS,GA,31558,CAMDEN,162.0,156.0,332.0,358.0,2.0,58.0,medium,Acute Care Hospitals,Government - Hospital District or Authority,Yes
110150,NAVICENT HEALTH BALDWIN,MILLEDGEVILLE,GA,31061,BALDWIN,210.0,203.0,433.0,533.0,2.0,,medium,Acute Care Hospitals,Proprietary,Yes
110161,NORTHSIDE HOSPITAL,ATLANTA,GA,30342,FULTON,232.0,228.0,331.0,,1.0,67.0,very high,Acute Care Hospitals,Voluntary non-profit - Private,Yes
110164,"COLISEUM MEDICAL CENTERS, LLC, DBA",MACON,GA,31217,BIBB,240.0,232.0,449.0,420.0,2.0,92.0,high,Acute Care Hospitals,Voluntary non-profit - Private,Yes
110165,SOUTHERN REGIONAL MEDICAL CENTER,RIVERDALE,GA,30274,CLAYTON,272.0,265.0,706.0,,9.0,71.0,high,Acute Care Hospitals,Voluntary non-profit - Private,Yes
110168,ADVENTHEALTH REDMOND,ROME,GA,30165,FLOYD,171.0,170.0,245.0,,1.0,60.0,medium,Acute Care Hospitals,Proprietary,No
110177,DOCTORS HOSPITAL,AUGUSTA,GA,30909,RICHMOND,177.0,174.0,381.0,,1.0,63.0,very high,Acute Care Hospitals,Proprietary,Yes
110184,WELLSTAR DOUGLAS MEDICAL CENTER,DOUGLASVILLE,GA,30134,DOUGLAS,197.0,192.0,609.0,,2.0,52.0,very high,Acute Care Hospitals,Voluntary non-profit - Private,Yes
110190,FLINT RIVER COMMUNITY HOSPITAL,MONTEZUMA,GA,31063,DOOLY,,,,,,,,Acute Care Hospitals,Voluntary non-profit - Private,No
110191,PIEDMONT HENRY HOSPITAL,STOCKBRIDGE,GA,30281,HENRY,244.0,239.0,503.0,,4.0,79.0,very high,Acute Care Hospitals,Government - Hospital District or Authority,No
110192,PIEDMONT EASTSIDE MEDICAL CENTER,SNELLVILLE,GA,30078,GWINNETT,187.0,184.0,316.0,,2.0,100.0,very high,Acute Care Hospitals,Proprietary,Yes
110194,DONALSONVILLE HOSPITAL INC,DONALSONVILLE,GA,39845,SEMINOLE,193.0,188.0,198.0,438.0,1.0,,low,Acute Care Hospitals,Voluntary non-profit - Private,No
110198,WELLSTAR NORTH FULTON MEDICAL CENTER,ROSWELL,GA,30076,FULTON,180.0,176.0,232.0,,0.0,,high,Acute Care Hospitals,Proprietary,No
110200,PIEDMONT COLUMBUS REGIONAL NORTHSIDE,COLUMBUS,GA,31909,MUSCOGEE,201.0,200.0,,,2.0,,high,Acute Care Hospitals,Proprietary,No
110201,PIEDMONT MACON NORTH HOSPITAL,MACON,GA,31210,BIBB,194.0,192.0,,420.0,3.0,,medium,Acute Care Hospitals,Proprietary,Yes
110209,TURNING POINT HOSPITAL,MOULTRIE,GA,31788,COLQUITT,,,,,,,,Acute Care Hospitals,Proprietary,No
110215,PIEDMONT FAYETTE HOSPITAL,FAYETTEVILLE,GA,30214,FAYETTE,286.0,286.0,,,5.0,57.0,very high,Acute Care Hospitals,Voluntary non-profit - Private,Yes
110225,PIEDMONT MOUNTAINSIDE HOSPITAL INC,JASPER,GA,30143,PICKENS,156.0,153.0,,564.0,1.0,91.0,medium,Acute Care Hospitals,Voluntary non-profit - Other,No
110226,EMORY HILLANDALE HOSPITAL,LITHONIA,GA,30058,DE KALB,207.0,205.0,232.0,,2.0,79.0,very high,Acute Care Hospitals,Government - Hospital District or Authority,Yes
110229,"PIEDMONT NEWNAN HOSPITAL, INC",NEWNAN,GA,30265,COWETA,215.0,204.0,484.0,,1.0,54.0,very high,Acute Care Hospitals,Voluntary non-profit - Private,Yes
110230,EMORY JOHNS CREEK HOSPITAL,JOHNS CREEK,GA,30097,GWINNETT,210.0,210.0,236.0,,1.0,47.0,high,Acute Care Hospitals,Proprietary,Yes
110233,"SOUTHEASTERN REGIONAL MEDICAL CENTER, INC",NEWNAN,GA,30265,COWETA,,,,,,,,Acute Care Hospitals,Proprietary,No
110234,SGMC BERRIEN CAMPUS,NASHVILLE,GA,31639,BERRIEN,96.0,92.0,114.0,285.0,1.0,,low,Acute Care Hospitals,Voluntary non-profit - Other,Yes
110236,COMMONSPIRIT-MEMORIAL HOSPITAL-NORTH GEORGIA,RINGGOLD,GA,30736,CATOOSA,131.0,118.0,363.0,342.0,2.0,,low,Acute Care Hospitals,Voluntary non-profit - Private,Yes
110237,NORTHEAST GEORGIA MEDICAL CENTER LUMPKIN,DAHLONEGA,GA,30533,LUMPKIN,168.0,157.0,265.0,304.0,1.0,92.0,medium,Acute Care Hospitals,Voluntary non-profit - Other,Yes
110252,NORTHSIDE HOSPITAL DULUTH,DULUTH,GA,30096,GWINNETT,211.0,207.0,420.0,321.0,1.0,61.0,high,Acute Care Hospitals,Voluntary non-profit - Private,Yes
110253,SOUTH GEORGIA SPECIALTY HOSPITAL,ALBANY,GA,31701,DOUGHERTY,,,,,,,,Acute Care Hospitals,Proprietary,No
110256,TAYLOR REGIONAL HOSPITAL,HAWKINSVILLE,GA,31036,PULASKI,,,,,,,,Acute Care Hospitals,Voluntary non-profit - Private,Yes
11032F,Martin ACH (FT Benning),Fort Benning,GA,31905,CHATTAHOOCHEE,,143.0,,,2.0,,medium,Acute Care - Department of Defense,Department of Defense,Yes
11033F,Dwight Eisenhower AMC (FT Gordon),Fort Gordon,GA,30905,RICHMOND,,106.0,,,1.0,,medium,Acute Care - Department of Defense,Department of Defense,Yes
11035F,Winn ACH (FT Stewart),Fort Stewart,GA,31314,LIBERTY,,152.0,,,5.0,,medium,Acute Care - Department of Defense,Department of Defense,Yes
110779,IRWIN COUNTY HOSPITAL,OCILLA,GA,31774,IRWIN,,,,,,,,Rural Emergency Hospital,Government - Hospital District or Authority,Yes
111302,BLECKLEY MEMORIAL HOSPITAL,COCHRAN,GA,31014,BLECKLEY,140.0,127.0,,342.0,,55.0,,Critical Access Hospitals,Government - Hospital District or Authority,Yes
111303,JASPER MEMORIAL HOSPITAL,MONTICELLO,GA,31064,JASPER,88.0,84.0,,298.0,1.0,,low,Critical Access Hospitals,Government - Local,Yes
111304,MORGAN MEDICAL CENTER,MADISON,GA,30650,MORGAN,111.0,103.0,,262.0,1.0,50.0,low,Critical Access Hospitals,Government - Hospital District or Authority,Yes
111305,MILLER COUNTY HOSPITAL,COLQUITT,GA,39837,MILLER,90.0,85.0,198.0,237.0,0.0,,low,Critical Access Hospitals,Government - Hospital District or Authority,Yes
111306,EFFINGHAM HEALTH SYSTEM,SPRINGFIELD,GA,31329,EFFINGHAM,144.0,134.0,,222.0,2.0,100.0,medium,Critical Access Hospitals,Government - Hospital District or Authority,Yes
111308,CLINCH MEMORIAL HOSPITAL,HOMERVILLE,GA,31634,CLINCH,99.0,94.0,124.0,268.0,0.0,,low,Critical Access Hospitals,Government - Hospital District or Authority,Yes
111310,ATRIUM HEALTH NAVICENT PEACH,BYRON,GA,31008,PEACH,180.0,173.0,,446.0,2.0,,medium,Critical Access Hospitals,Voluntary non-profit - Private,Yes
111311,JENKINS COUNTY MEDICAL CENTER,MILLEN,GA,30442,JENKINS,105.0,98.0,122.0,296.0,1.0,,low,Critical Access Hospitals,Proprietary,Yes
111312,OPTIM MEDICAL CENTER - SCREVEN,SYLVANIA,GA,30467,SCREVEN,96.0,93.0,378.0,227.0,1.0,,low,Critical Access Hospitals,Proprietary,Yes
111313,PUTNAM GENERAL HOSPITAL,EATONTON,GA,31024,PUTNAM,128.0,123.0,218.0,412.0,2.0,,low,Critical Access Hospitals,Government - Hospital District or Authority,Yes
111314,LIFEBRITE COMMUNITY HOSPITAL OF EARLY,BLAKELY,GA,39823,EARLY,100.0,100.0,142.0,331.0,2.0,,low,Critical Access Hospitals,Voluntary non-profit - Private,Yes
111316,WARM SPRINGS MEDICAL CENTER,WARM SPRINGS,GA,31830,MERIWETHER,78.0,75.0,122.0,,,,,Critical Access Hospitals,Voluntary non-profit - Other,No
111318,MONROE COUNTY HOSPITAL,FORSYTH,GA,31029,MONROE,155.0,149.0,304.0,538.0,2.0,,low,Critical Access Hospitals,Government - Hospital District or Authority,Yes
111319,WELLSTAR SYLVAN GROVE MEDICAL CENTER,JACKSON,GA,30233,BUTTS,108.0,105.0,,360.0,1.0,,low,Critical Access Hospitals,Voluntary non-profit - Private,Yes
111320,HIGGINS GENERAL HOSPITAL,BREMEN,GA,30110,HARALSON,133.0,126.0,409.0,403.0,3.0,,low,Critical Access Hospitals,Government - Hospital District or Authority,No
111323,OPTIM MEDICAL CENTER - TATTNALL,REIDSVILLE,GA,30453,TATTNALL,70.0,66.0,313.0,228.0,,,,Critical Access Hospitals,Proprietary,Yes
111324,CHATUGE REGIONAL HOSPITAL,HIAWASSEE,GA,30546,TOWNS,159.0,156.0,240.0,282.0,1.0,,low,Critical Access Hospitals,Government - Hospital District or Authority,Yes
111325,WILLS MEMORIAL HOSPITAL,WASHINGTON,GA,30673,WILKES,108.0,105.0,158.0,295.0,1.0,,low,Critical Access Hospitals,Government - Hospital District or Authority,Yes
111326,SGMC HEALTH LANIER,LAKELAND,GA,31635,LANIER,86.0,84.0,,242.0,1.0,,low,Critical Access Hospitals,Government - Hospital District or Authority,Yes
111327,BACON COUNTY HOSPITAL,ALMA,GA,31510,BACON,155.0,150.0,253.0,322.0,4.0,,low,Critical Access Hospitals,Voluntary non-profit - Other,No
111328,PHOEBE WORTH MEDICAL CENTER,SYLVESTER,GA,31791,WORTH,111.0,104.0,154.0,306.0,,,,Critical Access Hospitals,Voluntary non-profit - Private,Yes
111329,ST MARYS GOOD SAMARITAN HOSPITAL,GREENSBORO,GA,30642,GREENE,123.0,122.0,,,1.0,,medium,Critical Access Hospitals,Proprietary,Yes
111330,ATRIUM HEALTH FLOYD POLK MEDICAL CENTER,CEDARTOWN,GA,30125,POLK,102.0,96.0,134.0,259.0,0.0,,medium,Critical Access Hospitals,Voluntary non-profit - Private,Yes
111331,ARCHBOLD MITCHELL,CAMILLA,GA,31730,MITCHELL,112.0,109.0,,338.0,,,,Critical Access Hospitals,Government - Hospital District or Authority,Yes
111332,ARCHBOLD BROOKS,QUITMAN,GA,31643,BROOKS,75.0,74.0,,,0.0,,low,Critical Access Hospitals,Government - Hospital District or Authority,Yes
111333,JEFF DAVIS HOSPITAL,HAZLEHURST,GA,31539,JEFF DAVIS,117.0,108.0,284.0,296.0,1.0,,low,Critical Access Hospitals,Government - Hospital District or Authority,Yes
111334,CANDLER COUNTY HOSPITAL,METTER,GA,30439,CANDLER,118.0,110.0,,250.0,1.0,,low,Critical Access Hospitals,Proprietary,Yes
111335,LIBERTY REGIONAL MEDICAL CENTER,HINESVILLE,GA,31313,LIBERTY,180.0,173.0,401.0,356.0,,8.0,,Critical Access Hospitals,Government - Hospital District or Authority,Yes
111336,MOUNTAIN LAKES MEDICAL CENTER,CLAYTON,GA,30525,RABUN,114.0,109.0,239.0,285.0,0.0,,low,Critical Access Hospitals,Proprietary,Yes
111337,ELBERT MEMORIAL HOSPITAL,ELBERTON,GA,30635,ELBERT,124.0,118.0,253.0,210.0,1.0,,low,Critical Access Hospitals,Government - Hospital District or Authority,No
111338,BLUE RIDGE MEDICAL CENTER,BLUE RIDGE,GA,30513,FANNIN,,,,,,,,Critical Access Hospitals,Voluntary non-profit - Other,Yes
113300,ATHUR M BLANK HOSPITAL,ATLANTA,GA,30329,DE KALB,,,,,,,,Childrens,Voluntary non-profit - Private,Yes
113301,CHILDREN'S HEALTHCARE OF ATLANTA AT SCOTTISH RITE,ATLANTA,GA,30342,FULTON,,,,,,,,Childrens,Voluntary non-profit - Other,Yes
120001,THE QUEENS MEDICAL CENTER,HONOLULU,HI,96813,HONOLULU,202.0,191.0,316.0,,1.0,35.0,very high,Acute Care Hospitals,Voluntary non-profit - Private,Yes
120002,MAUI MEMORIAL MEDICAL CENTER,WAILUKU,HI,96793,MAUI,146.0,140.0,260.0,,0.0,57.0,high,Acute Care Hospitals,Government - State,No
120005,HILO BENIOFF MEDICAL CENTER,HILO,HI,96720,HAWAII,149.0,148.0,196.0,,1.0,83.0,high,Acute Care Hospitals,Government - State,Yes
120006,ADVENTIST HEALTH CASTLE,KAILUA,HI,96734,HONOLULU,161.0,156.0,204.0,452.0,1.0,67.0,medium,Acute Care Hospitals,Voluntary non-profit - Church,Yes
120007,KUAKINI MEDICAL CENTER,HONOLULU,HI,96817,HONOLULU,149.0,149.0,157.0,,2.0,,low,Acute Care Hospitals,Voluntary non-profit - Private,Yes
120011,KAISER FOUNDATION HOSPITAL,HONOLULU,HI,96819,HONOLULU,,,,,,,,Acute Care Hospitals,Voluntary non-profit - Private,Yes
120014,WILCOX MEMORIAL HOSPITAL,LIHUE,HI,96766,KAUAI,159.0,156.0,254.0,,2.0,80.0,medium,Acute Care Hospitals,Government - Federal,Yes
120019,KONA COMMUNITY HOSPITAL,KEALAKEKUA,HI,96750,HAWAII,181.0,179.0,298.0,,1.0,70.0,medium,Acute Care Hospitals,Government - State,Yes
12001F,Tripler AMC (FT Shafter),Honolulu,HI,96859,HONOLULU,,191.0,,,5.0,,high,Acute Care - Department of Defense,Department of Defense,Yes
120022,STRAUB CLINIC AND HOSPITAL,HONOLULU,HI,96813,HONOLULU,124.0,122.0,141.0,,0.0,,medium,Acute Care Hospitals,Proprietary,Yes
120026,PALI MOMI MEDICAL CENTER,AIEA,HI,96701,HONOLULU,157.0,156.0,,,0.0,,high,Acute Care Hospitals,Proprietary,Yes
120028,"NORTH HAWAII COMMUNITY HOSPITAL, INC",KAMUELA,HI,96743,HAWAII,137.0,135.0,291.0,,1.0,85.0,low,Acute Care Hospitals,Voluntary non-profit - Private,Yes
121300,KAUAI VETERANS MEMORIAL HOSPITAL,WAIMEA,HI,96796,KAUAI,80.0,79.0,70.0,217.0,0.0,,low,Critical Access Hospitals,Government - State,Yes
121301,KAU HOSPITAL,PAHALA,HI,96777,HAWAII,80.0,79.0,,,0.0,,low,Critical Access Hospitals,Government - State,Yes
121302,KOHALA HOSPITAL,KAPAAU,HI,96755,HAWAII,86.0,82.0,,122.0,1.0,,low,Critical Access Hospitals,Government - State,Yes
121303,MOLOKAI GENERAL HOSPITAL,KAUNAKAKAI,HI,96748,MAUI,100.0,88.0,,494.0,0.0,,low,Critical Access Hospitals,Voluntary non-profit - Private,Yes
121304,KAHUKU MEDICAL CENTER,KAHUKU,HI,96731,HONOLULU,81.0,79.0,79.0,388.0,,,,Critical Access Hospitals,Voluntary non-profit - Other,Yes
121305,LANAI COMMUNITY HOSPITAL,LANAI CITY,HI,96763,MAUI,86.0,81.0,,187.0,,,,Critical Access Hospitals,Voluntary non-profit - Private,Yes
121306,SAMUEL MAHELONA MEMORIAL HOSPITAL,KAPAA,HI,96746,KAUAI,63.0,61.0,88.0,,0.0,,low,Critical Access Hospitals,Government - State,Yes
121307,HONOKA'A HOSPITAL AND SKILLED NURSING,HONOKAA,HI,96727,HAWAII,65.0,64.0,,,0.0,,low,Critical Access Hospitals,Government - State,Yes
121308,KULA HOSPITAL,KULA,HI,96790,MAUI,55.0,54.0,,79.0,,,,Critical Access Hospitals,Voluntary non-profit - Private,Yes
123300,KAPIOLANI MEDICAL CENTER FOR WOMEN & CHILDREN,HONOLULU,HI,96826,HONOLULU,,,,,,,,Childrens,Voluntary non-profit - Private,Yes
123301,SHRINERS HOSPITAL FOR CHILDREN,HONOLULU,HI,96826,HONOLULU,,,,,,,,Childrens,Voluntary non-profit - Private,No
130002,ST LUKES MAGIC VALLEY MEDICAL CENTER,TWIN FALLS,ID,83301,TWIN FALLS,188.0,186.0,204.0,256.0,2.0,79.0,medium,Acute Care Hospitals,Voluntary non-profit - Private,Yes
130003,ST JOSEPH REGIONAL MEDICAL CENTER,LEWISTON,ID,83501,NEZ PERCE,129.0,129.0,95.0,,1.0,,low,Acute Care Hospitals,Voluntary non-profit - Private,Yes
130006,ST LUKE'S REGIONAL MEDICAL CENTER,BOISE,ID,83712,ADA,171.0,168.0,233.0,318.0,2.0,62.0,very high,Acute Care Hospitals,Voluntary non-profit - Private,Yes
130007,SAINT ALPHONSUS REGIONAL MEDICAL CENTER,BOISE,ID,83706,ADA,157.0,154.0,180.0,,2.0,,high,Acute Care Hospitals,Voluntary non-profit - Church,Yes
130013,SAINT ALPHONSUS MEDICAL CENTER - NAMPA,NAMPA,ID,83687,CANYON,132.0,130.0,,,2.0,76.0,high,Acute Care Hospitals,Voluntary non-profit - Church,Yes
130014,WEST VALLEY MEDICAL CENTER,CALDWELL,ID,83605,CANYON,132.0,131.0,146.0,203.0,1.0,72.0,medium,Acute Care Hospitals,Proprietary,Yes
130018,EASTERN IDAHO REGIONAL MEDICAL CENTER,IDAHO FALLS,ID,83404,BONNEVILLE,134.0,133.0,158.0,,0.0,,medium,Acute Care Hospitals,Proprietary,Yes
130025,MADISON MEMORIAL HOSPITAL,REXBURG,ID,83440,MADISON,148.0,144.0,170.0,,0.0,,low,Acute Care Hospitals,Government - Local,Yes
130028,PORTNEUF MEDICAL CENTER,POCATELLO,ID,83201,BANNOCK,214.0,212.0,302.0,,4.0,,medium,Acute Care Hospitals,Proprietary,Yes
130049,KOOTENAI HEALTH,COEUR D'ALENE,ID,83814,KOOTENAI,179.0,178.0,281.0,,1.0,91.0,very high,Acute Care Hospitals,Government - Hospital District or Authority,Yes
130063,TREASURE VALLEY HOSPITAL,BOISE,ID,83704,ADA,,,,,,,,Acute Care Hospitals,Proprietary,No
130065,MOUNTAIN VIEW HOSPITAL,IDAHO FALLS,ID,83404,BONNEVILLE,119.0,114.0,127.0,196.0,1.0,,low,Acute Care Hospitals,Physician,Yes
130066,NORTHWEST SPECIALTY HOSPITAL,POST FALLS,ID,83854,KOOTENAI,,,,,,,,Acute Care Hospitals,Proprietary,No
130071,ST LUKE'S NAMPA MEDICAL CENTER,NAMPA,ID,83687,CANYON,164.0,158.0,242.0,288.0,1.0,76.0,high,Acute Care Hospitals,Voluntary non-profit - Private,Yes
130073,GROVE CREEK MEDICAL CENTER,BLACKFOOT,ID,83221,BINGHAM,,,,,,,,Acute Care Hospitals,Voluntary non-profit - Private,No
130074,"IDAHO FALLS COMMUNITY HOSPITAL, LLC",IDAHO FALLS,ID,83404,BONNEVILLE,138.0,137.0,157.0,,0.0,,medium,Acute Care Hospitals,Proprietary,Yes
130779,CASCADE MEDICAL CENTER,CASCADE,ID,83611,VALLEY,,,,,,,,Rural Emergency Hospital,Government - Hospital District or Authority,Yes
131301,BOUNDARY COMMUNITY HOSPITAL,BONNERS FERRY,ID,83805,BOUNDARY,106.0,102.0,157.0,236.0,1.0,,low,Critical Access Hospitals,Voluntary non-profit - Other,Yes
131302,NORTH CANYON MEDICAL CENTER,GOODING,ID,83330,GOODING,118.0,116.0,170.0,,,,,Critical Access Hospitals,Voluntary non-profit - Private,No
131303,NELL J REDFIELD MEMORIAL HOSPITAL,MALAD CITY,ID,83252,ONEIDA,118.0,115.0,,169.0,,,,Critical Access Hospitals,Government - Local,Yes
131304,POWER COUNTY HOSPITAL DISTRICT,AMERICAN FALLS,ID,83211,POWER,94.0,85.0,138.0,131.0,0.0,,low,Critical Access Hospitals,Government - Hospital District or Authority,Yes
131305,STEELE MEMORIAL MEDICAL CENTER,SALMON,ID,83467,LEMHI,,,,,,,,Critical Access Hospitals,Government - Local,Yes
131307,WEISER MEMORIAL HOSPITAL,WEISER,ID,83672,WASHINGTON,108.0,97.0,141.0,205.0,0.0,,low,Critical Access Hospitals,Government - Hospital District or Authority,Yes
131309,CARIBOU MEDICAL CENTER,SODA SPRINGS,ID,83276,CARIBOU,104.0,102.0,,153.0,0.0,,low,Critical Access Hospitals,Government - Local,Yes
131310,ST LUKE'S JEROME,JEROME,ID,83338,JEROME,105.0,100.0,178.0,217.0,1.0,,low,Critical Access Hospitals,Voluntary non-profit - Private,Yes
131311,ST LUKE'S ELMORE MEDICAL CENTER,MOUNTAIN HOME,ID,83647,ELMORE,117.0,112.0,199.0,282.0,0.0,,low,Critical Access Hospitals,Voluntary non-profit - Private,Yes
131312,ST LUKE'S MCCALL,MCCALL,ID,83638,VALLEY,150.0,145.0,189.0,296.0,0.0,,low,Critical Access Hospitals,Proprietary,Yes
131313,TETON VALLEY HOSPITAL,DRIGGS,ID,83422,TETON,112.0,108.0,,155.0,,,,Critical Access Hospitals,Voluntary non-profit - Private,Yes
131314,SHOSHONE MEDICAL CENTER,KELLOGG,ID,83837,SHOSHONE,122.0,119.0,214.0,274.0,,8.0,,Critical Access Hospitals,Government - Hospital District or Authority,Yes
131315,SYRINGA GENERAL HOSPITAL,GRANGEVILLE,ID,83530,IDAHO,101.0,95.0,,228.0,1.0,,low,Critical Access Hospitals,Voluntary non-profit - Private,Yes
131316,BEAR LAKE MEMORIAL HOSPITAL,MONTPELIER,ID,83254,BEAR LAKE,104.0,100.0,,,0.0,,low,Critical Access Hospitals,Government - Local,Yes
131317,BENEWAH COMMUNITY HOSPITAL,SAINT MARIES,ID,83861,BENEWAH,128.0,119.0,190.0,243.0,,,,Critical Access Hospitals,Government - Local,Yes
131318,VALOR HEALTH,EMMETT,ID,83617,GEM,113.0,105.0,194.0,224.0,1.0,,low,Critical Access Hospitals,Government - Local,Yes
131319,MINIDOKA MEMORIAL HOSPITAL,RUPERT,ID,83350,MINIDOKA,107.0,106.0,208.0,,0.0,,low,Critical Access Hospitals,Government - Local,Yes
131320,CLEARWATER VALLEY HOSPITAL & CLINICS,OROFINO,ID,83544,CLEARWATER,149.0,144.0,229.0,265.0,2.0,29.0,low,Critical Access Hospitals,Voluntary non-profit - Private,Yes
131321,ST MARY'S HOSPITAL,COTTONWOOD,ID,83522,IDAHO,141.0,140.0,,246.0,0.0,,low,Critical Access Hospitals,Voluntary non-profit - Private,Yes
131322,FRANKLIN COUNTY MEDICAL CENTER,PRESTON,ID,83263,FRANKLIN,210.0,188.0,450.0,218.0,0.0,,low,Critical Access Hospitals,Voluntary non-profit - Other,Yes
131323,ST LUKE'S WOOD RIVER MEDICAL CENTER,KETCHUM,ID,83340,BLAINE,146.0,140.0,176.0,340.0,1.0,,low,Critical Access Hospitals,Voluntary non-profit - Private,Yes
131324,LOST RIVERS MEDICAL CENTER,ARCO,ID,83213,BUTTE,97.0,95.0,,,1.0,,low,Critical Access Hospitals,Government - Hospital District or Authority,Yes
131325,BINGHAM MEMORIAL HOSPITAL,BLACKFOOT,ID,83221,BINGHAM,163.0,160.0,292.0,260.0,,,,Critical Access Hospitals,Voluntary non-profit - Private,Yes
131326,CASSIA REGIONAL HOSPITAL,BURLEY,ID,83318,CASSIA,125.0,120.0,250.0,244.0,1.0,,low,Critical Access Hospitals,Voluntary non-profit - Private,Yes
131327,GRITMAN MEDICAL CENTER,MOSCOW,ID,83843,LATAH,124.0,122.0,135.0,,2.0,,low,Critical Access Hospitals,Voluntary non-profit - Private,Yes
131328,BONNER GENERAL HOSPITAL,SANDPOINT,ID,83864,BONNER,166.0,161.0,,284.0,,91.0,,Critical Access Hospitals,Voluntary non-profit - Private,Yes
140001,GRAHAM HOSPITAL ASSOCIATION,CANTON,IL,61520,FULTON,126.0,121.0,196.0,274.0,2.0,71.0,low,Acute Care Hospitals,Voluntary non-profit - Private,Yes
140002,ALTON MEMORIAL HOSPITAL,ALTON,IL,62002,MADISON,204.0,196.0,251.0,,3.0,100.0,medium,Acute Care Hospitals,Voluntary non-profit - Private,Yes
140007,SAINT JOSEPH MEDICAL CENTER,JOLIET,IL,60435,WILL,205.0,197.0,361.0,,,,,Acute Care Hospitals,Voluntary non-profit - Church,Yes
140008,LOYOLA GOTTLIEB MEMORIAL HOSPITAL,MELROSE PARK,IL,60160,COOK,227.0,222.0,322.0,,2.0,,medium,Acute Care Hospitals,Voluntary non-profit - Private,Yes
140010,NORTHSHORE UNIVERSITY HEALTHSYSTEM - EVANSTON HOSPITAL,EVANSTON,IL,60201,COOK,278.0,273.0,371.0,,10.0,47.0,very high,Acute Care Hospitals,Voluntary non-profit - Other,Yes
140011,HERRIN HOSPITAL,HERRIN,IL,62948,WILLIAMSON,166.0,157.0,274.0,264.0,2.0,100.0,medium,Acute Care Hospitals,Voluntary non-profit - Private,Yes
140012,OSF SAINT KATHARINE MEDICAL CENTER,DIXON,IL,61021,LEE,189.0,180.0,295.0,386.0,2.0,79.0,low,Acute Care Hospitals,Voluntary non-profit - Private,Yes
140013,CARLE HEALTH PROCTOR HOSPITAL,PEORIA,IL,61354,LA SALLE,150.0,150.0,152.0,,1.0,,medium,Acute Care Hospitals,Voluntary non-profit - Private,Yes
140015,BLESSING HOSPITAL,QUINCY,IL,62301,ADAMS,169.0,167.0,185.0,,1.0,92.0,high,Acute Care Hospitals,Voluntary non-profit - Private,Yes
140018,MT SINAI HOSPITAL MEDICAL CENTER,CHICAGO,IL,60608,COOK,205.0,200.0,302.0,,1.0,67.0,high,Acute Care Hospitals,Voluntary non-profit - Private,Yes
140029,COPLEY MEMORIAL HOSPITAL,AURORA,IL,60504,KANE,199.0,195.0,302.0,269.0,3.0,86.0,high,Acute Care Hospitals,Voluntary non-profit - Private,Yes
140030,ADVOCATE SHERMAN HOSPITAL,ELGIN,IL,60123,KANE,196.0,193.0,373.0,270.0,1.0,81.0,very high,Acute Care Hospitals,Voluntary non-profit - Private,Yes
140032,ST ANTHONYS MEMORIAL HOSPITAL,EFFINGHAM,IL,62401,EFFINGHAM,142.0,137.0,254.0,283.0,0.0,82.0,medium,Acute Care Hospitals,Voluntary non-profit - Church,Yes
140034,SSM HEALTH ST MARY'S HOSPITAL -CENTRALIA,CENTRALIA,IL,62801,MARION,179.0,167.0,336.0,414.0,2.0,73.0,low,Acute Care Hospitals,Voluntary non-profit - Church,Yes
140043,CGH MEDICAL CENTER,STERLING,IL,61081,WHITESIDE,206.0,198.0,327.0,297.0,2.0,71.0,medium,Acute Care Hospitals,Government - Local,Yes
140046,GOOD SAMARITAN REGIONAL HLTH CENTER,MOUNT VERNON,IL,62864,JEFFERSON,202.0,193.0,370.0,379.0,2.0,75.0,medium,Acute Care Hospitals,Voluntary non-profit - Private,Yes
140048,ADVOCATE TRINITY HOSPITAL,CHICAGO,IL,60617,COOK,256.0,247.0,454.0,330.0,7.0,76.0,very high,Acute Care Hospitals,Voluntary non-profit - Church,Yes
140049,WEST SUBURBAN MEDICAL CENTER,OAK PARK,IL,60302,COOK,277.0,272.0,452.0,,5.0,,medium,Acute Care Hospitals,Voluntary non-profit - Other,No
140052,OSF SAINT ANTHONY'S HEALTH CENTER,ALTON,IL,62002,MADISON,171.0,159.0,214.0,330.0,3.0,,medium,Acute Care Hospitals,Voluntary non-profit - Church,No
140053,ST JOHNS HOSPITAL,SPRINGFIELD,IL,62769,SANGAMON,162.0,160.0,264.0,,2.0,,high,Acute Care Hospitals,Voluntary non-profit - Church,Yes
140054,MACNEAL  HOSPITAL,BERWYN,IL,60402,COOK,214.0,211.0,422.0,258.0,0.0,70.0,high,Acute Care Hospitals,Proprietary,Yes
140059,JERSEY COMMUNITY HOSPITAL,JERSEYVILLE,IL,62052,JERSEY,129.0,124.0,170.0,354.0,0.0,,low,Acute Care Hospitals,Government - Local,Yes
140062,PALOS COMMUNITY HOSPITAL,PALOS HEIGHTS,IL,60463,COOK,250.0,252.0,196.0,,3.0,71.0,very high,Acute Care Hospitals,Voluntary non-profit - Private,Yes
140063,RUSH OAK PARK HOSPITAL,OAK PARK,IL,60304,COOK,235.0,232.0,264.0,,6.0,85.0,high,Acute Care Hospitals,Voluntary non-profit - Private,Yes
140064,ST MARY MEDICAL CENTER,GALESBURG,IL,61401,KNOX,219.0,192.0,288.0,410.0,4.0,74.0,medium,Acute Care Hospitals,Voluntary non-profit - Church,Yes
140065,UCHICAGO MEDICINE ADVENTHEALTH LA GRANGE,LA GRANGE,IL,60525,COOK,166.0,163.0,184.0,,2.0,,medium,Acute Care Hospitals,Voluntary non-profit - Church,Yes
140067,SAINT FRANCIS MEDICAL CENTER,PEORIA,IL,61637,PEORIA,300.0,286.0,566.0,354.0,4.0,,very high,Acute Care Hospitals,Voluntary non-profit - Private,Yes
140068,ROSELAND COMMUNITY HOSPITAL,CHICAGO,IL,60628,COOK,253.0,246.0,360.0,,8.0,,low,Acute Care Hospitals,Voluntary non-profit - Private,Yes
140077,TOUCHETTE REGIONAL HOSPITAL INC,CENTREVILLE,IL,62207,ST. CLAIR,128.0,126.0,178.0,,2.0,,low,Acute Care Hospitals,Voluntary non-profit - Private,Yes
140080,SAINT FRANCIS HOSPITAL-EVANSTON,EVANSTON,IL,60202,COOK,186.0,179.0,448.0,,,,,Acute Care Hospitals,Voluntary non-profit - Church,Yes
140082,LOUIS A WEISS MEMORIAL HOSPITAL,CHICAGO,IL,60640,COOK,224.0,210.0,298.0,,5.0,,low,Acute Care Hospitals,Proprietary,Yes
140083,LORETTO HOSPITAL,CHICAGO,IL,60644,COOK,242.0,228.0,350.0,,6.0,,low,Acute Care Hospitals,Voluntary non-profit - Other,Yes
140084,VISTA MEDICAL CENTER EAST,WAUKEGAN,IL,60085,LAKE,198.0,189.0,461.0,340.0,5.0,,medium,Acute Care Hospitals,Proprietary,Yes
140088,THE UNIVERSITY OF CHICAGO MEDICAL CENTER,CHICAGO,IL,60637,COOK,314.0,295.0,714.0,,12.0,,very high,Acute Care Hospitals,Voluntary non-profit - Private,Yes
140089,MC DONOUGH DISTRICT HOSPITAL,MACOMB,IL,61455,MC DONOUGH,157.0,145.0,368.0,479.0,2.0,64.0,low,Acute Care Hospitals,Government - Hospital District or Authority,Yes
140091,CARLE FOUNDATION HOSPITAL,URBANA,IL,61801,CHAMPAIGN,223.0,214.0,418.0,,2.0,91.0,very high,Acute Care Hospitals,Voluntary non-profit - Private,Yes
140093,OSF SACRED HEART MEDICAL CENTER,DANVILLE,IL,61832,VERMILION,188.0,182.0,304.0,252.0,3.0,100.0,medium,Acute Care Hospitals,Voluntary non-profit - Church,Yes
140095,SAINT ANTHONY HOSPITAL,CHICAGO,IL,60623,COOK,187.0,181.0,262.0,,4.0,,medium,Acute Care Hospitals,Voluntary non-profit - Private,Yes
140100,"MIDWESTERN REGION MED CENTER, INC",ZION,IL,60099,LAKE,176.0,175.0,,,0.0,,low,Acute Care Hospitals,Proprietary,Yes
140101,MORRIS HOSPITAL & HEALTHCARE CENTERS,MORRIS,IL,60450,GRUNDY,172.0,170.0,,,1.0,,medium,Acute Care Hospitals,Voluntary non-profit - Private,Yes
140103,ST BERNARD HOSPITAL,CHICAGO,IL,60621,COOK,256.0,231.0,676.0,,14.0,,medium,Acute Care Hospitals,Voluntary non-profit - Church,Yes
140110,OSF SAINT ELIZABETH MDL CTR,PERU,IL,61354,LA SALLE,150.0,139.0,313.0,343.0,3.0,76.0,medium,Acute Care Hospitals,Voluntary non-profit - Private,Yes
140113,OSF HEART OF MARY MEDICAL CENTER,URBANA,IL,61801,CHAMPAIGN,133.0,124.0,170.0,209.0,1.0,,low,Acute Care Hospitals,Voluntary non-profit - Church,Yes
140114,SWEDISH HOSPITAL,CHICAGO,IL,60625,COOK,266.0,254.0,438.0,,8.0,,high,Acute Care Hospitals,Voluntary non-profit - Church,Yes
140115,THOREK MEMORIAL HOSPITAL,CHICAGO,IL,60613,COOK,246.0,174.0,451.0,428.0,10.0,,low,Acute Care Hospitals,Voluntary non-profit - Private,Yes
140116,NORTHWESTERN MEDICINE MCHENRY,MCHENRY,IL,60050,MC HENRY,197.0,194.0,271.0,,2.0,98.0,very high,Acute Care Hospitals,Voluntary non-profit - Other,Yes
140117,AMITA HEALTH RESURRECTION MEDICAL CENTER,CHICAGO,IL,60631,COOK,188.0,186.0,299.0,,,,,Acute Care Hospitals,Voluntary non-profit - Church,Yes
140119,RUSH UNIVERSITY MEDICAL CENTER,CHICAGO,IL,60612,COOK,369.0,370.0,355.0,,9.0,,very high,Acute Care Hospitals,Voluntary non-profit - Private,Yes
140120,CARLE HEALTH PEKIN HOSPITAL,PEKIN,IL,61554,TAZEWELL,117.0,115.0,142.0,256.0,1.0,92.0,medium,Acute Care Hospitals,Voluntary non-profit - Private,Yes
140122,UCHICAGO MEDICINE ADVENTHEALTH HINSDALE,HINSDALE,IL,60521,DU PAGE,196.0,193.0,310.0,,2.0,,medium,Acute Care Hospitals,Voluntary non-profit - Private,Yes
140124,JOHN H STROGER JR HOSPITAL,CHICAGO,IL,60612,COOK,297.0,293.0,583.0,,1.0,,very high,Acute Care Hospitals,Government - Local,Yes
140125,GATEWAY REGIONAL MEDICAL CENTER,GRANITE CITY,IL,62040,MADISON,146.0,140.0,250.0,,4.0,,medium,Acute Care Hospitals,Voluntary non-profit - Other,Yes
140127,CARLE BROMENN MEDICAL CENTER,NORMAL,IL,61761,MC LEAN,202.0,196.0,291.0,,3.0,,medium,Acute Care Hospitals,Voluntary non-profit - Church,Yes
140130,NORTHWESTERN LAKE FOREST HOSPITAL,LAKE FOREST,IL,60045,LAKE,221.0,221.0,204.0,,3.0,,very high,Acute Care Hospitals,Voluntary non-profit - Other,Yes
140133,HOLY CROSS HOSPITAL,CHICAGO,IL,60629,COOK,188.0,173.0,322.0,414.0,1.0,,medium,Acute Care Hospitals,Voluntary non-profit - Private,Yes
140135,DECATUR MEMORIAL HOSPITAL,DECATUR,IL,62526,MACON,227.0,220.0,266.0,333.0,8.0,83.0,high,Acute Care Hospitals,Voluntary non-profit - Other,Yes
140137,HSHS HOLY FAMILY HOSPITAL INC,GREENVILLE,IL,62246,BOND,109.0,103.0,292.0,310.0,0.0,,low,Acute Care Hospitals,Voluntary non-profit - Church,Yes
140145,ST JOSEPHS HOSPITAL,BREESE,IL,62230,CLINTON,141.0,132.0,,287.0,0.0,77.0,low,Acute Care Hospitals,Voluntary non-profit - Church,Yes
140148,MEMORIAL MEDICAL CENTER,SPRINGFIELD,IL,62702,SANGAMON,240.0,241.0,267.0,304.0,3.0,83.0,very high,Acute Care Hospitals,Voluntary non-profit - Private,Yes
140150,UNIVERSITY OF ILLINOIS HOSPITAL AND CLINICS,CHICAGO,IL,60612,COOK,308.0,298.0,684.0,,4.0,,high,Acute Care Hospitals,Government - State,Yes
140155,PRESENCE ST MARYS HOSPITAL,KANKAKEE,IL,60901,KANKAKEE,138.0,137.0,198.0,,,73.0,,Acute Care Hospitals,Voluntary non-profit - Church,Yes
140158,INSIGHT HOSPITAL AND MEDICAL CENTER CHICAGO,CHICAGO,IL,60616,COOK,173.0,170.0,170.0,362.0,5.0,,medium,Acute Care Hospitals,Voluntary non-profit - Private,Yes
140160,FHN MEMORIAL HOSPITAL,FREEPORT,IL,61032,STEPHENSON,190.0,186.0,318.0,,1.0,90.0,medium,Acute Care Hospitals,Voluntary non-profit - Private,Yes
140161,SAINT JAMES HOSPITAL,PONTIAC,IL,61764,LIVINGSTON,135.0,126.0,170.0,218.0,1.0,,low,Acute Care Hospitals,Voluntary non-profit - Church,No
140162,ST JOSEPH MEDICAL CENTER,BLOOMINGTON,IL,61701,MC LEAN,210.0,196.0,304.0,295.0,1.0,,medium,Acute Care Hospitals,Voluntary non-profit - Church,Yes
140164,MEMORIAL HOSPITAL OF CARBONDALE,CARBONDALE,IL,62901,JACKSON,162.0,161.0,391.0,156.0,5.0,,medium,Acute Care Hospitals,Voluntary non-profit - Private,Yes
140166,ST MARYS HOSPITAL,DECATUR,IL,62521,MACON,153.0,148.0,226.0,562.0,2.0,83.0,medium,Acute Care Hospitals,Voluntary non-profit - Private,Yes
140172,FRANCISCAN HEALTH OLYMPIA & CHICAGO HEIGHTS,OLYMPIA FIELDS,IL,60461,COOK,243.0,228.0,442.0,,1.0,71.0,high,Acute Care Hospitals,Voluntary non-profit - Church,Yes
140174,PRESENCE MERCY MEDICAL CENTER,AURORA,IL,60506,KANE,204.0,189.0,378.0,,,79.0,,Acute Care Hospitals,Voluntary non-profit - Private,Yes
140177,JACKSON PARK HOSPITAL,CHICAGO,IL,60649,COOK,285.0,268.0,356.0,,0.0,,low,Acute Care Hospitals,Voluntary non-profit - Private,Yes
140179,OSF LITTLE COMPANY OF MARY MEDICAL CENTER,EVERGREEN PARK,IL,60805,COOK,276.0,256.0,548.0,347.0,4.0,66.0,high,Acute Care Hospitals,Voluntary non-profit - Other,Yes
140180,PRESENCE SAINTS MARY AND ELIZABETH MEDICAL CENTER,CHICAGO,IL,60622,COOK,194.0,192.0,208.0,,,,,Acute Care Hospitals,Voluntary non-profit - Church,Yes
140181,SOUTH SHORE HOSPITAL,CHICAGO,IL,60617,COOK,236.0,224.0,491.0,,7.0,,low,Acute Care Hospitals,Voluntary non-profit - Private,Yes
140182,ADVOCATE ILLINOIS MASONIC MEDICAL CENTER,CHICAGO,IL,60657,COOK,238.0,237.0,286.0,,2.0,,high,Acute Care Hospitals,Voluntary non-profit - Private,Yes
140184,HEARTLAND REGIONAL MEDICAL CENTER,MARION,IL,62959,WILLIAMSON,167.0,162.0,364.0,295.0,2.0,91.0,low,Acute Care Hospitals,Proprietary,Yes
140185,MEMORIAL HOSPITAL,BELLEVILLE,IL,62226,ST. CLAIR,201.0,195.0,311.0,,5.0,84.0,very high,Acute Care Hospitals,Voluntary non-profit - Private,Yes
140186,RIVERSIDE MEDICAL CENTER,KANKAKEE,IL,60901,KANKAKEE,168.0,167.0,288.0,310.0,0.0,82.0,high,Acute Care Hospitals,Voluntary non-profit - Private,Yes
140187,HSHS ST ELIZABETH'S HOSPITAL,O FALLON,IL,62269,ST. CLAIR,164.0,162.0,220.0,,0.0,71.0,high,Acute Care Hospitals,Voluntary non-profit - Church,Yes
140189,SARAH BUSH LINCOLN HEALTH CENTER,MATTOON,IL,61938,COLES,216.0,210.0,314.0,258.0,2.0,,high,Acute Care Hospitals,Voluntary non-profit - Private,Yes
140191,INGALLS MEMORIAL HOSPITAL,HARVEY,IL,60426,COOK,149.0,140.0,411.0,,2.0,90.0,very high,Acute Care Hospitals,Physician,Yes
140197,METHODIST HOSPITAL OF CHICAGO,CHICAGO,IL,60640,COOK,302.0,175.0,342.0,344.0,1.0,,low,Acute Care Hospitals,Voluntary non-profit - Private,Yes
140200,ELMHURST MEMORIAL HOSPITAL,ELMHURST,IL,60126,DU PAGE,168.0,166.0,210.0,,1.0,91.0,very high,Acute Care Hospitals,Proprietary,Yes
140202,ADVOCATE CONDELL MEDICAL CENTER,LIBERTYVILLE,IL,60048,LAKE,216.0,214.0,388.0,,2.0,87.0,high,Acute Care Hospitals,Voluntary non-profit - Private,Yes
140206,HUMBOLDT PARK HEALTH,CHICAGO,IL,60622,COOK,179.0,173.0,311.0,352.0,1.0,,medium,Acute Care Hospitals,Voluntary non-profit - Private,Yes
140208,ADVOCATE CHRIST HOSPITAL & MEDICAL CENTER,OAK LAWN,IL,60453,COOK,230.0,229.0,400.0,,6.0,,very high,Acute Care Hospitals,Voluntary non-profit - Church,Yes
140209,CARLE HEALTH METHODIST HOSPITAL,PEORIA,IL,61636,PEORIA,220.0,213.0,294.0,,6.0,100.0,medium,Acute Care Hospitals,Voluntary non-profit - Private,Yes
140210,HARRISBURG MEDICAL CENTER,HARRISBURG,IL,62946,SALINE,144.0,134.0,275.0,304.0,2.0,73.0,low,Acute Care Hospitals,Voluntary non-profit - Other,Yes
140211,NORTHWESTERN MEDICINE DELNOR COMMUNITY HOSPITAL,GENEVA,IL,60134,KANE,214.0,212.0,258.0,,2.0,,high,Acute Care Hospitals,Voluntary non-profit - Private,Yes
140213,SILVER CROSS HOSPITAL  AND MEDICAL CENTERS,NEW LENOX,IL,60451,WILL,230.0,224.0,651.0,,4.0,69.0,very high,Acute Care Hospitals,Voluntary non-profit - Private,Yes
140217,SAINT JOSEPH HOSPITAL-ELGIN,ELGIN,IL,60123,KANE,144.0,139.0,205.0,,,,,Acute Care Hospitals,Voluntary non-profit - Church,Yes
140223,ADVOCATE LUTHERAN GENERAL HOSPITAL,PARK RIDGE,IL,60068,COOK,219.0,216.0,295.0,,2.0,,very high,Acute Care Hospitals,Voluntary non-profit - Church,Yes
140224,PRESENCE SAINT JOSEPH HOSPITAL - CHICAGO,CHICAGO,IL,60657,COOK,147.0,146.0,147.0,,,,,Acute Care Hospitals,Voluntary non-profit - Church,Yes
140228,UW HEALTH,ROCKFORD,IL,61104,WINNEBAGO,222.0,217.0,299.0,,2.0,45.0,very high,Acute Care Hospitals,Voluntary non-profit - Private,Yes
140231,EDWARD HOSPITAL,NAPERVILLE,IL,60540,DU PAGE,166.0,163.0,269.0,,2.0,,very high,Acute Care Hospitals,Voluntary non-profit - Private,Yes
140233,SAINT ANTHONY MEDICAL CENTER,ROCKFORD,IL,61108,WINNEBAGO,232.0,223.0,350.0,294.0,2.0,,high,Acute Care Hospitals,Voluntary non-profit - Church,Yes
140239,JAVON BEA HOSPITAL,ROCKFORD,IL,61103,WINNEBAGO,260.0,258.0,312.0,,6.0,,medium,Acute Care Hospitals,Voluntary non-profit - Private,Yes
140242,NORTHWESTERN MEDICINE CENTRAL DUPAGE HOSPITAL,WINFIELD,IL,60190,DU PAGE,233.0,230.0,310.0,,4.0,,very high,Acute Care Hospitals,Voluntary non-profit - Private,Yes
140251,COMMUNITY FIRST MEDICAL CENTER,CHICAGO,IL,60634,COOK,252.0,235.0,415.0,383.0,2.0,,medium,Acute Care Hospitals,Proprietary,Yes
140252,NORTHWEST COMMUNITY HOSPITAL 1,ARLINGTON HEIGHTS,IL,60005,COOK,182.0,176.0,300.0,,1.0,89.0,very high,Acute Care Hospitals,Voluntary non-profit - Private,Yes
140258,ALEXIAN BROTHERS MEDICAL CENTER 1,ELK GROVE VILLAGE,IL,60007,COOK,199.0,196.0,351.0,,,,,Acute Care Hospitals,Voluntary non-profit - Private,Yes
140275,GENESIS HLTH SYSTEM DBA GENESIS MDL CTR-ILLINI,SILVIS,IL,61282,ROCK ISLAND,204.0,195.0,406.0,380.0,6.0,82.0,medium,Acute Care Hospitals,Government - Local,Yes
140276,LOYOLA UNIVERSITY MEDICAL CENTER,MAYWOOD,IL,60153,COOK,284.0,275.0,320.0,,3.0,,high,Acute Care Hospitals,Voluntary non-profit - Private,Yes
140280,TRINITY ROCK ISLAND,ROCK ISLAND,IL,61201,ROCK ISLAND,181.0,172.0,297.0,,8.0,77.0,high,Acute Care Hospitals,Voluntary non-profit - Private,Yes
140281,NORTHWESTERN MEMORIAL HOSPITAL,CHICAGO,IL,60611,COOK,354.0,350.0,422.0,,10.0,,very high,Acute Care Hospitals,Voluntary non-profit - Private,Yes
140286,NORTHWESTERN MEDICINE KISHWAUKEE HOSPITAL,DEKALB,IL,60115,DE KALB,203.0,197.0,257.0,,2.0,64.0,medium,Acute Care Hospitals,Voluntary non-profit - Private,Yes
140288,ADVOCATE GOOD SAMARITAN HOSPITAL,DOWNERS GROVE,IL,60515,DU PAGE,190.0,187.0,255.0,,2.0,,high,Acute Care Hospitals,Voluntary non-profit - Private,Yes
140289,ANDERSON HOSPITAL,MARYVILLE,IL,62062,MADISON,243.0,231.0,306.0,396.0,1.0,78.0,medium,Acute Care Hospitals,Voluntary non-profit - Private,Yes
140290,ST ALEXIUS MEDICAL CENTER,HOFFMAN ESTATES,IL,60169,COOK,187.0,183.0,263.0,,,65.0,,Acute Care Hospitals,Voluntary non-profit - Church,Yes
140291,ADVOCATE GOOD SHEPHERD HOSPITAL,BARRINGTON,IL,60010,LAKE,201.0,194.0,198.0,344.0,1.0,,medium,Acute Care Hospitals,Voluntary non-profit - Private,Yes
140292,UCHICAGO MEDICINE ADVENTHEALTH GLENOAKS,GLENDALE HEIGHTS,IL,60139,DU PAGE,175.0,172.0,317.0,296.0,1.0,,medium,Acute Care Hospitals,Voluntary non-profit - Other,Yes
140294,DEACONESS ILLINOIS CROSSROADS,MOUNT VERNON,IL,62864,JEFFERSON,145.0,140.0,251.0,292.0,2.0,,low,Acute Care Hospitals,Proprietary,Yes
140300,PROVIDENT HOSPITAL OF CHICAGO,CHICAGO,IL,60615,COOK,208.0,190.0,,394.0,4.0,,medium,Acute Care Hospitals,Government - Local,Yes
140304,UCHICAGO MEDICINE ADVENTHEALTH BOLINGBROOK,BOLINGBROOK,IL,60440,WILL,178.0,173.0,312.0,305.0,2.0,89.0,medium,Acute Care Hospitals,Voluntary non-profit - Private,Yes
140308,MERCYHEALTH HOSPITAL & PHYSICIAN CLINIC-CRYSTAL LA,CRYSTAL LAKE,IL,60014,MC HENRY,110.0,107.0,,323.0,0.0,,low,Acute Care Hospitals,Voluntary non-profit - Private,Yes
141300,THOMAS H BOYD MEMORIAL HOSPITAL,CARROLLTON,IL,62016,GREENE,,,,,,,,Critical Access Hospitals,Government - Local,Yes
141301,KIRBY MEDICAL CENTER,MONTICELLO,IL,61856,PIATT,135.0,133.0,,,0.0,,low,Critical Access Hospitals,Voluntary non-profit - Private,Yes
141302,MIDWEST MEDICAL CENTER,GALENA,IL,61036,JO DAVIESS,,,,,,,,Critical Access Hospitals,Voluntary non-profit - Private,Yes
141303,WARNER HOSPITAL AND HEALTH SERVICES,CLINTON,IL,61727,DE WITT,,,,,,,,Critical Access Hospitals,Government - Local,Yes
141304,"GENESIS MEDICAL CENTER, ALEDO",ALEDO,IL,61231,MERCER,106.0,92.0,164.0,271.0,0.0,,low,Critical Access Hospitals,Voluntary non-profit - Private,Yes
141305,MEMORIAL HOSPITAL,CARTHAGE,IL,62321,HANCOCK,148.0,142.0,214.0,,0.0,,low,Critical Access Hospitals,Voluntary non-profit - Private,Yes
141306,COMMUNITY HOSPITAL OF STAUNTON,STAUNTON,IL,62088,MACOUPIN,,,,,0.0,,low,Critical Access Hospitals,Voluntary non-profit - Private,Yes
141307,PINCKNEYVILLE COMMUNITY HOSPITAL,PINCKNEYVILLE,IL,62274,PERRY,54.0,49.0,,135.0,0.0,,low,Critical Access Hospitals,Government - Hospital District or Authority,Yes
141308,WASHINGTON COUNTY HOSPITAL,NASHVILLE,IL,62263,WASHINGTON,86.0,84.0,,,0.0,,low,Critical Access Hospitals,Government - Hospital District or Authority,Yes
141309,CARLE EUREKA  HOSPITAL,EUREKA,IL,61530,WOODFORD,96.0,90.0,,282.0,1.0,,low,Critical Access Hospitals,Voluntary non-profit - Private,Yes
141310,OSF SAINT PAUL MEDICAL CENTER,MENDOTA,IL,61342,LA SALLE,,,,,1.0,,low,Critical Access Hospitals,Voluntary non-profit - Church,Yes
141311,FAIRFIELD MEMORIAL HOSPITAL 1,FAIRFIELD,IL,62837,WAYNE,101.0,101.0,,,2.0,,low,Critical Access Hospitals,Voluntary non-profit - Private,Yes
141312,ROCHELLE COMMUNITY HOSPITAL,ROCHELLE,IL,61068,OGLE,102.0,96.0,191.0,291.0,2.0,,low,Critical Access Hospitals,Voluntary non-profit - Private,Yes
141313,MASON DISTRICT HOSPITAL,HAVANA,IL,62644,MASON,108.0,104.0,272.0,150.0,0.0,,low,Critical Access Hospitals,Government - Hospital District or Authority,Yes
141315,ILLINI COMMUNITY HOSPITAL,PITTSFIELD,IL,62363,PIKE,124.0,117.0,208.0,217.0,0.0,73.0,low,Critical Access Hospitals,Voluntary non-profit - Private,Yes
141316,CARLE HOOPESTON REGIONAL HEALTH CENTER,HOOPESTON,IL,60942,VERMILION,,,,,,,,Critical Access Hospitals,Voluntary non-profit - Private,Yes
141317,GIBSON COMMUNITY HOSPITAL,GIBSON CITY,IL,60936,FORD,176.0,172.0,,,1.0,,low,Critical Access Hospitals,Voluntary non-profit - Private,Yes
141318,OSF HOLY FAMILY MEDICAL CENTER,MONMOUTH,IL,61462,WARREN,140.0,122.0,215.0,287.0,1.0,,low,Critical Access Hospitals,Voluntary non-profit - Church,Yes
141319,HAMMOND HENRY HOSPITAL,GENESEO,IL,61254,HENRY,118.0,108.0,193.0,280.0,,,,Critical Access Hospitals,Government - Hospital District or Authority,Yes
141320,PARIS COMMUNITY HOSPITAL,PARIS,IL,61944,EDGAR,113.0,109.0,202.0,,1.0,,low,Critical Access Hospitals,Voluntary non-profit - Private,Yes
141321,FRANKLIN HOSPITAL,BENTON,IL,62812,FRANKLIN,110.0,108.0,,,4.0,46.0,low,Critical Access Hospitals,Government - Hospital District or Authority,Yes
141322,ABRAHAM LINCOLN MEMORIAL HOSPITAL,LINCOLN,IL,62656,LOGAN,149.0,137.0,223.0,321.0,1.0,,low,Critical Access Hospitals,Voluntary non-profit - Private,Yes
141323,MASSAC MEMORIAL HOSPITAL,METROPOLIS,IL,62960,MASSAC,110.0,108.0,,,,,,Critical Access Hospitals,Government - Hospital District or Authority,Yes
141324,FERRELL HOSPITAL COMMUNITY FOUNDATIONS,ELDORADO,IL,62930,SALINE,,,,,,,,Critical Access Hospitals,Voluntary non-profit - Private,Yes
141325,OSF SAINT LUKE MEDICAL CENTER,KEWANEE,IL,61443,HENRY,114.0,107.0,243.0,348.0,1.0,100.0,low,Critical Access Hospitals,Voluntary non-profit - Private,Yes
141326,HAMILTON MEMORIAL HOSPITAL,MCLEANSBORO,IL,62859,HAMILTON,123.0,116.0,281.0,329.0,0.0,,low,Critical Access Hospitals,Government - Hospital District or Authority,Yes
141327,WABASH GENERAL HOSPITAL 1,MOUNT CARMEL,IL,62863,WABASH,118.0,112.0,179.0,237.0,0.0,,low,Critical Access Hospitals,Government - Hospital District or Authority,Yes
141328,HARDIN COUNTY GENERAL HOSPITAL & CLINIC,ROSICLARE,IL,62982,HARDIN,,,,,1.0,,low,Critical Access Hospitals,Voluntary non-profit - Private,Yes
141329,MORRISON COMMUNITY HOSPITAL,MORRISON,IL,61270,WHITESIDE,126.0,124.0,202.0,,1.0,,low,Critical Access Hospitals,Government - Hospital District or Authority,Yes
141330,HOPEDALE HOSPITAL,HOPEDALE,IL,61747,TAZEWELL,134.0,130.0,,382.0,,,,Critical Access Hospitals,Voluntary non-profit - Private,Yes
141331,MARSHALL BROWNING HOSPITAL,DU QUOIN,IL,62832,PERRY,,,,,,,,Critical Access Hospitals,Voluntary non-profit - Private,Yes
141332,HILLSBORO AREA HOSPITAL,HILLSBORO,IL,62049,MONTGOMERY,142.0,140.0,333.0,368.0,1.0,,low,Critical Access Hospitals,Voluntary non-profit - Private,Yes
141333,SARAH D CULBERTSON MEMORIAL HOSPITAL,RUSHVILLE,IL,62681,SCHUYLER,141.0,122.0,209.0,287.0,1.0,,low,Critical Access Hospitals,Government - Hospital District or Authority,Yes
141334,ST JOSEPH MEMORIAL HOSPITAL,MURPHYSBORO,IL,62966,JACKSON,126.0,115.0,242.0,258.0,1.0,,low,Critical Access Hospitals,Voluntary non-profit - Private,Yes
141335,MERCY HARVARD HOSPITAL,HARVARD,IL,60033,MC HENRY,124.0,118.0,310.0,312.0,1.0,,low,Critical Access Hospitals,Voluntary non-profit - Private,Yes
141336,ST JOSEPH'S HOSPITAL,HIGHLAND,IL,62249,MADISON,,,,,0.0,,low,Critical Access Hospitals,Voluntary non-profit - Church,Yes
141337,OSF SAINT CLARE MEDICAL CENTER,PRINCETON,IL,61356,BUREAU,124.0,112.0,367.0,292.0,0.0,65.0,low,Critical Access Hospitals,Voluntary non-profit - Church,Yes
141338,MEMORIAL HOSPITAL,CHESTER,IL,62233,RANDOLPH,190.0,183.0,278.0,280.0,2.0,,low,Critical Access Hospitals,Government - Hospital District or Authority,Yes
141339,TAYLORVILLE MEMORIAL HOSPITAL,TAYLORVILLE,IL,62568,CHRISTIAN,134.0,118.0,,262.0,2.0,,low,Critical Access Hospitals,Voluntary non-profit - Private,Yes
141340,VALLEY WEST COMMUNITY HOSPITAL,SANDWICH,IL,60548,DE KALB,145.0,136.0,126.0,294.0,1.0,,low,Critical Access Hospitals,Voluntary non-profit - Private,Yes
141341,PANA COMMUNITY HOSPITAL,PANA,IL,62557,CHRISTIAN,168.0,152.0,297.0,354.0,1.0,,low,Critical Access Hospitals,Voluntary non-profit - Private,Yes
141342,DEACONESS ILLINOIS UNION COUNTY,ANNA,IL,62906,UNION,135.0,126.0,341.0,340.0,1.0,,low,Critical Access Hospitals,Proprietary,Yes
141343,CRAWFORD MEMORIAL HOSPITAL,ROBINSON,IL,62454,CRAWFORD,138.0,127.0,302.0,262.0,1.0,,low,Critical Access Hospitals,Government - Hospital District or Authority,Yes
141344,LAWRENCE COUNTY MEMORIAL HOSPITAL,LAWRENCEVILLE,IL,62439,LAWRENCE,106.0,102.0,78.0,323.0,1.0,,low,Critical Access Hospitals,Voluntary non-profit - Private,Yes
141345,SALEM TOWNSHIP HOSPITAL,SALEM,IL,62881,MARION,145.0,146.0,116.0,,2.0,,low,Critical Access Hospitals,Government - Local,Yes
141346,FAYETTE COUNTY HOSPITAL,VANDALIA,IL,62471,FAYETTE,,,,,,,,Critical Access Hospitals,Voluntary non-profit - Other,Yes
141347,CARLINVILLE AREA HOSPITAL,CARLINVILLE,IL,62626,MACOUPIN,142.0,124.0,249.0,286.0,,,,Critical Access Hospitals,Voluntary non-profit - Private,Yes
141348,RED BUD REGIONAL HOSPITAL,RED BUD,IL,62278,RANDOLPH,128.0,122.0,,349.0,1.0,,low,Critical Access Hospitals,Proprietary,Yes
141349,SPARTA COMMUNITY HOSPITAL,SPARTA,IL,62286,RANDOLPH,,,,,,,,Critical Access Hospitals,Government - Hospital District or Authority,Yes
141350,ST FRANCIS HOSPITAL,LITCHFIELD,IL,62056,MONTGOMERY,,,,,0.0,,low,Critical Access Hospitals,Voluntary non-profit - Church,Yes
141351,CLAY COUNTY HOSPITAL,FLORA,IL,62839,CLAY,96.0,96.0,,,0.0,,low,Critical Access Hospitals,Government - Local,Yes
141352,JACKSONVILLE MEMORIAL HOSPITAL,JACKSONVILLE,IL,62650,MORGAN,186.0,178.0,318.0,408.0,4.0,78.0,medium,Critical Access Hospitals,Voluntary non-profit - Private,Yes
141353,IROQUOIS MEMORIAL HOSPITAL,WATSEKA,IL,60970,IROQUOIS,160.0,150.0,141.0,343.0,0.0,,low,Critical Access Hospitals,Voluntary non-profit - Private,Yes
141354,HSHS GOOD SHEPHERD HOSPITAL INC,SHELBYVILLE,IL,62565,SHELBY,,,,,0.0,,low,Critical Access Hospitals,Voluntary non-profit - Private,Yes
141355,CARLE RICHLAND MEMORIAL HOSPITAL,OLNEY,IL,62450,RICHLAND,118.0,115.0,178.0,312.0,1.0,,low,Critical Access Hospitals,Voluntary non-profit - Private,Yes
143300,ANN & ROBERT H LURIE CHILDRENS HOSPITAL OF CHICAGO,CHICAGO,IL,60611,COOK,,,,,,,,Childrens,Voluntary non-profit - Private,Yes
143301,LARABIDA CHILDRENS HOSPITAL I,CHICAGO,IL,60649,COOK,,,,,,,,Childrens,Voluntary non-profit - Private,No
143302,SHRINERS HOSPITAL FOR CHILDREN,CHICAGO,IL,60707,COOK,,,,,,,,Childrens,Voluntary non-profit - Private,No
150001,JOHNSON MEMORIAL HOSPITAL,FRANKLIN,IN,46131,JOHNSON,145.0,139.0,185.0,373.0,0.0,75.0,medium,Acute Care Hospitals,Government - Local,Yes
150002,METHODIST HOSPITALS INC,GARY,IN,46402,LAKE,162.0,158.0,191.0,,0.0,89.0,very high,Acute Care Hospitals,Voluntary non-profit - Private,Yes
150005,HENDRICKS REGIONAL HEALTH,DANVILLE,IN,46122,HENDRICKS,167.0,167.0,174.0,,2.0,87.0,high,Acute Care Hospitals,Government - Local,Yes
150006,NORTHWEST HEALTH-LA PORTE,LA PORTE,IN,46350,LA PORTE,164.0,156.0,348.0,370.0,1.0,79.0,medium,Acute Care Hospitals,Voluntary non-profit - Private,Yes
150007,COMMUNITY HOWARD REGIONAL HEALTH INC.,KOKOMO,IN,46902,HOWARD,154.0,150.0,275.0,,4.0,92.0,medium,Acute Care Hospitals,Voluntary non-profit - Private,Yes
150008,ST CATHERINE HOSPITAL INC,EAST CHICAGO,IN,46312,LAKE,127.0,127.0,,,1.0,92.0,medium,Acute Care Hospitals,Voluntary non-profit - Private,Yes
150009,NORTON CLARK HOSPITAL,JEFFERSONVILLE,IN,47130,CLARK,196.0,194.0,239.0,,3.0,,medium,Acute Care Hospitals,Voluntary non-profit - Other,Yes
150010,ASCENSION ST VINCENT KOKOMO,KOKOMO,IN,46904,HOWARD,178.0,172.0,229.0,385.0,,,,Acute Care Hospitals,Voluntary non-profit - Church,Yes
150011,MARION GENERAL HOSPITAL,MARION,IN,46952,GRANT,136.0,132.0,154.0,294.0,1.0,64.0,medium,Acute Care Hospitals,Voluntary non-profit - Private,Yes
150012,SAINT JOSEPH REGIONAL MEDICAL CENTER,MISHAWAKA,IN,46545,ST. JOSEPH,195.0,195.0,248.0,,2.0,58.0,medium,Acute Care Hospitals,Voluntary non-profit - Private,Yes
150015,FRANCISCAN HEALTH MICHIGAN CITY,MICHIGAN CITY,IN,46360,LA PORTE,142.0,140.0,,,2.0,71.0,high,Acute Care Hospitals,Voluntary non-profit - Church,Yes
150017,LUTHERAN HOSPITAL OF INDIANA,FORT WAYNE,IN,46804,ALLEN,216.0,215.0,,,2.0,,medium,Acute Care Hospitals,Proprietary,Yes
150018,ELKHART GENERAL HOSPITAL,ELKHART,IN,46514,ELKHART,198.0,195.0,231.0,,4.0,77.0,high,Acute Care Hospitals,Government - Local,Yes
150021,PARKVIEW REGIONAL MEDICAL CENTER,FORT WAYNE,IN,46845,ALLEN,150.0,150.0,175.0,,1.0,,very high,Acute Care Hospitals,Voluntary non-profit - Private,Yes
150022,FRANCISCAN HEALTH CRAWFORDSVILLE,CRAWFORDSVILLE,IN,47933,MONTGOMERY,108.0,102.0,,362.0,1.0,78.0,low,Acute Care Hospitals,Voluntary non-profit - Church,Yes
150023,UNION HOSPITAL INC,TERRE HAUTE,IN,47804,VIGO,181.0,183.0,159.0,,1.0,67.0,high,Acute Care Hospitals,Voluntary non-profit - Private,Yes
150024,ESKENAZI HEALTH,INDIANAPOLIS,IN,46202,MARION,232.0,232.0,239.0,,4.0,,very high,Acute Care Hospitals,Government - Local,Yes
150026,GOSHEN HOSPITAL,GOSHEN,IN,46526,ELKHART,161.0,158.0,202.0,,2.0,73.0,medium,Acute Care Hospitals,Voluntary non-profit - Private,Yes
150030,HENRY COUNTY MEMORIAL HOSPITAL,NEW CASTLE,IN,47362,HENRY,164.0,148.0,304.0,306.0,2.0,,medium,Acute Care Hospitals,Government - Local,Yes
150034,ST MARY MEDICAL CENTER INC,HOBART,IN,46342,LAKE,159.0,156.0,372.0,,0.0,92.0,high,Acute Care Hospitals,Voluntary non-profit - Private,Yes
150035,NORTHWEST HEALTH - PORTER,VALPARAISO,IN,46383,PORTER,148.0,138.0,336.0,,2.0,81.0,medium,Acute Care Hospitals,Proprietary,Yes
150037,HANCOCK REGIONAL HOSPITAL,GREENFIELD,IN,46140,HANCOCK,172.0,162.0,102.0,292.0,1.0,58.0,medium,Acute Care Hospitals,Government - Local,Yes
150042,GOOD SAMARITAN HOSPITAL,VINCENNES,IN,47591,KNOX,121.0,119.0,140.0,155.0,1.0,87.0,medium,Acute Care Hospitals,Voluntary non-profit - Other,Yes
150044,BAPTIST HEALTH FLOYD,NEW ALBANY,IN,47150,FLOYD,173.0,172.0,,,2.0,84.0,high,Acute Care Hospitals,Voluntary non-profit - Private,Yes
150045,PARKVIEW DEKALB HOSPITAL,AUBURN,IN,46706,DE KALB,129.0,118.0,162.0,299.0,1.0,85.0,low,Acute Care Hospitals,Voluntary non-profit - Private,Yes
150046,TERRE HAUTE REGIONAL HOSPITAL,TERRE HAUTE,IN,47802,VIGO,143.0,138.0,129.0,408.0,0.0,,medium,Acute Care Hospitals,Proprietary,Yes
150047,"ST JOSEPH HEALTH SYSTEM, LLC",FORT WAYNE,IN,46802,ALLEN,131.0,121.0,234.0,322.0,2.0,,medium,Acute Care Hospitals,Proprietary,Yes
150048,REID HEALTH,RICHMOND,IN,47374,WAYNE,176.0,171.0,180.0,293.0,2.0,62.0,very high,Acute Care Hospitals,Voluntary non-profit - Private,Yes
150051,INDIANA UNIVERSITY HEALTH BLOOMINGTON HOSPITAL,BLOOMINGTON,IN,47403,MONROE,225.0,223.0,265.0,,3.0,57.0,high,Acute Care Hospitals,Voluntary non-profit - Private,Yes
150056,INDIANA UNIVERSITY HEALTH,INDIANAPOLIS,IN,46202,MARION,207.0,202.0,348.0,,3.0,87.0,very high,Acute Care Hospitals,Voluntary non-profit - Private,Yes
150057,FRANCISCAN HEALTH MOORESVILLE,MOORESVILLE,IN,46158,MORGAN,130.0,126.0,202.0,276.0,0.0,,medium,Acute Care Hospitals,Voluntary non-profit - Church,Yes
150058,MEMORIAL HOSPITAL OF SOUTH BEND,SOUTH BEND,IN,46601,ST. JOSEPH,212.0,205.0,342.0,,4.0,33.0,very high,Acute Care Hospitals,Voluntary non-profit - Private,Yes
150059,RIVERVIEW HEALTH,NOBLESVILLE,IN,46060,HAMILTON,107.0,105.0,127.0,,0.0,50.0,very high,Acute Care Hospitals,Government - Local,Yes
150061,DAVIESS COMMUNITY HOSPITAL,WASHINGTON,IN,47501,DAVIESS,123.0,119.0,190.0,251.0,1.0,17.0,low,Acute Care Hospitals,Government - Local,Yes
150065,SCHNECK MEDICAL CENTER,SEYMOUR,IN,47274,JACKSON,160.0,159.0,,,3.0,92.0,medium,Acute Care Hospitals,Government - Local,Yes
150069,NORTON-KING'S DAUGHTERS' HEALTH,MADISON,IN,47250,JEFFERSON,187.0,178.0,328.0,335.0,2.0,77.0,low,Acute Care Hospitals,Voluntary non-profit - Private,Yes
150072,MEMORIAL HOSPITAL,LOGANSPORT,IN,46947,CASS,159.0,151.0,232.0,285.0,2.0,73.0,low,Acute Care Hospitals,Government - Local,Yes
150074,COMMUNITY HOSPITAL EAST,INDIANAPOLIS,IN,46219,MARION,175.0,170.0,258.0,263.0,3.0,,very high,Acute Care Hospitals,Voluntary non-profit - Private,Yes
150075,BLUFFTON REGIONAL MEDICAL CENTER,BLUFFTON,IN,46714,WELLS,128.0,122.0,,261.0,1.0,,low,Acute Care Hospitals,Proprietary,Yes
150076,SAINT JOSEPH REGIONAL MEDICAL CENTER - PLYMOUTH,PLYMOUTH,IN,46563,MARSHALL,145.0,138.0,234.0,300.0,1.0,,low,Acute Care Hospitals,Voluntary non-profit - Church,Yes
150082,DEACONESS HOSPITAL INC,EVANSVILLE,IN,47747,VANDERBURGH,186.0,186.0,208.0,,4.0,,very high,Acute Care Hospitals,Voluntary non-profit - Private,Yes
150084,ASCENSION ST VINCENT HOSPITAL,INDIANAPOLIS,IN,46260,MARION,126.0,125.0,,,,,,Acute Care Hospitals,Voluntary non-profit - Church,Yes
150086,ST ELIZABETH DEARBORN HOSPITAL,LAWRENCEBURG,IN,47025,DEARBORN,157.0,154.0,250.0,350.0,1.0,86.0,medium,Acute Care Hospitals,Government - Local,Yes
150088,ASCENSION ST VINCENT ANDERSON,ANDERSON,IN,46016,MADISON,220.0,215.0,244.0,477.0,,85.0,,Acute Care Hospitals,Voluntary non-profit - Private,Yes
150089,INDIANA UNIVERSITY HEALTH BALL MEMORIAL HOSPITAL,MUNCIE,IN,47303,DELAWARE,261.0,254.0,323.0,,5.0,91.0,very high,Acute Care Hospitals,Voluntary non-profit - Private,Yes
150090,FRANCISCAN HEALTH DYER,DYER,IN,46311,LAKE,164.0,160.0,267.0,,1.0,38.0,medium,Acute Care Hospitals,Voluntary non-profit - Church,Yes
150091,PARKVIEW HUNTINGTON HOSPITAL,HUNTINGTON,IN,46750,HUNTINGTON,130.0,122.0,227.0,296.0,1.0,87.0,low,Acute Care Hospitals,Voluntary non-profit - Private,Yes
150097,MAJOR HOSPITAL,SHELBYVILLE,IN,46176,SHELBY,140.0,130.0,211.0,268.0,0.0,,medium,Acute Care Hospitals,Government - Local,Yes
150100,ASCENSION ST VINCENT EVANSVILLE,EVANSVILLE,IN,47750,VANDERBURGH,168.0,166.0,175.0,,,,,Acute Care Hospitals,Voluntary non-profit - Private,Yes
150101,PARKVIEW WHITLEY HOSPITAL,COLUMBIA CITY,IN,46725,WHITLEY,124.0,120.0,230.0,292.0,1.0,86.0,medium,Acute Care Hospitals,Voluntary non-profit - Private,Yes
150102,NORTHWEST HEALTH - STARKE,KNOX,IN,46534,STARKE,122.0,114.0,161.0,329.0,1.0,,low,Acute Care Hospitals,Proprietary,Yes
150104,WITHAM HEALTH SERVICES,LEBANON,IN,46052,BOONE,120.0,117.0,,341.0,1.0,,medium,Acute Care Hospitals,Government - Local,Yes
150109,FRANCISCAN HEALTH LAFAYETTE,LAFAYETTE,IN,47905,TIPPECANOE,170.0,161.0,322.0,,0.0,67.0,medium,Acute Care Hospitals,Voluntary non-profit - Church,Yes
150112,COLUMBUS REGIONAL HOSPITAL,COLUMBUS,IN,47201,BARTHOLOMEW,183.0,182.0,197.0,,2.0,92.0,medium,Acute Care Hospitals,Government - Local,Yes
150113,COMMUNITY HOSPITAL OF ANDERSON AND MADISON COUNTY,ANDERSON,IN,46011,MADISON,160.0,154.0,413.0,,2.0,,high,Acute Care Hospitals,Voluntary non-profit - Private,Yes
150115,MEMORIAL HOSPITAL AND HEALTH CARE CENTER,JASPER,IN,47546,DUBOIS,203.0,202.0,,,1.0,,medium,Acute Care Hospitals,Voluntary non-profit - Private,Yes
150125,COMMUNITY HOSPITAL,MUNSTER,IN,46321,LAKE,143.0,140.0,,,0.0,60.0,very high,Acute Care Hospitals,Voluntary non-profit - Private,Yes
150126,FRANCISCAN HEALTH CROWN POINT,CROWN POINT,IN,46307,LAKE,189.0,186.0,387.0,,1.0,83.0,medium,Acute Care Hospitals,Voluntary non-profit - Church,Yes
150128,"COMMUNITY HOSPITAL SOUTH, INC.",INDIANAPOLIS,IN,46227,MARION,200.0,196.0,431.0,,6.0,,high,Acute Care Hospitals,Voluntary non-profit - Private,Yes
150133,KOSCIUSKO COMMUNITY HOSPITAL,WARSAW,IN,46580,KOSCIUSKO,189.0,179.0,217.0,269.0,0.0,80.0,low,Acute Care Hospitals,Proprietary,Yes
150146,PARKVIEW NOBLE HOSPITAL,KENDALLVILLE,IN,46755,NOBLE,112.0,105.0,152.0,311.0,2.0,,low,Acute Care Hospitals,Voluntary non-profit - Private,Yes
150149,THE WOMEN'S HOSPITAL,NEWBURGH,IN,47630,WARRICK,130.0,130.0,,,0.0,,low,Acute Care Hospitals,Proprietary,Yes
150150,DUPONT HOSPITAL LLC,FORT WAYNE,IN,46825,ALLEN,128.0,126.0,,,2.0,,low,Acute Care Hospitals,Proprietary,Yes
150153,ST VINCENT HEART CENTER,CARMEL,IN,46290,HAMILTON,206.0,191.0,,378.0,,,,Acute Care Hospitals,Proprietary,Yes
150157,ASCENSION ST VINCENT CARMEL,CARMEL,IN,46032,HAMILTON,186.0,181.0,239.0,349.0,,,,Acute Care Hospitals,Voluntary non-profit - Private,Yes
150158,IU HEALTH WEST HOSPITAL,AVON,IN,46123,HENDRICKS,259.0,253.0,372.0,520.0,3.0,75.0,high,Acute Care Hospitals,Proprietary,Yes
150160,ORTHOINDY HOSPITAL,INDIANAPOLIS,IN,46278,MARION,,,,,,,,Acute Care Hospitals,Physician,No
150161,INDIANA UNIVERSITY HEALTH NORTH HOSPITAL,CARMEL,IN,46032,HAMILTON,198.0,197.0,,,2.0,,medium,Acute Care Hospitals,Voluntary non-profit - Private,Yes
150162,FRANCISCAN HEALTH INDIANAPOLIS,INDIANAPOLIS,IN,46237,MARION,218.0,212.0,432.0,,2.0,76.0,very high,Acute Care Hospitals,Voluntary non-profit - Church,Yes
150165,FRANCISCAN HEALTH MUNSTER,MUNSTER,IN,46321,LAKE,153.0,150.0,264.0,,1.0,11.0,medium,Acute Care Hospitals,Voluntary non-profit - Private,Yes
150166,PINNACLE HOSPITAL,CROWN POINT,IN,46307,LAKE,,,,,0.0,,low,Acute Care Hospitals,Physician,No
150167,ORTHOPAEDIC HOSPITAL AT PARKVIEW NORTH,FORT WAYNE,IN,46845,ALLEN,,,,,,,,Acute Care Hospitals,Voluntary non-profit - Private,Yes
150168,THE ORTHOPAEDIC HOSPITAL OF LUTHERAN HEALTH NETWOR,FT WAYNE,IN,46804,ALLEN,,,,,,,,Acute Care Hospitals,Proprietary,No
150169,COMMUNITY HOSPITAL NORTH,INDIANAPOLIS,IN,46256,MARION,228.0,221.0,469.0,414.0,4.0,,very high,Acute Care Hospitals,Voluntary non-profit - Private,Yes
150172,PHYSICIANS' MEDICAL CENTER LLC,NEW ALBANY,IN,47150,FLOYD,,,,,,,,Acute Care Hospitals,Physician,No
150173,INDIANA UNIVERSITY HEALTH ARNETT HOSPITAL,LAFAYETTE,IN,47905,TIPPECANOE,213.0,210.0,332.0,,2.0,93.0,high,Acute Care Hospitals,Voluntary non-profit - Private,Yes
150177,UNITY PHYSICIANS HOSPITAL,MISHAWAKA,IN,46545,ST. JOSEPH,,,,,,,,Acute Care Hospitals,Physician,No
150179,FAIRBANKS,INDIANAPOLIS,IN,46256,MARION,,,,,,,,Acute Care Hospitals,Voluntary non-profit - Private,No
150181,ASCENSION ST VINCENT FISHERS,FISHERS,IN,46037,HAMILTON,138.0,133.0,207.0,255.0,,9.0,,Acute Care Hospitals,Voluntary non-profit - Private,Yes
150183,MONROE HOSPITAL,BLOOMINGTON,IN,47403,MONROE,110.0,108.0,102.0,276.0,1.0,,low,Acute Care Hospitals,Proprietary,Yes
150193,FRANCISCAN HEALTH ORTHOPEDIC HOSPITAL CARMEL,CARMEL,IN,46032,HAMILTON,,,,,,,,Acute Care Hospitals,Voluntary non-profit - Church,No
150195,UCHICAGO MEDICINE NORTHWEST INDIANA,CROWN POINT,IN,46307,LAKE,135.0,126.0,,279.0,,,,Acute Care Hospitals,Voluntary non-profit - Private,Yes
151300,COMMUNITY HOSPITAL OF BREMEN INC,BREMEN,IN,46506,MARSHALL,104.0,99.0,,223.0,1.0,,low,Critical Access Hospitals,Voluntary non-profit - Private,Yes
151301,ASCENSION ST VINCENT RANDOLPH,WINCHESTER,IN,47394,RANDOLPH,108.0,105.0,,212.0,1.0,,low,Critical Access Hospitals,Voluntary non-profit - Private,Yes
151303,ASCENSION ST VINCENT JENNINGS,NORTH VERNON,IN,47265,JENNINGS,128.0,123.0,231.0,252.0,3.0,,low,Critical Access Hospitals,Voluntary non-profit - Church,Yes
151304,RUSH MEMORIAL HOSPITAL,RUSHVILLE,IN,46173,RUSH,108.0,99.0,173.0,338.0,1.0,,low,Critical Access Hospitals,Government - Local,Yes
151305,PULASKI MEMORIAL HOSPITAL,WINAMAC,IN,46996,PULASKI,122.0,121.0,,,0.0,,low,Critical Access Hospitals,Voluntary non-profit - Other,Yes
151306,INDIANA UNIVERSITY HEALTH PAOLI HOSPITAL,PAOLI,IN,47454,ORANGE,126.0,118.0,249.0,450.0,2.0,,low,Critical Access Hospitals,Voluntary non-profit - Private,Yes
151307,ASCENSION ST VINCENT WILLIAMSPORT,WILLIAMSPORT,IN,47993,WARREN,134.0,122.0,,270.0,0.0,,low,Critical Access Hospitals,Voluntary non-profit - Church,Yes
151308,ASCENSION ST VINCENT MERCY,ELWOOD,IN,46036,MADISON,106.0,100.0,110.0,308.0,0.0,,low,Critical Access Hospitals,Voluntary non-profit - Church,Yes
151309,ASCENSION ST VINCENT CLAY,BRAZIL,IN,47834,CLAY,146.0,141.0,137.0,276.0,2.0,,low,Critical Access Hospitals,Voluntary non-profit - Private,Yes
151310,"PARKVIEW WABASH HOSPITAL, INC",WABASH,IN,46992,WABASH,137.0,126.0,318.0,324.0,1.0,,low,Critical Access Hospitals,Voluntary non-profit - Private,Yes
151311,INDIANA UNIVERSITY HEALTH TIPTON HOSPITAL INC,TIPTON,IN,46072,TIPTON,124.0,121.0,,316.0,0.0,,low,Critical Access Hospitals,Voluntary non-profit - Other,Yes
151312,INDIANA UNIVERSITY HEALTH WHITE MEMORIAL HOSPITAL,MONTICELLO,IN,47960,WHITE,136.0,132.0,151.0,290.0,0.0,92.0,low,Critical Access Hospitals,Voluntary non-profit - Private,Yes
151313,WOODLAWN HOSPITAL,ROCHESTER,IN,46975,FULTON,176.0,175.0,,,,,,Critical Access Hospitals,Government - Local,Yes
151314,ASCENSION ST VINCENT SALEM,SALEM,IN,47167,WASHINGTON,135.0,124.0,269.0,314.0,2.0,,low,Critical Access Hospitals,Voluntary non-profit - Private,Yes
151315,CAMERON HEALTH,ANGOLA,IN,46703,STEUBEN,171.0,171.0,208.0,,1.0,58.0,low,Critical Access Hospitals,Voluntary non-profit - Private,Yes
151316,INDIANA UNIVERSITY HEALTH FRANKFORT INC,FRANKFORT,IN,46041,CLINTON,103.0,95.0,264.0,243.0,0.0,,low,Critical Access Hospitals,Voluntary non-profit - Private,Yes
151317,GREENE COUNTY GENERAL HOSPITAL,LINTON,IN,47441,GREENE,138.0,128.0,221.0,275.0,1.0,24.0,low,Critical Access Hospitals,Government - Local,Yes
151318,DUKES MEMORIAL HOSPITAL,PERU,IN,46970,MIAMI,138.0,129.0,204.0,357.0,1.0,,low,Critical Access Hospitals,Proprietary,Yes
151319,GIBSON GENERAL HOSPITAL,PRINCETON,IN,47670,GIBSON,110.0,101.0,165.0,223.0,,,,Critical Access Hospitals,Voluntary non-profit - Private,Yes
151320,"INDIANA UNIVERSITY HEALTH JAY, INC.",PORTLAND,IN,47371,JAY,146.0,136.0,297.0,202.0,1.0,,low,Critical Access Hospitals,Government - Local,Yes
151322,PERRY COUNTY MEMORIAL HOSPITAL,TELL CITY,IN,47586,PERRY,140.0,136.0,,272.0,1.0,,low,Critical Access Hospitals,Voluntary non-profit - Other,Yes
151323,PARKVIEW LAGRANGE HOSPITAL,LAGRANGE,IN,46761,LAGRANGE,111.0,107.0,168.0,194.0,1.0,,low,Critical Access Hospitals,Voluntary non-profit - Private,Yes
151324,"FRANCISCAN HEALTH RENSSELAER, INC",RENSSELAER,IN,47978,JASPER,104.0,94.0,252.0,258.0,0.0,,low,Critical Access Hospitals,Voluntary non-profit - Private,Yes
151325,ASCENSION ST VINCENT WARRICK,BOONVILLE,IN,47601,WARRICK,98.0,92.0,122.0,239.0,0.0,,low,Critical Access Hospitals,Voluntary non-profit - Private,Yes
151326,UNION HOSPITAL CLINTON,CLINTON,IN,47842,VERMILLION,123.0,121.0,177.0,,0.0,82.0,low,Critical Access Hospitals,Voluntary non-profit - Private,Yes
151327,SULLIVAN COUNTY COMMUNITY HOSPITAL,SULLIVAN,IN,47882,SULLIVAN,152.0,144.0,268.0,482.0,2.0,,low,Critical Access Hospitals,Government - Local,Yes
151328,INDIANA UNIVERSITY HEALTH BEDFORD HOSPITAL,BEDFORD,IN,47421,LAWRENCE,204.0,192.0,335.0,448.0,3.0,,medium,Critical Access Hospitals,Voluntary non-profit - Private,Yes
151329,MARGARET MARY COMMUNITY HOSPITAL INC,BATESVILLE,IN,47006,FRANKLIN,136.0,132.0,,269.0,1.0,100.0,low,Critical Access Hospitals,Voluntary non-profit - Private,Yes
151330,ADAMS MEMORIAL HOSPITAL,DECATUR,IN,46733,ADAMS,131.0,127.0,,260.0,1.0,,low,Critical Access Hospitals,Government - Local,Yes
151331,HARRISON COUNTY HOSPITAL,CORYDON,IN,47112,HARRISON,156.0,148.0,,255.0,3.0,,low,Critical Access Hospitals,Government - Local,Yes
151332,DECATUR COUNTY MEMORIAL HOSPITAL,GREENSBURG,IN,47240,DECATUR,121.0,112.0,210.0,303.0,1.0,,low,Critical Access Hospitals,Government - Local,Yes
151333,PUTNAM COUNTY HOSPITAL,GREENCASTLE,IN,46135,PUTNAM,129.0,126.0,225.0,267.0,0.0,,low,Critical Access Hospitals,Government - Local,Yes
151334,NORTON SCOTT HOSPITAL,SCOTTSBURG,IN,47170,SCOTT,130.0,126.0,291.0,293.0,4.0,64.0,low,Critical Access Hospitals,Proprietary,Yes
160001,UNITYPOINT HEALTH - MARSHALLTOWN,MARSHALLTOWN,IA,50158,MARSHALL,176.0,162.0,645.0,330.0,2.0,73.0,low,Acute Care Hospitals,Voluntary non-profit - Private,Yes
160013,TRINITY MUSCATINE,MUSCATINE,IA,52761,MUSCATINE,146.0,136.0,379.0,406.0,2.0,69.0,low,Acute Care Hospitals,Voluntary non-profit - Private,Yes
160016,TRINITY REGIONAL MEDICAL CENTER,FORT DODGE,IA,50501,WEBSTER,177.0,167.0,328.0,,5.0,,low,Acute Care Hospitals,Voluntary non-profit - Private,Yes
160028,CHI HEALTH MERCY COUNCIL BLUFFS,COUNCIL BLUFFS,IA,51503,POTTAWATTAMIE,177.0,171.0,239.0,281.0,2.0,,medium,Acute Care Hospitals,Voluntary non-profit - Private,Yes
160029,UNIVERSITY OF IOWA HEALTH CARE MEDICAL CENTER DOWN,IOWA CITY,IA,52245,JOHNSON,151.0,149.0,192.0,,1.0,,medium,Acute Care Hospitals,Voluntary non-profit - Church,Yes
160030,MARY GREELEY MEDICAL CENTER,AMES,IA,50010,STORY,146.0,146.0,295.0,,2.0,56.0,medium,Acute Care Hospitals,Government - Local,Yes
160032,MERCYONE NEWTON MEDICAL CENTER,NEWTON,IA,50208,JASPER,160.0,155.0,185.0,254.0,3.0,75.0,low,Acute Care Hospitals,Voluntary non-profit - Private,Yes
160033,GENESIS MEDICAL CENTER-DAVENPORT,DAVENPORT,IA,52803,SCOTT,178.0,174.0,276.0,210.0,5.0,80.0,very high,Acute Care Hospitals,Voluntary non-profit - Private,Yes
160040,"SARTORI MEMORIAL HOSPITAL, INC",CEDAR FALLS,IA,50613,BLACK HAWK,99.0,96.0,86.0,297.0,2.0,,low,Acute Care Hospitals,Voluntary non-profit - Church,Yes
160045,ST LUKES HOSPITAL,CEDAR RAPIDS,IA,52402,LINN,168.0,166.0,206.0,,3.0,77.0,high,Acute Care Hospitals,Voluntary non-profit - Private,Yes
160047,METHODIST JENNIE EDMUNDSON,COUNCIL BLUFFS,IA,51503,POTTAWATTAMIE,150.0,150.0,152.0,,3.0,,medium,Acute Care Hospitals,Voluntary non-profit - Private,Yes
160057,SOUTHEAST IOWA REGIONAL MEDICAL CENTER,WEST BURLINGTON,IA,52655,DES MOINES,136.0,132.0,,378.0,1.0,56.0,high,Acute Care Hospitals,Voluntary non-profit - Private,Yes
160058,UNIVERSITY OF IOWA HOSPITAL & CLINICS,IOWA CITY,IA,52242,JOHNSON,213.0,210.0,250.0,,3.0,,high,Acute Care Hospitals,Government - State,Yes
160064,MERCYONE NORTH IOWA MEDICAL CENTER,MASON CITY,IA,50401,CERRO GORDO,191.0,193.0,183.0,,4.0,,medium,Acute Care Hospitals,Voluntary non-profit - Private,Yes
160067,MERCYONE WATERLOO MEDICAL CENTER,WATERLOO,IA,50702,BLACK HAWK,226.0,223.0,230.0,334.0,10.0,50.0,low,Acute Care Hospitals,Voluntary non-profit - Church,Yes
160069,MERCYONE DUBUQUE MEDICAL CENTER,DUBUQUE,IA,52001,DUBUQUE,206.0,204.0,209.0,278.0,4.0,77.0,medium,Acute Care Hospitals,Voluntary non-profit - Church,Yes
160079,MERCY MEDICAL CENTER - CEDAR RAPIDS,CEDAR RAPIDS,IA,52403,LINN,150.0,148.0,,,1.0,77.0,very high,Acute Care Hospitals,Voluntary non-profit - Church,Yes
160080,MERCYONE CLINTON MEDICAL CENTER,CLINTON,IA,52732,CLINTON,128.0,123.0,154.0,298.0,2.0,82.0,medium,Acute Care Hospitals,Voluntary non-profit - Private,Yes
160082,UNITYPOINT HEALTH - DES MOINES IOWA METHODIST MEDI,DES MOINES,IA,50309,POLK,188.0,182.0,295.0,,7.0,56.0,very high,Acute Care Hospitals,Voluntary non-profit - Private,Yes
160083,MERCYONE DES MOINES MEDICAL CENTER,DES MOINES,IA,50314,POLK,244.0,244.0,250.0,,4.0,91.0,very high,Acute Care Hospitals,Voluntary non-profit - Private,Yes
160089,OTTUMWA REGIONAL HEALTH CENTER,OTTUMWA,IA,52501,WAPELLO,170.0,166.0,236.0,356.0,4.0,69.0,low,Acute Care Hospitals,Proprietary,Yes
160101,BROADLAWNS MEDICAL CENTER,DES MOINES,IA,50314,POLK,225.0,204.0,302.0,540.0,9.0,,medium,Acute Care Hospitals,Government - Local,Yes
160104,TRINITY - BETTENDORF,BETTENDORF,IA,52722,SCOTT,212.0,205.0,441.0,514.0,7.0,,medium,Acute Care Hospitals,Voluntary non-profit - Private,Yes
160110,ALLEN HOSPITAL,WATERLOO,IA,50703,BLACK HAWK,167.0,163.0,330.0,,3.0,78.0,medium,Acute Care Hospitals,Voluntary non-profit - Private,Yes
160112,SPENCER MUNICIPAL HOSPITAL,SPENCER,IA,51301,CLAY,134.0,128.0,268.0,,0.0,,low,Acute Care Hospitals,Government - Local,Yes
160117,FINLEY HOSPITAL,DUBUQUE,IA,52001,DUBUQUE,122.0,114.0,,283.0,1.0,64.0,medium,Acute Care Hospitals,Voluntary non-profit - Private,Yes
160124,LAKES REGIONAL HEALTHCARE,SPIRIT LAKE,IA,51360,DICKINSON,133.0,125.0,237.0,257.0,1.0,,low,Acute Care Hospitals,Government - Local,Yes
160146,ST LUKES REGIONAL MEDICAL CENTER,SIOUX CITY,IA,51104,WOODBURY,176.0,174.0,215.0,,2.0,90.0,medium,Acute Care Hospitals,Voluntary non-profit - Private,Yes
160147,GRINNELL REGIONAL MEDICAL CENTER,GRINNELL,IA,50112,POWESHIEK,118.0,112.0,345.0,283.0,1.0,50.0,low,Acute Care Hospitals,Voluntary non-profit - Private,Yes
160153,MERCYONE SIOUXLAND MEDICAL CENTER,SIOUX CITY,IA,51101,WOODBURY,205.0,199.0,331.0,,2.0,,medium,Acute Care Hospitals,Voluntary non-profit - Private,Yes
161301,IOWA SPECIALTY HOSPITAL - BELMOND,BELMOND,IA,50421,WRIGHT,89.0,88.0,,,1.0,,low,Critical Access Hospitals,Government - Local,Yes
161302,IOWA SPECIALTY HOSPITAL - CLARION,CLARION,IA,50525,WRIGHT,111.0,108.0,,,1.0,,low,Critical Access Hospitals,Government - Local,Yes
161303,GRUNDY COUNTY MEMORIAL HOSPITAL,GRUNDY CENTER,IA,50638,GRUNDY,83.0,81.0,92.0,138.0,0.0,55.0,low,Critical Access Hospitals,Voluntary non-profit - Other,Yes
161304,CHI HEALTH - MERCY CORNING,CORNING,IA,50841,ADAMS,131.0,124.0,354.0,260.0,0.0,,low,Critical Access Hospitals,Voluntary non-profit - Church,Yes
161305,POCAHONTAS COMMUNITY HOSPITAL,POCAHONTAS,IA,50574,POCAHONTAS,120.0,120.0,,,,,,Critical Access Hospitals,Government - Local,Yes
161306,JONES REGIONAL MEDICAL CENTER,ANAMOSA,IA,52205,JONES,122.0,116.0,157.0,256.0,,,,Critical Access Hospitals,Voluntary non-profit - Private,Yes
161307,HANCOCK COUNTY HEALTH SYSTEM,BRITT,IA,50423,HANCOCK,118.0,113.0,,276.0,0.0,,low,Critical Access Hospitals,Government - Local,Yes
161308,FRANKLIN GENERAL HOSPITAL,HAMPTON,IA,50441,FRANKLIN,140.0,136.0,226.0,213.0,1.0,,low,Critical Access Hospitals,Government - Local,Yes
161309,CHI HEALTH MISSOURI VALLEY,MISSOURI VALLEY,IA,51555,HARRISON,119.0,105.0,140.0,213.0,0.0,,low,Critical Access Hospitals,Voluntary non-profit - Private,Yes
161310,ADAIR COUNTY MEMORIAL HOSPITAL,GREENFIELD,IA,50849,ADAIR,152.0,140.0,325.0,264.0,0.0,,low,Critical Access Hospitals,Government - Local,Yes
161311,HAWARDEN REGIONAL HEALTHCARE,HAWARDEN,IA,51023,SIOUX,162.0,158.0,,208.0,0.0,,low,Critical Access Hospitals,Government - Local,Yes
161312,GUTTENBERG MUNICIPAL HOSPITAL,GUTTENBERG,IA,52052,CLAYTON,110.0,96.0,,188.0,0.0,,low,Critical Access Hospitals,Government - Local,Yes
161313,MERCYONE GENESIS DEWITT MEDICAL CENTER,DEWITT,IA,52742,CLINTON,110.0,101.0,,225.0,1.0,,low,Critical Access Hospitals,Voluntary non-profit - Private,Yes
161314,GUTHRIE COUNTY HOSPITAL,GUTHRIE CENTER,IA,50115,GUTHRIE,129.0,120.0,259.0,214.0,0.0,,low,Critical Access Hospitals,Voluntary non-profit - Other,Yes
161315,KEOKUK COUNTY HEALTH CENTER,SIGOURNEY,IA,52591,KEOKUK,125.0,116.0,,,0.0,,low,Critical Access Hospitals,Government - Hospital District or Authority,Yes
161316,GUNDERSEN PALMER LUTHERAN HOSPITAL AND CLINICS,WEST UNION,IA,52175,FAYETTE,94.0,85.0,162.0,228.0,0.0,,low,Critical Access Hospitals,Voluntary non-profit - Private,Yes
161317,COMPASS MEMORIAL HEALTHCARE,MARENGO,IA,52301,IOWA,55.0,55.0,,,1.0,,low,Critical Access Hospitals,Voluntary non-profit - Private,Yes
161318,VETERANS MEMORIAL HOSPITAL,WAUKON,IA,52172,ALLAMAKEE,104.0,97.0,217.0,245.0,0.0,,low,Critical Access Hospitals,Government - Local,Yes
161319,MERCYONE ELKADER MEDICAL CENTER,ELKADER,IA,52043,CLAYTON,116.0,114.0,220.0,,,,,Critical Access Hospitals,Voluntary non-profit - Private,Yes
161320,COMMUNITY MEMORIAL HOSPITAL MEDICAL CENTER,SUMNER,IA,50674,BREMER,148.0,132.0,,352.0,0.0,,low,Critical Access Hospitals,Voluntary non-profit - Private,Yes
161321,AVERA MERRILL PIONEER HOSPITAL,ROCK RAPIDS,IA,51246,LYON,115.0,105.0,202.0,194.0,,,,Critical Access Hospitals,Voluntary non-profit - Private,Yes
161322,DALLAS COUNTY HOSPITAL,PERRY,IA,50220,DALLAS,117.0,113.0,182.0,266.0,1.0,,low,Critical Access Hospitals,Government - Local,Yes
161323,MITCHELL COUNTY REGIONAL HEALTH,OSAGE,IA,50461,MITCHELL,93.0,89.0,165.0,,0.0,,low,Critical Access Hospitals,Government - Federal,No
161324,GEORGE C GRAPE COMMUNITY HOSPITAL,HAMBURG,IA,51640,FREMONT,112.0,108.0,132.0,229.0,,,,Critical Access Hospitals,Voluntary non-profit - Private,Yes
161325,GREENE COUNTY MEDICAL CENTER,JEFFERSON,IA,50129,GREENE,104.0,104.0,,,0.0,18.0,low,Critical Access Hospitals,Government - Local,Yes
161326,MADISON COUNTY HEALTH CARE SYSTEM,WINTERSET,IA,50273,MADISON,117.0,115.0,149.0,,1.0,,low,Critical Access Hospitals,Government - Local,Yes
161327,DAVIS COUNTY HOSPITAL,BLOOMFIELD,IA,52537,DAVIS,101.0,96.0,147.0,216.0,1.0,,low,Critical Access Hospitals,Government - Local,Yes
161328,REGIONAL HEALTH SERVICES OF HOWARD COUNTY,CRESCO,IA,52136,HOWARD,100.0,91.0,178.0,230.0,0.0,,low,Critical Access Hospitals,Government - Local,Yes
161329,JACKSON COUNTY REGIONAL HEALTH CENTER,MAQUOKETA,IA,52060,JACKSON,83.0,77.0,137.0,206.0,0.0,,low,Critical Access Hospitals,Government - Local,Yes
161330,AUDUBON COUNTY MEMORIAL HOSPITAL,AUDUBON,IA,50025,AUDUBON,84.0,84.0,,,0.0,,low,Critical Access Hospitals,Government - Local,Yes
161331,MERCY MEDICAL CENTER-NEW HAMPTON,NEW HAMPTON,IA,50659,CHICKASAW,122.0,119.0,130.0,258.0,0.0,,low,Critical Access Hospitals,Voluntary non-profit - Church,Yes
161332,MANNING REGIONAL HEALTHCARE CENTER,MANNING,IA,51455,CARROLL,106.0,101.0,154.0,154.0,,,,Critical Access Hospitals,Voluntary non-profit - Private,Yes
161333,STORY COUNTY HOSPITAL,NEVADA,IA,50201,STORY,108.0,102.0,364.0,204.0,1.0,,low,Critical Access Hospitals,Government - Local,Yes
161334,HUMBOLDT COUNTY MEMORIAL HOSPITAL,HUMBOLDT,IA,50548,HUMBOLDT,103.0,100.0,166.0,,,,,Critical Access Hospitals,Voluntary non-profit - Other,Yes
161335,BUCHANAN COUNTY HEALTH CENTER,INDEPENDENCE,IA,50644,BUCHANAN,92.0,90.0,,170.0,0.0,,low,Critical Access Hospitals,Voluntary non-profit - Other,Yes
161336,HEGG MEMORIAL HEALTH CENTER,ROCK VALLEY,IA,51247,SIOUX,104.0,98.0,142.0,155.0,,,,Critical Access Hospitals,Voluntary non-profit - Private,Yes
161337,VAN BUREN COUNTY HOSPITAL,KEOSAUQUA,IA,52565,VAN BUREN,148.0,146.0,198.0,,0.0,,low,Critical Access Hospitals,Government - Local,Yes
161338,MERCYONE OELWEIN MEDICAL CENTER,OELWEIN,IA,50662,FAYETTE,130.0,123.0,,,1.0,,low,Critical Access Hospitals,Voluntary non-profit - Private,Yes
161339,WAVERLY HEALTH CENTER,WAVERLY,IA,50677,BREMER,165.0,157.0,,293.0,2.0,53.0,low,Critical Access Hospitals,Government - Local,Yes
161340,DECATUR COUNTY HOSPITAL,LEON,IA,50144,DECATUR,101.0,97.0,127.0,294.0,0.0,,low,Critical Access Hospitals,Government - Local,Yes
161341,LUCAS COUNTY HEALTH CENTER,CHARITON,IA,50049,LUCAS,114.0,108.0,208.0,146.0,0.0,,low,Critical Access Hospitals,Voluntary non-profit - Other,Yes
161342,MONROE COUNTY HOSPITAL,ALBIA,IA,52531,MONROE,128.0,123.0,273.0,283.0,0.0,,low,Critical Access Hospitals,Government - Local,Yes
161343,REGIONAL MEDICAL CENTER,MANCHESTER,IA,52057,DELAWARE,154.0,147.0,206.0,264.0,0.0,,low,Critical Access Hospitals,Voluntary non-profit - Other,Yes
161344,WASHINGTON COUNTY HOSPITAL AND CLINICS,WASHINGTON,IA,52353,WASHINGTON,102.0,91.0,294.0,233.0,,,,Critical Access Hospitals,Voluntary non-profit - Other,Yes
161345,OSCEOLA COMMUNITY HOSPITAL,SIBLEY,IA,51249,OSCEOLA,122.0,115.0,184.0,214.0,,,,Critical Access Hospitals,Voluntary non-profit - Private,Yes
161346,SIOUX CENTER HEALTH,SIOUX CENTER,IA,51250,SIOUX,125.0,121.0,176.0,223.0,0.0,,low,Critical Access Hospitals,Voluntary non-profit - Private,Yes
161347,FLOYD COUNTY MEDICAL CENTER,CHARLES CITY,IA,50616,FLOYD,172.0,168.0,369.0,,,,,Critical Access Hospitals,Government - Local,Yes
161348,CLARKE COUNTY HOSPITAL,OSCEOLA,IA,50213,CLARKE,108.0,104.0,158.0,268.0,1.0,,low,Critical Access Hospitals,Voluntary non-profit - Other,Yes
161349,VIRGINIA GAY HOSPITAL,VINTON,IA,52349,BENTON,79.0,79.0,,,0.0,,low,Critical Access Hospitals,Voluntary non-profit - Private,Yes
161350,STEWART MEMORIAL COMMUNITY HOSPITAL,LAKE CITY,IA,51449,CALHOUN,136.0,127.0,,447.0,0.0,,low,Critical Access Hospitals,Voluntary non-profit - Private,Yes
161351,AVERA HOLY FAMILY HOSPITAL,ESTHERVILLE,IA,51334,EMMET,117.0,110.0,170.0,277.0,0.0,,low,Critical Access Hospitals,Voluntary non-profit - Private,Yes
161352,CLARINDA REGIONAL HEALTH CENTER,CLARINDA,IA,51632,PAGE,152.0,153.0,149.0,,0.0,,low,Critical Access Hospitals,Government - Local,Yes
161353,KOSSUTH REGIONAL HEALTH CENTER,ALGONA,IA,50511,KOSSUTH,102.0,99.0,160.0,202.0,1.0,,low,Critical Access Hospitals,Government - Local,Yes
161354,HORN MEMORIAL HOSPITAL,IDA GROVE,IA,51445,IDA,112.0,100.0,410.0,390.0,1.0,,low,Critical Access Hospitals,Voluntary non-profit - Private,Yes
161355,KNOXVILLE HOSPITAL & CLINICS,KNOXVILLE,IA,50138,MARION,147.0,138.0,384.0,222.0,2.0,,low,Critical Access Hospitals,Voluntary non-profit - Private,Yes
161356,HENRY COUNTY HEALTH CENTER,MOUNT PLEASANT,IA,52641,HENRY,96.0,91.0,122.0,364.0,1.0,,low,Critical Access Hospitals,Physician,Yes
161357,PALO ALTO COUNTY HOSPITAL,EMMETSBURG,IA,50536,PALO ALTO,107.0,103.0,,215.0,0.0,,low,Critical Access Hospitals,Government - Local,Yes
161358,WAYNE COUNTY HOSPITAL,CORYDON,IA,50060,WAYNE,154.0,149.0,,,,,,Critical Access Hospitals,Government - Local,Yes
161359,BURGESS HEALTH CENTER,ONAWA,IA,51040,MONONA,143.0,130.0,,,0.0,,low,Critical Access Hospitals,Voluntary non-profit - Private,Yes
161360,ORANGE CITY AREA HEALTH SYSTEM,ORANGE CITY,IA,51041,SIOUX,123.0,117.0,,,0.0,,low,Critical Access Hospitals,Voluntary non-profit - Other,Yes
161361,VAN DIEST MEDICAL CENTER,WEBSTER CITY,IA,50595,HAMILTON,110.0,103.0,149.0,224.0,1.0,,low,Critical Access Hospitals,Voluntary non-profit - Other,Yes
161362,CHEROKEE REGIONAL MEDICAL CENTER,CHEROKEE,IA,51012,CHEROKEE,141.0,134.0,298.0,270.0,0.0,,low,Critical Access Hospitals,Voluntary non-profit - Private,Yes
161363,MONTGOMERY COUNTY MEMORIAL HOSPITAL,RED OAK,IA,51566,MONTGOMERY,128.0,113.0,315.0,291.0,1.0,,low,Critical Access Hospitals,Government - Local,Yes
161364,JEFFERSON COUNTY HEALTH CENTER,FAIRFIELD,IA,52556,JEFFERSON,119.0,118.0,186.0,,1.0,50.0,low,Critical Access Hospitals,Government - Local,Yes
161365,GREATER REGIONAL MEDICAL CENTER,CRESTON,IA,50801,UNION,107.0,101.0,123.0,,0.0,,low,Critical Access Hospitals,Government - Local,Yes
161366,SHENANDOAH MEDICAL CENTER,SHENANDOAH,IA,51601,PAGE,116.0,114.0,189.0,,0.0,,low,Critical Access Hospitals,Voluntary non-profit - Private,Yes
161367,PELLA REGIONAL HEALTH CENTER,PELLA,IA,50219,MARION,155.0,152.0,229.0,,1.0,,low,Critical Access Hospitals,Voluntary non-profit - Private,Yes
161368,FLOYD VALLEY HEALTHCARE,LE MARS,IA,51031,PLYMOUTH,180.0,169.0,303.0,318.0,0.0,,low,Critical Access Hospitals,Government - Local,Yes
161369,CRAWFORD COUNTY MEMORIAL HOSPITAL,DENISON,IA,51442,CRAWFORD,110.0,101.0,244.0,418.0,0.0,,low,Critical Access Hospitals,Government - Local,Yes
161370,LORING HOSPITAL,SAC CITY,IA,50583,SAC,108.0,103.0,182.0,154.0,0.0,,low,Critical Access Hospitals,Voluntary non-profit - Private,Yes
161371,WINNMED,DECORAH,IA,52101,WINNESHIEK,136.0,114.0,,236.0,1.0,,low,Critical Access Hospitals,Government - Local,Yes
161372,BOONE COUNTY HOSPITAL,BOONE,IA,50036,BOONE,126.0,122.0,259.0,,0.0,,low,Critical Access Hospitals,Voluntary non-profit - Other,Yes
161373,RINGGOLD COUNTY HOSPITAL,MOUNT AYR,IA,50854,RINGGOLD,130.0,128.0,,,0.0,,low,Critical Access Hospitals,Government - State,Yes
161374,MYRTUE MEDICAL CENTER,HARLAN,IA,51537,SHELBY,61.0,61.0,,,0.0,,low,Critical Access Hospitals,Voluntary non-profit - Other,Yes
161375,BUENA VISTA REGIONAL MEDICAL CENTER,STORM LAKE,IA,50588,BUENA VISTA,157.0,152.0,350.0,239.0,1.0,,low,Critical Access Hospitals,Government - Local,Yes
161376,CASS COUNTY MEMORIAL HOSPITAL,ATLANTIC,IA,50022,CASS,88.0,86.0,87.0,201.0,0.0,,low,Critical Access Hospitals,Government - Local,Yes
161377,MERCYONE CENTERVILLE MEDICAL CENTER,CENTERVILLE,IA,52544,APPANOOSE,137.0,130.0,267.0,244.0,1.0,,low,Critical Access Hospitals,Voluntary non-profit - Private,Yes
161378,MERCYONE DYERSVILLE MEDICAL CENTER,DYERSVILLE,IA,52040,DUBUQUE,108.0,105.0,,,0.0,,low,Critical Access Hospitals,Voluntary non-profit - Private,Yes
161379,MAHASKA  HEALTH PARTNERSHIP,OSKALOOSA,IA,52577,MAHASKA,150.0,141.0,286.0,235.0,2.0,,low,Critical Access Hospitals,Government - Local,Yes
161380,HANSEN FAMILY HOSPITAL,IOWA FALLS,IA,50126,HARDIN,108.0,101.0,324.0,290.0,1.0,,low,Critical Access Hospitals,Government - Local,Yes
161381,SANFORD SHELDON MEDICAL CENTER,SHELDON,IA,51201,OBRIEN,126.0,123.0,246.0,,0.0,,low,Critical Access Hospitals,Voluntary non-profit - Private,Yes
161382,ST ANTHONY REGIONAL HOSPITAL & NURSING HOME,CARROLL,IA,51401,CARROLL,149.0,133.0,282.0,306.0,,,,Critical Access Hospitals,Voluntary non-profit - Private,Yes
170006,"MERCY HOSPITAL PITTSBURG, INC",PITTSBURG,KS,66762,CRAWFORD,145.0,138.0,160.0,262.0,,,,Acute Care Hospitals,Voluntary non-profit - Church,Yes
170009,SAINT JOHN HOSPITAL,LEAVENWORTH,KS,66048,LEAVENWORTH,136.0,126.0,160.0,326.0,0.0,93.0,low,Acute Care Hospitals,Voluntary non-profit - Other,Yes
170012,SALINA REGIONAL HEALTH CENTER,SALINA,KS,67401,SALINE,143.0,140.0,210.0,,2.0,88.0,medium,Acute Care Hospitals,Voluntary non-profit - Private,Yes
170013,HAYS MEDICAL CENTER,HAYS,KS,67601,ELLIS,115.0,112.0,274.0,,0.0,,low,Acute Care Hospitals,Voluntary non-profit - Other,Yes
170014,ADVENTHEALTH OTTAWA,OTTAWA,KS,66067,FRANKLIN,116.0,103.0,501.0,264.0,0.0,,low,Acute Care Hospitals,Government - Local,No
170016,UNIVERSITY OF KANSAS HEALTH SYSTEM - ST FRANCIS CAMPUS,TOPEKA,KS,66606,SHAWNEE,212.0,210.0,234.0,,5.0,80.0,medium,Acute Care Hospitals,Voluntary non-profit - Church,Yes
170017,SUSAN B ALLEN MEMORIAL HOSPITAL,EL DORADO,KS,67042,BUTLER,97.0,91.0,,207.0,1.0,,low,Acute Care Hospitals,Voluntary non-profit - Private,Yes
170020,HUTCHINSON REGIONAL MEDICAL CENTER INC,HUTCHINSON,KS,67502,RENO,184.0,181.0,286.0,249.0,2.0,59.0,medium,Acute Care Hospitals,Voluntary non-profit - Private,Yes
170023,ST. CATHERINE HOSPITAL - GARDEN CITY,GARDEN CITY,KS,67846,FINNEY,136.0,131.0,182.0,500.0,0.0,,low,Acute Care Hospitals,Voluntary non-profit - Church,Yes
170027,PRATT REGIONAL MEDICAL CENTER,PRATT,KS,67124,PRATT,104.0,100.0,147.0,269.0,2.0,,low,Acute Care Hospitals,Proprietary,Yes
17002F,Irwin ACH (FT Riley),Fort Riley,KS,66442,GEARY,,138.0,,,4.0,,medium,Acute Care - Department of Defense,Department of Defense,Yes
170040,UNIVERSITY OF KANSAS HOSPITAL,KANSAS CITY,KS,66160,WYANDOTTE,311.0,307.0,358.0,,4.0,,very high,Acute Care Hospitals,Government - Hospital District or Authority,Yes
170049,UNIVERSITY OF KANSAS HEALTH SYSTEM OLATHE HOSPITAL,OLATHE,KS,66061,JOHNSON,232.0,232.0,266.0,,4.0,80.0,high,Acute Care Hospitals,Voluntary non-profit - Private,Yes
170068,SOUTHWEST MEDICAL CENTER,LIBERAL,KS,67901,SEWARD,151.0,142.0,356.0,400.0,2.0,,low,Acute Care Hospitals,Government - Local,Yes
170074,"STORMONT VAIL HEALTH FLINT HILLS, LLC",JUNCTION CITY,KS,66441,GEARY,89.0,86.0,110.0,302.0,1.0,80.0,low,Acute Care Hospitals,Voluntary non-profit - Private,Yes
170086,STORMONT VAIL HOSPITAL,TOPEKA,KS,66604,SHAWNEE,220.0,221.0,193.0,,4.0,93.0,high,Acute Care Hospitals,Voluntary non-profit - Private,Yes
170103,NMC HEALTH,NEWTON,KS,67114,HARVEY,146.0,141.0,190.0,264.0,3.0,62.0,low,Acute Care Hospitals,Voluntary non-profit - Private,Yes
170104,ADVENTHEALTH SHAWNEE MISSION,SHAWNEE MISSION,KS,66204,JOHNSON,137.0,134.0,184.0,160.0,1.0,82.0,very high,Acute Care Hospitals,Voluntary non-profit - Private,Yes
170105,MCPHERSON HOSPITAL,MCPHERSON,KS,67460,MCPHERSON,118.0,109.0,197.0,194.0,0.0,,low,Acute Care Hospitals,Voluntary non-profit - Private,Yes
170109,MIAMI COUNTY MEDICAL CENTER,PAOLA,KS,66071,MIAMI,162.0,154.0,318.0,256.0,2.0,,low,Acute Care Hospitals,Voluntary non-profit - Private,Yes
170120,LABETTE HEALTH,PARSONS,KS,67357,LABETTE,126.0,120.0,222.0,259.0,1.0,,low,Acute Care Hospitals,Government - Local,Yes
170122,"ASCENSION VIA CHRISTI HOSPITALS WICHITA, INC.",WICHITA,KS,67214,SEDGWICK,143.0,140.0,255.0,,,92.0,,Acute Care Hospitals,Voluntary non-profit - Private,Yes
170123,WESLEY MEDICAL CENTER,WICHITA,KS,67214,SEDGWICK,124.0,117.0,,320.0,2.0,,very high,Acute Care Hospitals,Proprietary,Yes
170137,LMH,LAWRENCE,KS,66044,DOUGLAS,209.0,208.0,221.0,,5.0,64.0,medium,Acute Care Hospitals,Government - Local,Yes
170142,"ASCENSION VIA CHRISTI HOSPITAL MANHATTAN, INC",MANHATTAN,KS,66502,RILEY,148.0,142.0,314.0,336.0,,69.0,,Acute Care Hospitals,Voluntary non-profit - Private,Yes
170146,PROVIDENCE MEDICAL CENTER,KANSAS CITY,KS,66112,WYANDOTTE,123.0,122.0,148.0,,1.0,,medium,Acute Care Hospitals,Voluntary non-profit - Church,Yes
170175,CENTURA ST. CATHERINE-DODGE CITY,DODGE CITY,KS,67801,FORD,122.0,114.0,208.0,355.0,1.0,,low,Acute Care Hospitals,Proprietary,Yes
170176,OVERLAND PARK REG MED CTR,OVERLAND PARK,KS,66215,JOHNSON,148.0,146.0,226.0,,0.0,79.0,high,Acute Care Hospitals,Proprietary,Yes
170182,MENORAH MEDICAL CENTER,OVERLAND PARK,KS,66209,JOHNSON,156.0,156.0,546.0,,0.0,,low,Acute Care Hospitals,Proprietary,Yes
170183,KANSAS SURGERY & RECOVERY CENTER,WICHITA,KS,67226,SEDGWICK,,,,,,,,Acute Care Hospitals,Voluntary non-profit - Private,No
170185,SAINT LUKE'S SOUTH HOSPITAL,OVERLAND PARK,KS,66213,JOHNSON,110.0,110.0,,,2.0,79.0,very high,Acute Care Hospitals,Voluntary non-profit - Other,Yes
170186,KANSAS HEART HOSPITAL,WICHITA,KS,67226,SEDGWICK,,,,,,,,Acute Care Hospitals,Proprietary,No
170187,SALINA SURGICAL HOSPITAL,SALINA,KS,67401,SALINE,,,,,,,,Acute Care Hospitals,Physician,No
170188,KANSAS CITY ORTHOPAEDIC INSTITUTE,LEAWOOD,KS,66211,JOHNSON,,,,,,,,Acute Care Hospitals,Physician,No
170190,MANHATTAN SURGICAL HOSPITAL LLC,MANHATTAN,KS,66502,RILEY,,,,,,,,Acute Care Hospitals,Physician,No
170191,UNIVERSITY  OF KS HLTH SYSTEM GREAT BEND CAMPUS,GREAT BEND,KS,67530,BARTON,116.0,107.0,214.0,311.0,0.0,,low,Acute Care Hospitals,Government - Hospital District or Authority,Yes
170194,ASCENTIST HOSPITAL LLC,LEAWOOD,KS,66211,JOHNSON,,,,,,,,Acute Care Hospitals,Proprietary,No
170196,"KANSAS SPINE & SPECIALTY HOSPITAL, LLC",WICHITA,KS,67226,SEDGWICK,,,,,,,,Acute Care Hospitals,Physician,No
170197,KANSAS MEDICAL CENTER LLC,ANDOVER,KS,67002,BUTLER,162.0,162.0,160.0,,1.0,,low,Acute Care Hospitals,Proprietary,Yes
170198,"SUMMIT SURGICAL, LLC",HUTCHINSON,KS,67502,RENO,,,,,,,,Acute Care Hospitals,Physician,No
170199,MINIMALLY INVASIVE SURGERY HOSPITAL,LENEXA,KS,66219,JOHNSON,,,,,,,,Acute Care Hospitals,Proprietary,No
170200,"VIA CHRISTI HOSPITAL WICHITA ST TERESA, INC",WICHITA,KS,67235,SEDGWICK,142.0,142.0,,,,,,Acute Care Hospitals,Voluntary non-profit - Church,Yes
170203,MERCY SPECIALTY HOSPITAL SOUTHEAST KANSAS,GALENA,KS,66739,CHEROKEE,,,,,,,,Acute Care Hospitals,Voluntary non-profit - Private,No
170204,"ROCK REGIONAL HOSPITAL, LLC",DERBY,KS,67037,SEDGWICK,108.0,104.0,103.0,226.0,1.0,,low,Acute Care Hospitals,Proprietary,Yes
170208,"ADVENTHEALTH SOUTH OVERLAND PARK, INC",OVERLAND PARK,KS,66223,JOHNSON,122.0,118.0,,150.0,1.0,,low,Acute Care Hospitals,Voluntary non-profit - Private,Yes
170779,SCK HEALTH,ARKANSAS CITY,KS,67005,COWLEY,,,,,,,,Rural Emergency Hospital,Government - Local,Yes
170780,"MERCY HOSPITAL, INC",MOUNDRIDGE,KS,67107,MCPHERSON,,,,,,,,Rural Emergency Hospital,Voluntary non-profit - Church,Yes
170781,RUSH COUNTY MEMORIAL HOSPITAL,LA CROSSE,KS,67548,RUSH,,,,,,,,Rural Emergency Hospital,Government - Local,Yes
171300,GRISELL MEMORIAL HOSPITAL,RANSOM,KS,67572,NESS,120.0,108.0,,199.0,0.0,,low,Critical Access Hospitals,Government - Hospital District or Authority,Yes
171301,ELLINWOOD DISTRICT HOSPITAL,ELLINWOOD,KS,67526,BARTON,130.0,126.0,,254.0,,,,Critical Access Hospitals,Government - Hospital District or Authority,Yes
171303,LANE COUNTY HOSPITAL,DIGHTON,KS,67839,LANE,98.0,90.0,142.0,132.0,,,,Critical Access Hospitals,Government - Hospital District or Authority,Yes
171304,ASHLAND HEALTH CENTER,ASHLAND,KS,67831,CLARK,129.0,118.0,174.0,208.0,0.0,,low,Critical Access Hospitals,Voluntary non-profit - Other,Yes
171306,WICHITA COUNTY HEALTH CENTER,LEOTI,KS,67861,WICHITA,130.0,124.0,,188.0,0.0,,low,Critical Access Hospitals,Government - Local,Yes
171307,RAWLINS COUNTY HEALTH CENTER,ATWOOD,KS,67730,RAWLINS,140.0,131.0,262.0,232.0,0.0,,low,Critical Access Hospitals,Voluntary non-profit - Other,Yes
171308,MERCY HOSPITAL COLUMBUS,COLUMBUS,KS,66725,CHEROKEE,96.0,87.0,,292.0,0.0,,low,Critical Access Hospitals,Voluntary non-profit - Church,Yes
171309,JEWELL COUNTY HOSPITAL,MANKATO,KS,66956,JEWELL,89.0,86.0,130.0,,,,,Critical Access Hospitals,Government - Local,Yes
171310,CHEYENNE COUNTY HOSPITAL,ST FRANCIS,KS,67756,CHEYENNE,114.0,110.0,,208.0,,,,Critical Access Hospitals,Voluntary non-profit - Private,Yes
171311,ROOKS COUNTY HEALTH CENTER,PLAINVILLE,KS,67663,ROOKS,100.0,95.0,,170.0,,,,Critical Access Hospitals,Government - Hospital District or Authority,Yes
171312,COMANCHE COUNTY HOSPITAL,COLDWATER,KS,67029,COMANCHE,93.0,88.0,,154.0,0.0,,low,Critical Access Hospitals,Government - Local,Yes
171313,KEARNY COUNTY HOSPITAL,LAKIN,KS,67860,KEARNY,133.0,132.0,,,0.0,,low,Critical Access Hospitals,Government - Local,Yes
171314,F W HUSTON MEDICAL CENTER,WINCHESTER,KS,66097,JEFFERSON,180.0,176.0,247.0,223.0,0.0,,low,Critical Access Hospitals,Voluntary non-profit - Private,Yes
171315,NEMAHA VALLEY COMMUNITY HOSPITAL,SENECA,KS,66538,NEMAHA,118.0,112.0,168.0,183.0,0.0,,low,Critical Access Hospitals,Voluntary non-profit - Private,Yes
171316,ANDERSON COUNTY HOSPITAL,GARNETT,KS,66032,ANDERSON,96.0,88.0,,198.0,0.0,,low,Critical Access Hospitals,Voluntary non-profit - Private,Yes
171317,EDWARDS COUNTY MEDICAL CENTER,KINSLEY,KS,67547,EDWARDS,103.0,86.0,,211.0,0.0,,low,Critical Access Hospitals,Government - Local,No
171318,SEDAN CITY HOSPITAL,SEDAN,KS,67361,CHAUTAUQUA,80.0,76.0,,,,,,Critical Access Hospitals,Government - Local,Yes
171319,HOLTON COMMUNITY HOSPITAL,HOLTON,KS,66436,JACKSON,153.0,147.0,,241.0,0.0,,low,Critical Access Hospitals,Voluntary non-profit - Private,Yes
171321,MEADE DISTRICT HOSPITAL,MEADE,KS,67864,MEADE,144.0,139.0,,242.0,0.0,,low,Critical Access Hospitals,Government - Hospital District or Authority,Yes
171322,HAMILTON COUNTY HOSPITAL,SYRACUSE,KS,67878,HAMILTON,109.0,99.0,,249.0,,,,Critical Access Hospitals,Government - Local,Yes
171323,STAFFORD COUNTY HOSPITAL,STAFFORD,KS,67578,STAFFORD,120.0,115.0,,232.0,0.0,,low,Critical Access Hospitals,Government - Local,Yes
171324,"SATANTA DISTRICT HOSPITAL, CLINICS, & LTCU",SATANTA,KS,67870,HASKELL,109.0,105.0,148.0,,0.0,,low,Critical Access Hospitals,Government - Hospital District or Authority,Yes
171325,GRAHAM COUNTY HOSPITAL,HILL CITY,KS,67642,GRAHAM,146.0,144.0,,,0.0,,low,Critical Access Hospitals,Government - Local,Yes
171326,LOGAN COUNTY HOSPITAL,OAKLEY,KS,67748,LOGAN,120.0,111.0,183.0,215.0,0.0,,low,Critical Access Hospitals,Government - Local,Yes
171327,ELLSWORTH COUNTY MEDICAL CENTER,ELLSWORTH,KS,67439,ELLSWORTH,121.0,115.0,,220.0,0.0,,low,Critical Access Hospitals,Proprietary,Yes
171328,OTTAWA COUNTY HEALTH CENTER,MINNEAPOLIS,KS,67467,OTTAWA,118.0,114.0,,142.0,0.0,,low,Critical Access Hospitals,Voluntary non-profit - Other,Yes
171329,CALDWELL REGIONAL MEDICAL CENTER,CALDWELL,KS,67022,SUMNER,142.0,125.0,296.0,245.0,0.0,,low,Critical Access Hospitals,Government - Hospital District or Authority,Yes
171330,HOSPITAL DISTRICT #1 OF RICE COUNTY,LYONS,KS,67554,RICE,140.0,100.0,327.0,206.0,0.0,,low,Critical Access Hospitals,Government - Hospital District or Authority,Yes
171331,KIOWA DISTRICT HOSPITAL,KIOWA,KS,67070,BARBER,84.0,72.0,140.0,180.0,0.0,,low,Critical Access Hospitals,Government - Hospital District or Authority,Yes
171332,KIOWA COUNTY MEMORIAL HOSPITAL,GREENSBURG,KS,67054,KIOWA,119.0,114.0,242.0,158.0,0.0,,low,Critical Access Hospitals,Government - Local,Yes
171333,CLARA BARTON HOSPITAL,HOISINGTON,KS,67544,BARTON,142.0,136.0,,297.0,,,,Critical Access Hospitals,Voluntary non-profit - Private,Yes
171334,MEDICINE LODGE MEMORIAL HOSPITAL,MEDICINE LODGE,KS,67104,BARBER,90.0,80.0,196.0,168.0,0.0,,low,Critical Access Hospitals,Government - Hospital District or Authority,Yes
171335,STEVENS COUNTY HOSPITAL,HUGOTON,KS,67951,STEVENS,165.0,163.0,,,,,,Critical Access Hospitals,Government - Local,Yes
171336,NESS COUNTY HOSPITAL DISTRICT #2,NESS CITY,KS,67560,NESS,107.0,100.0,132.0,179.0,0.0,,low,Critical Access Hospitals,Government - Hospital District or Authority,Yes
171337,WAMEGO HEALTH CENTER,WAMEGO,KS,66547,POTTAWATOMIE,117.0,110.0,141.0,268.0,,,,Critical Access Hospitals,Voluntary non-profit - Other,Yes
171338,GREAT PLAINS OF SABETHA,SABETHA,KS,66534,NEMAHA,138.0,135.0,,202.0,0.0,,low,Critical Access Hospitals,Voluntary non-profit - Private,Yes
171339,GREENWOOD COUNTY HOSPITAL,EUREKA,KS,67045,GREENWOOD,177.0,123.0,295.0,250.0,0.0,,low,Critical Access Hospitals,Government - Local,Yes
171341,HIAWATHA COMMUNITY HOSPITAL,HIAWATHA,KS,66434,BROWN,100.0,90.0,170.0,204.0,0.0,,low,Critical Access Hospitals,Voluntary non-profit - Private,Yes
171343,STANTON COUNTY HOSPITAL,JOHNSON,KS,67855,STANTON,143.0,133.0,272.0,261.0,0.0,,low,Critical Access Hospitals,Government - Local,Yes
171344,WILSON MEDICAL CENTER,NEODESHA,KS,66757,WILSON,107.0,100.0,164.0,205.0,0.0,,low,Critical Access Hospitals,Government - Local,Yes
171345,PAWNEE VALLEY COMMUNITY HOSPITAL,LARNED,KS,67550,PAWNEE,98.0,93.0,371.0,186.0,0.0,,low,Critical Access Hospitals,Voluntary non-profit - Private,Yes
171346,HOSPITAL DISTRICT #6 PATTERSON HEALTH CENTER,ANTHONY,KS,67003,HARPER,106.0,100.0,129.0,207.0,0.0,,low,Critical Access Hospitals,Government - Hospital District or Authority,Yes
171347,SHERIDAN COUNTY HOSPITAL,HOXIE,KS,67740,SHERIDAN,129.0,120.0,264.0,232.0,0.0,,low,Critical Access Hospitals,Government - Local,Yes
171348,NORTON COUNTY HOSPITAL,NORTON,KS,67654,NORTON,124.0,117.0,173.0,170.0,,,,Critical Access Hospitals,Government - Local,Yes
171349,CLOUD COUNTY HEALTH CENTER,CONCORDIA,KS,66901,CLOUD,115.0,109.0,,220.0,1.0,,low,Critical Access Hospitals,Voluntary non-profit - Private,Yes
171350,RUSSELL REGIONAL HOSPITAL,RUSSELL,KS,67665,RUSSELL,82.0,74.0,,192.0,,,,Critical Access Hospitals,Voluntary non-profit - Private,Yes
171351,WASHINGTON COUNTY HOSPITAL,WASHINGTON,KS,66968,WASHINGTON,100.0,99.0,,,,,,Critical Access Hospitals,Government - Local,Yes
171352,DECATUR HEALTH,OBERLIN,KS,67749,DECATUR,118.0,116.0,182.0,,0.0,,low,Critical Access Hospitals,Voluntary non-profit - Private,Yes
171353,PHILLIPS COUNTY HOSPITAL,PHILLIPSBURG,KS,67661,PHILLIPS,123.0,116.0,144.0,201.0,0.0,,low,Critical Access Hospitals,Government - Local,Yes
171354,"COMMUNITY HOSPITAL, ONAGA AND ST MARYS CAMPUS",ONAGA,KS,66521,POTTAWATOMIE,140.0,136.0,,270.0,0.0,,low,Critical Access Hospitals,Government - Hospital District or Authority,Yes
171355,TREGO COUNTY LEMKE MEMORIAL HOSPITAL,WAKEENEY,KS,67672,TREGO,132.0,121.0,184.0,234.0,0.0,,low,Critical Access Hospitals,Government - Local,Yes
171356,ST LUKE HOSPITAL & LIVING CENTER,MARION,KS,66861,MARION,133.0,120.0,169.0,249.0,0.0,,low,Critical Access Hospitals,Government - Hospital District or Authority,Yes
171357,HILLSBORO COMMUNITY HOSPITAL,HILLSBORO,KS,67063,MARION,113.0,106.0,187.0,182.0,0.0,,low,Critical Access Hospitals,Proprietary,No
171358,LINDSBORG COMMUNITY HOSPITAL,LINDSBORG,KS,67456,MCPHERSON,113.0,109.0,,236.0,0.0,,low,Critical Access Hospitals,Voluntary non-profit - Private,Yes
171359,GREELEY COUNTY HEALTH SERVICES,TRIBUNE,KS,67879,GREELEY,140.0,132.0,,348.0,,,,Critical Access Hospitals,Government - Local,Yes
171360,LINCOLN COUNTY HOSPITAL,LINCOLN,KS,67455,LINCOLN,,,,,,,,Critical Access Hospitals,Government - Local,No
171361,REPUBLIC COUNTY HOSPITAL,BELLEVILLE,KS,66935,REPUBLIC,111.0,109.0,126.0,,0.0,,low,Critical Access Hospitals,Voluntary non-profit - Private,Yes
171362,CITIZENS MEDICAL CENTER,COLBY,KS,67701,THOMAS,181.0,168.0,,337.0,0.0,,low,Critical Access Hospitals,Voluntary non-profit - Private,Yes
171363,"COMMUNITY MEMORIAL HEALTHCARE, INC.",MARYSVILLE,KS,66508,MARSHALL,107.0,98.0,268.0,147.0,0.0,,low,Critical Access Hospitals,Voluntary non-profit - Private,Yes
171364,OSBORNE COUNTY MEMORIAL HOSPITAL,OSBORNE,KS,67473,OSBORNE,117.0,112.0,167.0,155.0,,,,Critical Access Hospitals,Government - Local,Yes
171365,HANOVER HOSPITAL,HANOVER,KS,66945,WASHINGTON,98.0,94.0,173.0,,,,,Critical Access Hospitals,Government - Hospital District or Authority,Yes
171367,GOVE COUNTY MEDICAL CENTER,QUINTER,KS,67752,GOVE,90.0,88.0,262.0,,0.0,,low,Critical Access Hospitals,Voluntary non-profit - Other,Yes
171368,MINNEOLA DISTRICT HOSPITAL,MINNEOLA,KS,67865,FORD,136.0,128.0,,294.0,0.0,,low,Critical Access Hospitals,Government - Hospital District or Authority,Yes
171369,HODGEMAN COUNTY HEALTH CENTER,JETMORE,KS,67854,HODGEMAN,121.0,113.0,,244.0,0.0,,low,Critical Access Hospitals,Government - Local,Yes
171370,GOODLAND REGIONAL MEDICAL CENTER,GOODLAND,KS,67735,SHERMAN,129.0,120.0,,224.0,0.0,,low,Critical Access Hospitals,Government - Local,Yes
171371,CLAY COUNTY MEDICAL CENTER,CLAY CENTER,KS,67432,CLAY,138.0,130.0,209.0,241.0,0.0,,low,Critical Access Hospitals,Government - Local,Yes
171372,SCOTT COUNTY HOSPITAL,SCOTT CITY,KS,67871,SCOTT,114.0,111.0,,242.0,0.0,,low,Critical Access Hospitals,Voluntary non-profit - Private,Yes
171373,ALLEN COUNTY REGIONAL HOSPITAL,IOLA,KS,66749,ALLEN,123.0,114.0,228.0,279.0,0.0,,low,Critical Access Hospitals,Government - Local,Yes
171374,FREDONIA REGIONAL HOSPITAL,FREDONIA,KS,66736,WILSON,136.0,130.0,200.0,201.0,0.0,,low,Critical Access Hospitals,Government - Local,Yes
171375,MITCHELL COUNTY HOSPITAL HEALTH SYSTEMS,BELOIT,KS,67420,MITCHELL,151.0,149.0,,161.0,0.0,,low,Critical Access Hospitals,Government - Local,Yes
171376,GIRARD MEDICAL CENTER,GIRARD,KS,66743,CRAWFORD,131.0,120.0,130.0,235.0,1.0,,low,Critical Access Hospitals,Government - Hospital District or Authority,Yes
171377,SMITH COUNTY MEMORIAL HOSPITAL,SMITH CENTER,KS,66967,SMITH,112.0,107.0,138.0,196.0,0.0,,low,Critical Access Hospitals,Government - Local,Yes
171378,KINGMAN HEALTHCARE CENTER,KINGMAN,KS,67068,KINGMAN,97.0,97.0,,,1.0,,low,Critical Access Hospitals,Voluntary non-profit - Private,Yes
171379,MORRIS COUNTY HOSPITAL,COUNCIL GROVE,KS,66846,MORRIS,120.0,118.0,211.0,,,,,Critical Access Hospitals,Government - Local,No
171380,NEOSHO MEMORIAL REGIONAL MEDICAL CENTER,CHANUTE,KS,66720,NEOSHO,126.0,119.0,235.0,240.0,1.0,,low,Critical Access Hospitals,Government - Local,Yes
171381,MEMORIAL HOSPITAL,ABILENE,KS,67410,DICKINSON,128.0,122.0,163.0,207.0,1.0,,low,Critical Access Hospitals,Government - Hospital District or Authority,Yes
171382,AMBERWELL ATCHISON ASSOCIATION,ATCHISON,KS,66002,ATCHISON,126.0,112.0,285.0,284.0,0.0,71.0,low,Critical Access Hospitals,Voluntary non-profit - Private,Yes
171383,WILLIAM NEWTON HOSPITAL,WINFIELD,KS,67156,COWLEY,143.0,137.0,153.0,254.0,1.0,,low,Critical Access Hospitals,Government - Local,Yes
171384,NEWMAN REGIONAL HEALTH,EMPORIA,KS,66801,LYON,144.0,140.0,179.0,293.0,1.0,,low,Critical Access Hospitals,Government - Local,Yes
171385,COFFEY COUNTY HOSPITAL,BURLINGTON,KS,66839,COFFEY,94.0,87.0,268.0,246.0,0.0,,low,Critical Access Hospitals,Government - Local,Yes
171386,MORTON COUNTY HOSPITAL,ELKHART,KS,67950,MORTON,154.0,132.0,,236.0,0.0,,low,Critical Access Hospitals,Government - Local,Yes
171387,"COFFEYVILLE REGIONAL MEDICAL CENTER, INC",COFFEYVILLE,KS,67337,MONTGOMERY,112.0,108.0,120.0,220.0,1.0,,low,Critical Access Hospitals,Voluntary non-profit - Private,Yes
171388,BOB WILSON MEMORIAL HOSPITAL,ULYSSES,KS,67880,GRANT,98.0,83.0,139.0,239.0,0.0,,low,Critical Access Hospitals,Voluntary non-profit - Church,Yes
173300,CHILDREN'S MERCY SOUTH,OVERLAND PARK,KS,66211,JOHNSON,,,,,,,,Childrens,Voluntary non-profit - Private,No
180001,ST ELIZABETH FT THOMAS,FORT THOMAS,KY,41075,CAMPBELL,148.0,144.0,212.0,321.0,1.0,,medium,Acute Care Hospitals,Voluntary non-profit - Private,Yes
180002,WHITESBURG ARH HOSPITAL,WHITESBURG,KY,41858,LETCHER,166.0,160.0,232.0,294.0,2.0,45.0,low,Acute Care Hospitals,Voluntary non-profit - Other,Yes
180004,OWENSBORO HEALTH MUHLENBERG COMMUNITY HOSPITAL,GREENVILLE,KY,42345,MUHLENBERG,164.0,148.0,,406.0,0.0,,low,Acute Care Hospitals,Voluntary non-profit - Private,Yes
180005,HIGHLANDS ARH REGIONAL MEDICAL CENTER,PRESTONSBURG,KY,41653,FLOYD,199.0,190.0,339.0,339.0,2.0,,medium,Acute Care Hospitals,Proprietary,Yes
180009,KING'S DAUGHTERS' MEDICAL CENTER,ASHLAND,KY,41101,BOYD,237.0,232.0,,,1.0,89.0,very high,Acute Care Hospitals,Voluntary non-profit - Private,Yes
180010,SAINT JOSEPH HOSPITAL,LEXINGTON,KY,40504,FAYETTE,130.0,128.0,,,1.0,,high,Acute Care Hospitals,Voluntary non-profit - Church,Yes
180011,SAINT JOSEPH LONDON,LONDON,KY,40741,LAUREL,193.0,185.0,243.0,464.0,1.0,76.0,medium,Acute Care Hospitals,Voluntary non-profit - Private,Yes
180012,BAPTIST HEALTH HARDIN,ELIZABETHTOWN,KY,42701,HARDIN,191.0,183.0,316.0,440.0,2.0,71.0,very high,Acute Care Hospitals,Government - Local,Yes
180013,THE MEDICAL CENTER (BOWLING GREEN),BOWLING GREEN,KY,42101,WARREN,221.0,215.0,305.0,304.0,3.0,72.0,high,Acute Care Hospitals,Voluntary non-profit - Private,Yes
180016,UOFL HEALTH - SHELBYVILLE HOSPITAL,SHELBYVILLE,KY,40065,SHELBY,124.0,117.0,190.0,177.0,1.0,,low,Acute Care Hospitals,Voluntary non-profit - Private,Yes
180017,T J SAMSON COMMUNITY HOSPITAL,GLASGOW,KY,42141,BARREN,198.0,194.0,302.0,384.0,4.0,65.0,medium,Acute Care Hospitals,Voluntary non-profit - Other,Yes
180018,ST CLAIRE REGIONAL MEDICAL CENTER,MOREHEAD,KY,40351,ROWAN,178.0,178.0,,,3.0,,low,Acute Care Hospitals,Government - Federal,Yes
180019,MEADOWVIEW REGIONAL MEDICAL CENTER,MAYSVILLE,KY,41056,MASON,166.0,149.0,,423.0,4.0,,low,Acute Care Hospitals,Proprietary,Yes
180020,MIDDLESBORO ARH HOSPITAL,MIDDLESBORO,KY,40965,BELL,175.0,166.0,310.0,373.0,3.0,,low,Acute Care Hospitals,Voluntary non-profit - Private,Yes
180024,SPRING VIEW HOSPITAL,LEBANON,KY,40033,MARION,162.0,154.0,200.0,301.0,2.0,62.0,low,Acute Care Hospitals,Proprietary,Yes
180025,CHI SAINT JOSEPH FLAGET MEMORIAL HOSPITAL,BARDSTOWN,KY,40004,NELSON,165.0,149.0,494.0,348.0,0.0,57.0,low,Acute Care Hospitals,Voluntary non-profit - Private,Yes
180027,MURRAY-CALLOWAY COUNTY HOSPITAL,MURRAY,KY,42071,CALLOWAY,160.0,159.0,154.0,,2.0,87.0,medium,Acute Care Hospitals,Voluntary non-profit - Other,Yes
180029,HAZARD ARH REGIONAL MEDICAL CENTER,HAZARD,KY,41701,PERRY,180.0,174.0,224.0,214.0,2.0,,medium,Acute Care Hospitals,Voluntary non-profit - Private,Yes
180035,ST ELIZABETH EDGEWOOD,EDGEWOOD,KY,41017,KENTON,139.0,132.0,250.0,280.0,1.0,87.0,very high,Acute Care Hospitals,Voluntary non-profit - Church,Yes
180038,OWENSBORO HEALTH REGIONAL HOSPITAL,OWENSBORO,KY,42303,DAVIESS,221.0,208.0,227.0,420.0,4.0,75.0,high,Acute Care Hospitals,Voluntary non-profit - Private,Yes
18003F,Blanchfield ACH (FT Campbell),Fort Campbell,KY,42223,CHRISTIAN,,154.0,,,3.0,,medium,Acute Care - Department of Defense,Department of Defense,Yes
180040,UOFL HEALTH - JEWISH HOSPITAL and Mary & Elizabeth Hospital,LOUISVILLE,KY,40202,JEFFERSON,145.0,138.0,221.0,242.0,3.0,74.0,very high,Acute Care Hospitals,Voluntary non-profit - Private,Yes
180043,AdventHealthManchester,MANCHESTER,KY,40962,CLAY,135.0,130.0,166.0,352.0,1.0,,low,Acute Care Hospitals,Voluntary non-profit - Church,Yes
180044,PIKEVILLE MEDICAL CENTER,PIKEVILLE,KY,41501,PIKE,234.0,226.0,321.0,,5.0,77.0,high,Acute Care Hospitals,Voluntary non-profit - Private,Yes
180045,ST ELIZABETH FLORENCE,FLORENCE,KY,41042,BOONE,160.0,158.0,240.0,257.0,1.0,95.0,high,Acute Care Hospitals,Voluntary non-profit - Private,Yes
180046,BOURBON COMMUNITY HOSPITAL,PARIS,KY,40361,BOURBON,106.0,105.0,119.0,156.0,0.0,,low,Acute Care Hospitals,Proprietary,Yes
180048,EPHRAIM MCDOWELL REGIONAL MEDICAL CENTER,DANVILLE,KY,40422,BOYLE,144.0,139.0,216.0,203.0,2.0,73.0,medium,Acute Care Hospitals,Voluntary non-profit - Private,Yes
180049,BAPTIST HEALTH RICHMOND,RICHMOND,KY,40475,MADISON,162.0,156.0,258.0,315.0,1.0,,medium,Acute Care Hospitals,Voluntary non-profit - Private,Yes
180050,HARLAN ARH HOSPITAL,HARLAN,KY,40831,HARLAN,198.0,196.0,242.0,207.0,2.0,,low,Acute Care Hospitals,Voluntary non-profit - Other,Yes
180051,JENNIE STUART MEDICAL CENTER,HOPKINSVILLE,KY,42241,CHRISTIAN,175.0,167.0,298.0,332.0,2.0,70.0,medium,Acute Care Hospitals,Voluntary non-profit - Private,Yes
180056,DEACONESS HENDERSON HOSPITAL,HENDERSON,KY,42420,HENDERSON,130.0,127.0,140.0,255.0,2.0,75.0,medium,Acute Care Hospitals,Voluntary non-profit - Church,Yes
180064,SAINT JOSEPH MOUNT STERLING,MOUNT STERLING,KY,40353,MONTGOMERY,143.0,134.0,,316.0,0.0,82.0,medium,Acute Care Hospitals,Voluntary non-profit - Private,Yes
180066,The Medical Center at Russellville,RUSSELLVILLE,KY,42276,LOGAN,131.0,128.0,,384.0,2.0,,low,Acute Care Hospitals,Proprietary,Yes
180067,UNIVERSITY OF KENTUCKY HOSPITAL,LEXINGTON,KY,40536,FAYETTE,218.0,218.0,212.0,,1.0,,very high,Acute Care Hospitals,Government - State,Yes
180069,TUG VALLEY ARH REGIONAL MEDICAL CENTER,SOUTH WILLIAMSON,KY,41503,PIKE,176.0,168.0,398.0,282.0,3.0,,low,Acute Care Hospitals,Proprietary,Yes
180070,OWENSBORO HEALTH TWIN LAKES MEDICAL CENTER,LEITCHFIELD,KY,42754,GRAYSON,121.0,115.0,,301.0,1.0,,medium,Acute Care Hospitals,Voluntary non-profit - Other,Yes
180078,PAINTSVILLE ARH HOSPITAL,PAINTSVILLE,KY,41240,JOHNSON,184.0,165.0,296.0,372.0,4.0,,low,Acute Care Hospitals,Proprietary,Yes
180079,HARRISON MEMORIAL HOSPITAL,CYNTHIANA,KY,41031,HARRISON,175.0,171.0,,306.0,0.0,73.0,low,Acute Care Hospitals,Voluntary non-profit - Other,Yes
180080,BAPTIST HEALTH CORBIN,CORBIN,KY,40701,WHITLEY,211.0,206.0,199.0,360.0,1.0,,high,Acute Care Hospitals,Voluntary non-profit - Private,Yes
180087,TAYLOR REGIONAL HOSPITAL,CAMPBELLSVILLE,KY,42718,TAYLOR,140.0,138.0,,378.0,2.0,,low,Acute Care Hospitals,Government - Hospital District or Authority,Yes
180088,"NORTON HOSPITALS, INC",LOUISVILLE,KY,40202,JEFFERSON,194.0,192.0,225.0,,3.0,52.0,very high,Acute Care Hospitals,Voluntary non-profit - Private,Yes
180092,CLARK REGIONAL MEDICAL CENTER,WINCHESTER,KY,40391,CLARK,189.0,179.0,190.0,299.0,1.0,88.0,medium,Acute Care Hospitals,Proprietary,Yes
180093,BAPTIST HEALTH DEACONESS MADISONVILLE,MADISONVILLE,KY,42431,HOPKINS,194.0,190.0,408.0,468.0,1.0,64.0,medium,Acute Care Hospitals,Voluntary non-profit - Private,Yes
180101,GEORGETOWN COMMUNITY HOSPITAL,GEORGETOWN,KY,40324,SCOTT,143.0,139.0,163.0,268.0,1.0,,medium,Acute Care Hospitals,Proprietary,Yes
180102,MERCY HEALTH - LOURDES HOSPITAL,PADUCAH,KY,42003,MC CRACKEN,176.0,173.0,353.0,454.0,1.0,,medium,Acute Care Hospitals,Voluntary non-profit - Church,Yes
180103,BAPTIST HEALTH LEXINGTON,LEXINGTON,KY,40503,FAYETTE,184.0,183.0,232.0,232.0,0.0,86.0,very high,Acute Care Hospitals,Voluntary non-profit - Other,Yes
180104,BAPTIST HEALTH PADUCAH,PADUCAH,KY,42003,MC CRACKEN,186.0,184.0,217.0,,1.0,50.0,medium,Acute Care Hospitals,Voluntary non-profit - Church,Yes
180105,MONROE COUNTY MEDICAL CENTER,TOMPKINSVILLE,KY,42167,MONROE,133.0,128.0,248.0,,1.0,,low,Acute Care Hospitals,Voluntary non-profit - Other,Yes
180115,"ROCKCASTLE COUNTY HOSPITAL, INC.",MOUNT VERNON,KY,40456,ROCKCASTLE,142.0,137.0,116.0,274.0,2.0,0.0,low,Acute Care Hospitals,Voluntary non-profit - Private,Yes
180116,JACKSON PURCHASE MEDICAL CENTER,MAYFIELD,KY,42066,GRAVES,137.0,132.0,,,1.0,,low,Acute Care Hospitals,Government - Hospital District or Authority,Yes
180124,TRISTAR GREENVIEW REGIONAL HOSPITAL,BOWLING GREEN,KY,42104,WARREN,153.0,148.0,,391.0,1.0,59.0,medium,Acute Care Hospitals,Proprietary,Yes
180127,FRANKFORT REGIONAL MEDICAL CENTER,FRANKFORT,KY,40601,FRANKLIN,173.0,163.0,265.0,321.0,1.0,,medium,Acute Care Hospitals,Proprietary,Yes
180128,THREE RIVERS MEDICAL CENTER,LOUISA,KY,41230,LAWRENCE,171.0,164.0,,359.0,2.0,,low,Acute Care Hospitals,Proprietary,Yes
180130,BAPTIST HEALTH LOUISVILLE,LOUISVILLE,KY,40207,JEFFERSON,191.0,191.0,,,1.0,19.0,high,Acute Care Hospitals,Voluntary non-profit - Private,Yes
180132,LAKE CUMBERLAND REGIONAL HOSPITAL,SOMERSET,KY,42503,PULASKI,180.0,180.0,,,1.0,88.0,high,Acute Care Hospitals,Proprietary,Yes
180138,BAPTIST HEALTH LAGRANGE,LA GRANGE,KY,40031,OLDHAM,140.0,138.0,125.0,304.0,1.0,,low,Acute Care Hospitals,Voluntary non-profit - Private,Yes
180141,UNIVERSITY OF LOUISVILLE HOSPITAL,LOUISVILLE,KY,40202,JEFFERSON,201.0,198.0,182.0,260.0,3.0,,high,Acute Care Hospitals,Voluntary non-profit - Private,Yes
180143,SAINT JOSEPH EAST,LEXINGTON,KY,40509,FAYETTE,136.0,131.0,,264.0,1.0,,medium,Acute Care Hospitals,Voluntary non-profit - Private,Yes
180149,TJ HEALTH COLUMBIA,COLUMBIA,KY,42728,ADAIR,121.0,114.0,,279.0,1.0,,low,Acute Care Hospitals,Government - Hospital District or Authority,Yes
180154,"PINEVILLE COMMUNITY HEALTH CENTER, INC",PINEVILLE,KY,40977,BELL,139.0,132.0,141.0,213.0,1.0,,low,Acute Care Hospitals,Voluntary non-profit - Private,Yes
180779,CRITTENDEN COMMUNITY HOSPITAL,MARION,KY,42064,CRITTENDEN,,,,,,,,Rural Emergency Hospital,Government - Local,Yes
180780,FLEMING COUNTY HOSPITAL,FLEMINGSBURG,KY,41041,FLEMING,,,,,,,,Rural Emergency Hospital,Voluntary non-profit - Other,Yes
181301,MARCUM AND WALLACE MEMORIAL HOSPITAL,IRVINE,KY,40336,ESTILL,134.0,128.0,,299.0,2.0,,low,Critical Access Hospitals,Voluntary non-profit - Private,Yes
181302,THE JAMES B. HAGGIN MEMORIAL HOSPITAL,HARRODSBURG,KY,40330,MERCER,104.0,99.0,138.0,227.0,0.0,,low,Critical Access Hospitals,Voluntary non-profit - Other,Yes
181304,TRIGG COUNTY HOSPITAL,CADIZ,KY,42211,TRIGG,170.0,141.0,,250.0,,,,Critical Access Hospitals,Voluntary non-profit - Private,Yes
181305,ARH OUR LADY OF THE WAY,MARTIN,KY,41649,FLOYD,87.0,84.0,164.0,310.0,0.0,,low,Critical Access Hospitals,Voluntary non-profit - Private,Yes
181306,METHODIST HOSPITAL UNION COUNTY,MORGANFIELD,KY,42437,UNION,118.0,112.0,,210.0,,,,Critical Access Hospitals,Voluntary non-profit - Church,Yes
181307,MORGAN COUNTY ARH HOSPITAL,WEST LIBERTY,KY,41472,MORGAN,134.0,128.0,,401.0,0.0,,low,Critical Access Hospitals,Voluntary non-profit - Private,Yes
181308,BLUEGRASS COMMUNITY HOSPITAL,VERSAILLES,KY,40383,WOODFORD,93.0,92.0,145.0,238.0,0.0,,low,Critical Access Hospitals,Proprietary,Yes
181309,CASEY COUNTY HOSPITAL,LIBERTY,KY,42539,CASEY,106.0,94.0,128.0,346.0,1.0,,low,Critical Access Hospitals,Government - Hospital District or Authority,Yes
181310,CARROLL COUNTY MEMORIAL HOSPITAL,CARROLLTON,KY,41008,CARROLL,106.0,105.0,,,,,,Critical Access Hospitals,Voluntary non-profit - Private,Yes
181311,ST ELIZABETH GRANT,WILLIAMSTOWN,KY,41097,GRANT,112.0,102.0,,321.0,0.0,92.0,low,Critical Access Hospitals,Voluntary non-profit - Church,Yes
181314,CAVERNA MEMORIAL HOSPITAL,HORSE CAVE,KY,42749,HART,,,,,,,,Critical Access Hospitals,Voluntary non-profit - Private,Yes
181315,EPHRAIM MCDOWELL FORT LOGAN HOSPITAL,STANFORD,KY,40484,LINCOLN,106.0,101.0,140.0,233.0,1.0,,low,Critical Access Hospitals,Voluntary non-profit - Private,Yes
181316,MARY BRECKINRIDGE ARH HOSPITAL,HYDEN,KY,41749,LESLIE,105.0,100.0,,251.0,0.0,,low,Critical Access Hospitals,Voluntary non-profit - Private,Yes
181317,CUMBERLAND COUNTY HOSPITAL,BURKESVILLE,KY,42717,CUMBERLAND,95.0,93.0,,211.0,0.0,,low,Critical Access Hospitals,Government - Local,Yes
181318,THE MEDICAL CENTER AT FRANKLIN,FRANKLIN,KY,42135,SIMPSON,,,,,,,,Critical Access Hospitals,Voluntary non-profit - Private,Yes
181319,BRECKINRIDGE MEMORIAL HOSPITAL,HARDINSBURG,KY,40143,BRECKINRIDGE,104.0,100.0,145.0,318.0,1.0,,low,Critical Access Hospitals,Government - Local,Yes
181320,"LIVINGSTON HOSPITAL AND HEALTHCARE SERVICES, INC",SALEM,KY,42078,LIVINGSTON,113.0,106.0,,228.0,1.0,,low,Critical Access Hospitals,Voluntary non-profit - Private,Yes
181321,WAYNE COUNTY HOSPITAL,MONTICELLO,KY,42633,WAYNE,,,,,,,,Critical Access Hospitals,Voluntary non-profit - Private,Yes
181322,CALDWELL MEDICAL CENTER,PRINCETON,KY,42445,CALDWELL,,,,,1.0,,low,Critical Access Hospitals,Voluntary non-profit - Private,Yes
181323,OHIO COUNTY HOSPITAL,HARTFORD,KY,42347,OHIO,107.0,107.0,,,,,,Critical Access Hospitals,Proprietary,Yes
181324,THE MEDICAL CENTER AT SCOTTSVILLE,SCOTTSVILLE,KY,42164,ALLEN,,,,,,,,Critical Access Hospitals,Voluntary non-profit - Private,Yes
181325,JANE TODD CRAWFORD HOSPITAL,GREENSBURG,KY,42743,GREEN,148.0,134.0,,380.0,1.0,,low,Critical Access Hospitals,Voluntary non-profit - Private,Yes
181327,MARSHALL COUNTY HOSPITAL,BENTON,KY,42025,MARSHALL,98.0,92.0,,224.0,1.0,,low,Critical Access Hospitals,Government - Hospital District or Authority,Yes
181328,KNOX COUNTY HOSPITAL,BARBOURVILLE,KY,40906,KNOX,140.0,137.0,136.0,301.0,2.0,,low,Critical Access Hospitals,Government - Local,Yes
181329,CHI SAINT JOSEPH BEREA NF,BEREA,KY,40403,MADISON,134.0,126.0,166.0,304.0,1.0,64.0,medium,Critical Access Hospitals,Voluntary non-profit - Private,Yes
181330,RUSSELL COUNTY HOSPITAL,RUSSELL SPRINGS,KY,42642,RUSSELL,,,,,,,,Critical Access Hospitals,Government - Local,Yes
181331,MCDOWELL ARH HOSPITAL,MC DOWELL,KY,41647,FLOYD,91.0,86.0,251.0,254.0,0.0,,low,Critical Access Hospitals,Voluntary non-profit - Private,Yes
181333,THE MEDICAL CENTER AT ALBANY,ALBANY,KY,42602,CLINTON,,,,,0.0,,low,Critical Access Hospitals,Voluntary non-profit - Private,Yes
181334,KENTUCKY RIVER MEDICAL CENTER,JACKSON,KY,41339,BREATHITT,128.0,123.0,188.0,214.0,,,,Critical Access Hospitals,Proprietary,Yes
190002,OCHSNER LAFAYETTE GENERAL MEDICAL CENTER,LAFAYETTE,LA,70503,LAFAYETTE,171.0,166.0,394.0,,1.0,,very high,Acute Care Hospitals,Voluntary non-profit - Private,Yes
190004,THIBODAUX REGIONAL MEDICAL CENTER,THIBODAUX,LA,70301,LAFOURCHE,176.0,171.0,355.0,,3.0,,medium,Acute Care Hospitals,Voluntary non-profit - Private,Yes
190005,UNIVERSITY MEDICAL CENTER NEW ORLEANS,NEW ORLEANS,LA,70112,ORLEANS,373.0,327.0,864.0,,3.0,,very high,Acute Care Hospitals,Voluntary non-profit - Private,Yes
190006,OCHSNER UNIVERSITY HOSPITAL AND CLINICS,LAFAYETTE,LA,70506,LAFAYETTE,152.0,143.0,244.0,,2.0,,medium,Acute Care Hospitals,Voluntary non-profit - Private,Yes
190007,NATCHITOCHES REGIONAL MEDICAL CENTER,NATCHITOCHES,LA,71457,NATCHITOCHES,164.0,158.0,232.0,341.0,3.0,,low,Acute Care Hospitals,Government - Hospital District or Authority,Yes
190008,TERREBONNE GENERAL MEDICAL CENTER - PARISH,HOUMA,LA,70360,TERREBONNE,136.0,133.0,166.0,,3.0,95.0,medium,Acute Care Hospitals,Government - Hospital District or Authority,Yes
190011,OCHSNER LSU HEALTH MONROE,MONROE,LA,71202,OUACHITA,156.0,152.0,457.0,,6.0,,medium,Acute Care Hospitals,Voluntary non-profit - Private,Yes
190013,WEST CALCASIEU CAMERON HOSPITAL,SULPHUR,LA,70663,CALCASIEU,128.0,123.0,152.0,,1.0,69.0,medium,Acute Care Hospitals,Government - Hospital District or Authority,Yes
190014,OCHSNER ST MARY,MORGAN CITY,LA,70380,ST. MARY,92.0,89.0,112.0,350.0,1.0,80.0,medium,Acute Care Hospitals,Voluntary non-profit - Private,Yes
190015,NORTH OAKS MEDICAL CENTER,HAMMOND,LA,70403,TANGIPAHOA,169.0,159.0,336.0,,6.0,71.0,very high,Acute Care Hospitals,Government - Hospital District or Authority,Yes
190017,OPELOUSAS GENERAL HEALTH SYSTEM,OPELOUSAS,LA,70570,ST. LANDRY,126.0,122.0,163.0,,2.0,88.0,high,Acute Care Hospitals,Government - Hospital District or Authority,Yes
190019,CHRISTUS ST FRANCES CABRINI HOSPITAL,ALEXANDRIA,LA,71301,RAPIDES,218.0,215.0,336.0,,1.0,87.0,high,Acute Care Hospitals,Voluntary non-profit - Private,Yes
190020,LANE REGIONAL MEDICAL CENTER,ZACHARY,LA,70791,E. BATON ROUGE,190.0,184.0,280.0,382.0,2.0,,medium,Acute Care Hospitals,Government - Hospital District or Authority,Yes
190025,SAVOY MEDICAL CENTER,MAMOU,LA,70554,EVANGELINE,122.0,108.0,172.0,265.0,0.0,,low,Acute Care Hospitals,Voluntary non-profit - Other,Yes
190026,RAPIDES REGIONAL MEDICAL CENTER,ALEXANDRIA,LA,71301,RAPIDES,139.0,137.0,257.0,,0.0,95.0,very high,Acute Care Hospitals,Proprietary,Yes
190027,CHRISTUS OCHSNER ST PATRICK HOSPITAL,LAKE CHARLES,LA,70601,CALCASIEU,145.0,142.0,374.0,494.0,1.0,71.0,medium,Acute Care Hospitals,Voluntary non-profit - Private,Yes
190034,ABBEVILLE GENERAL HOSPITAL,ABBEVILLE,LA,70510,VERMILION,121.0,117.0,300.0,,1.0,,low,Acute Care Hospitals,Government - Hospital District or Authority,Yes
190036,OCHSNER MEDICAL CENTER ACUTE,NEW ORLEANS,LA,70121,JEFFERSON,179.0,174.0,275.0,,1.0,,very high,Acute Care Hospitals,Voluntary non-profit - Private,Yes
190039,WEST JEFFERSON MEDICAL CENTER,MARRERO,LA,70072,JEFFERSON,150.0,147.0,316.0,,3.0,,high,Acute Care Hospitals,Voluntary non-profit - Private,Yes
190040,SLIDELL MEMORIAL HOSPITAL,SLIDELL,LA,70458,ST. TAMMANY,211.0,203.0,442.0,,1.0,73.0,very high,Acute Care Hospitals,Government - Hospital District or Authority,Yes
190041,CHRISTUS SHREVEPORT-BOSSIER HEALTH SYSTEM,SHREVEPORT,LA,71105,CADDO,170.0,165.0,,394.0,2.0,36.0,high,Acute Care Hospitals,Voluntary non-profit - Private,Yes
190044,ACADIA GENERAL HOSPITAL,CROWLEY,LA,70526,ACADIA,114.0,109.0,146.0,251.0,2.0,,low,Acute Care Hospitals,Voluntary non-profit - Private,Yes
190045,ST TAMMANY PARISH HOSPITAL,COVINGTON,LA,70433,ST. TAMMANY,163.0,161.0,322.0,,1.0,76.0,high,Acute Care Hospitals,Government - Hospital District or Authority,Yes
190046,TOURO INFIRMARY,NEW ORLEANS,LA,70115,ORLEANS,149.0,147.0,202.0,,1.0,50.0,medium,Acute Care Hospitals,Voluntary non-profit - Private,Yes
190050,BEAUREGARD MEMORIAL HOSPITAL,DERIDDER,LA,70634,BEAUREGARD,189.0,180.0,293.0,365.0,1.0,75.0,low,Acute Care Hospitals,Government - Hospital District or Authority,Yes
190053,OCHSNER AMERICAN LEGION HOSPITAL,JENNINGS,LA,70546,JEFFRSON DAVIS,110.0,104.0,208.0,351.0,2.0,,low,Acute Care Hospitals,Voluntary non-profit - Private,Yes
190054,IBERIA MEDICAL CENTER,NEW IBERIA,LA,70560,IBERIA,128.0,125.0,252.0,,1.0,83.0,high,Acute Care Hospitals,Voluntary non-profit - Private,Yes
190060,LAKE CHARLES MEMORIAL HOSPITAL,LAKE CHARLES,LA,70601,CALCASIEU,218.0,210.0,398.0,,2.0,89.0,high,Acute Care Hospitals,Voluntary non-profit - Private,Yes
190064,OUR LADY OF THE LAKE REGIONAL MEDICAL CENTER,BATON ROUGE,LA,70808,E. BATON ROUGE,172.0,168.0,302.0,,1.0,74.0,very high,Acute Care Hospitals,Voluntary non-profit - Church,Yes
190065,BATON ROUGE GENERAL MEDICAL CENTER,BATON ROUGE,LA,70809,E. BATON ROUGE,222.0,210.0,289.0,372.0,1.0,45.0,high,Acute Care Hospitals,Voluntary non-profit - Private,Yes
190079,ST CHARLES PARISH HOSPITAL,LULING,LA,70070,ST. CHARLES,121.0,114.0,140.0,282.0,0.0,,low,Acute Care Hospitals,Government - Hospital District or Authority,Yes
190086,NORTHERN LOUISIANA MEDICAL CENTER,RUSTON,LA,71270,LINCOLN,140.0,135.0,258.0,338.0,2.0,90.0,medium,Acute Care Hospitals,Proprietary,Yes
190088,SPRINGHILL MEDICAL CENTER,SPRINGHILL,LA,71075,WEBSTER,105.0,99.0,161.0,290.0,3.0,,low,Acute Care Hospitals,Voluntary non-profit - Private,Yes
190090,WINN PARISH MEDICAL CENTER,WINNFIELD,LA,71483,WINN,107.0,100.0,,198.0,1.0,,low,Acute Care Hospitals,Proprietary,Yes
190098,OCHSNER LSU HEALTH SHREVEPORT,SHREVEPORT,LA,71130,CADDO,265.0,247.0,496.0,339.0,2.0,44.0,high,Acute Care Hospitals,Voluntary non-profit - Private,Yes
190099,AVOYELLES HOSPITAL,MARKSVILLE,LA,71351,AVOYELLES,81.0,77.0,,210.0,2.0,,low,Acute Care Hospitals,Proprietary,Yes
190102,"OUR LADY OF LOURDES REGIONAL MEDICAL CENTER, INC",LAFAYETTE,LA,70508,LAFAYETTE,140.0,140.0,,,2.0,,very high,Acute Care Hospitals,Voluntary non-profit - Private,Yes
190106,OAKDALE COMMUNITY HOSPITAL,OAKDALE,LA,71463,ALLEN,140.0,117.0,201.0,243.0,2.0,,low,Acute Care Hospitals,Proprietary,Yes
190111,WILLIS KNIGHTON MEDICAL CENTER,SHREVEPORT,LA,71103,CADDO,182.0,177.0,238.0,510.0,4.0,61.0,very high,Acute Care Hospitals,Voluntary non-profit - Private,Yes
190114,CLAIBORNE MEMORIAL MEDICAL CENTER,HOMER,LA,71040,CLAIBORNE,86.0,84.0,132.0,,2.0,,low,Acute Care Hospitals,Government - Hospital District or Authority,Yes
190116,MOREHOUSE GENERAL HOSPITAL,BASTROP,LA,71220,MOREHOUSE,134.0,122.0,245.0,306.0,2.0,,low,Acute Care Hospitals,Government - Hospital District or Authority,Yes
190118,DESOTO REGIONAL HEALTH SYSTEM,MANSFIELD,LA,71052,DE SOTO,115.0,109.0,,302.0,2.0,,low,Acute Care Hospitals,Voluntary non-profit - Private,Yes
190125,FMOL HEALTH ST FRANCIS,MONROE,LA,71201,OUACHITA,228.0,226.0,440.0,,1.0,53.0,medium,Acute Care Hospitals,Voluntary non-profit - Private,Yes
190128,WOMANS HOSPITAL,BATON ROUGE,LA,70817,E. BATON ROUGE,147.0,147.0,,,0.0,,medium,Acute Care Hospitals,Voluntary non-profit - Private,Yes
190133,ALLEN PARISH HOSPITAL,KINDER,LA,70648,ALLEN,106.0,105.0,134.0,,1.0,,low,Acute Care Hospitals,Government - Hospital District or Authority,Yes
190140,FRANKLIN MEDICAL CENTER,WINNSBORO,LA,71295,FRANKLIN,155.0,145.0,266.0,275.0,4.0,83.0,low,Acute Care Hospitals,Government - Hospital District or Authority,Yes
190144,MINDEN MEDICAL CENTER,MINDEN,LA,71055,WEBSTER,133.0,121.0,237.0,219.0,2.0,69.0,low,Acute Care Hospitals,Proprietary,Yes
190145,LASALLE GENERAL HOSPITAL,JENA,LA,71342,LASALLE,148.0,137.0,221.0,326.0,1.0,,low,Acute Care Hospitals,Government - Hospital District or Authority,No
190151,RICHARDSON MEDICAL CENTER,RAYVILLE,LA,71269,RICHLAND,67.0,65.0,,111.0,2.0,,low,Acute Care Hospitals,Government - Hospital District or Authority,Yes
190160,GLENWOOD REGIONAL MEDICAL CENTER,WEST MONROE,LA,71291,OUACHITA,162.0,158.0,367.0,,1.0,,medium,Acute Care Hospitals,Proprietary,Yes
190164,BYRD REGIONAL HOSPITAL,LEESVILLE,LA,71446,VERNON,137.0,121.0,167.0,277.0,1.0,55.0,low,Acute Care Hospitals,Proprietary,Yes
190167,MERCY REGIONAL MEDICAL CENTER,VILLE PLATTE,LA,70586,EVANGELINE,156.0,144.0,316.0,292.0,3.0,,low,Acute Care Hospitals,Proprietary,Yes
190176,EAST JEFFERSON GENERAL HOSPITAL,METAIRIE,LA,70006,JEFFERSON,162.0,157.0,265.0,251.0,2.0,84.0,very high,Acute Care Hospitals,Voluntary non-profit - Private,Yes
190183,LEONARD J CHABERT MEDICAL CENTER,HOUMA,LA,70363,TERREBONNE,130.0,126.0,245.0,,1.0,,medium,Acute Care Hospitals,Voluntary non-profit - Other,Yes
190184,CITIZENS MEDICAL CENTER,COLUMBIA,LA,71418,CALDWELL,139.0,124.0,195.0,257.0,1.0,,low,Acute Care Hospitals,Government - Hospital District or Authority,Yes
190190,"CALDWELL MEMORIAL HOSPITAL, INC",COLUMBIA,LA,71418,CALDWELL,,,,,,,,Acute Care Hospitals,Proprietary,No
190201,CHRISTUS OCHSNER LAKE AREA HOSPITAL,LAKE CHARLES,LA,70605,CALCASIEU,131.0,130.0,,,1.0,,medium,Acute Care Hospitals,Voluntary non-profit - Private,Yes
190202,OCHSNER MEDICAL CENTER - BATON ROUGE,BATON ROUGE,LA,70816,E. BATON ROUGE,205.0,197.0,304.0,,2.0,67.0,very high,Acute Care Hospitals,Voluntary non-profit - Private,Yes
190208,EAST CARROLL PARISH HOSPITAL,LAKE PROVIDENCE,LA,71254,EAST CARROLL,98.0,89.0,132.0,166.0,1.0,,low,Acute Care Hospitals,Government - Hospital District or Authority,Yes
190218,SABINE MEDICAL CENTER,MANY,LA,71449,SABINE,138.0,129.0,161.0,378.0,0.0,8.0,low,Acute Care Hospitals,Proprietary,Yes
190241,PHYSICIANS MEDICAL CENTER,HOUMA,LA,70360,TERREBONNE,,,,,,,,Acute Care Hospitals,Physician,No
190245,MONROE SURGICAL HOSPITAL,MONROE,LA,71201,OUACHITA,,,,,,,,Acute Care Hospitals,Proprietary,No
190251,SURGICAL SPECIALTY CENTER OF BATON ROUGE,BATON ROUGE,LA,70810,E. BATON ROUGE,,,,,,,,Acute Care Hospitals,Physician,No
190255,PARK PLACE SURGICAL HOSPITAL,LAFAYETTE,LA,70508,LAFAYETTE,,,,,,,,Acute Care Hospitals,Proprietary,No
190256,STERLING SURGICAL HOSPITAL,SLIDELL,LA,70458,ST. TAMMANY,,,,,,,,Acute Care Hospitals,Proprietary,No
190259,LAFAYETTE SURGICAL SPECIALTY HOSPITAL,LAFAYETTE,LA,70508,LAFAYETTE,,,,,,,,Acute Care Hospitals,Physician,No
190266,THE SPINE HOSPITAL OF LOUISIANA,BATON ROUGE,LA,70810,E. BATON ROUGE,,,,,,,,Acute Care Hospitals,Physician,No
190267,AVALA,COVINGTON,LA,70433,ST. TAMMANY,,,,,,,,Acute Care Hospitals,Physician,No
190270,OUR LADY OF THE LAKE SURGICAL HOSPITAL,SLIDELL,LA,70458,ST. TAMMANY,,,,,,,,Acute Care Hospitals,Physician,No
190274,OCHSNER MEDICAL CENTER-KENNER,KENNER,LA,70065,JEFFERSON,149.0,147.0,276.0,,1.0,80.0,high,Acute Care Hospitals,Voluntary non-profit - Private,Yes
190278,SPECIALISTS HOSPITAL SHREVEPORT,SHREVEPORT,LA,71101,CADDO,,,,,,,,Acute Care Hospitals,Proprietary,No
190298,CHRISTUS CENTRAL LOUISIANA SURGICAL HOSPITAL,ALEXANDRIA,LA,71301,RAPIDES,,,,,,,,Acute Care Hospitals,Proprietary,No
190300,ST CHARLES SURGICAL HOSPITAL,NEW ORLEANS,LA,70130,ORLEANS,,,,,,,,Acute Care Hospitals,Physician,No
190302,"OMEGA HOSPITAL, LLC",METAIRIE,LA,70002,JEFFERSON,,,,,,,,Acute Care Hospitals,Physician,No
190303,CYPRESS POINTE SURGICAL HOSPITAL,HAMMOND,LA,70403,TANGIPAHOA,,,,,,,,Acute Care Hospitals,Proprietary,No
190308,ST BERNARD PARISH HOSPITAL,CHALMETTE,LA,70043,ST. BERNARD,183.0,180.0,276.0,345.0,2.0,,medium,Acute Care Hospitals,Government - Hospital District or Authority,Yes
190312,OUR LADY OF THE ANGELS HOSPITAL,BOGALUSA,LA,70427,WASHINGTON,141.0,135.0,209.0,252.0,,68.0,,Acute Care Hospitals,Voluntary non-profit - Private,Yes
190313,NEW ORLEANS EAST HOSPITAL,NEW ORLEANS,LA,70127,ORLEANS,144.0,140.0,268.0,249.0,2.0,,medium,Acute Care Hospitals,Government - Hospital District or Authority,Yes
190316,THE GENERAL,BATON ROUGE,LA,70806,E. BATON ROUGE,196.0,180.0,252.0,371.0,3.0,,medium,Acute Care Hospitals,Voluntary non-profit - Private,Yes
190317,OCHSNER LSU HEALTH SHREVEPORT-ST MARY MEDICAL CENT,SHREVEPORT,LA,71101,CADDO,,,,,,,,Acute Care Hospitals,Voluntary non-profit - Private,No
190318,ACADIAN MEDICAL CENTER,EUNICE,LA,70535,ST. LANDRY,120.0,116.0,278.0,340.0,1.0,,low,Acute Care Hospitals,Proprietary,Yes
190319,ALEXANDRIA HOSPITAL,ALEXANDRIA,LA,71303,RAPIDES,,,,,,,,Acute Care Hospitals,Proprietary,Yes
19050F,Bayne-Jones ACH (Ft Johnson),Fort Johnson,LA,71459,VERNON,,98.0,,,1.0,,low,Acute Care - Department of Defense,Department of Defense,Yes
190779,ASSUMPTION COMMUNITY HOSPITAL,NAPOLEONVILLE,LA,70390,ASSUMPTION,,,,,,,,Rural Emergency Hospital,Voluntary non-profit - Private,Yes
191300,ST HELENA PARISH HOSPITAL,GREENSBURG,LA,70441,ST. HELENA,74.0,73.0,146.0,,1.0,,low,Critical Access Hospitals,Government - Hospital District or Authority,Yes
191301,UNION GENERAL HOSPITAL,FARMERVILLE,LA,71241,UNION,92.0,89.0,,232.0,0.0,,low,Critical Access Hospitals,Voluntary non-profit - Private,Yes
191302,OCHSNER ST MARTIN HOSPITAL,BREAUX BRIDGE,LA,70517,ST. MARTIN,104.0,99.0,157.0,408.0,2.0,,low,Critical Access Hospitals,Voluntary non-profit - Private,Yes
191304,NORTH CADDO MEDICAL CENTER,VIVIAN,LA,71082,CADDO,128.0,124.0,,,2.0,,low,Critical Access Hospitals,Government - Hospital District or Authority,Yes
191305,ST JAMES PARISH HOSPITAL,LUTCHER,LA,70071,ST. JAMES,104.0,100.0,208.0,,1.0,,low,Critical Access Hospitals,Government - Hospital District or Authority,Yes
191306,WEST FELICIANA PARISH HOSPITAL,SAINT FRANCISVILLE,LA,70775,WEST FELICIANA,99.0,97.0,83.0,192.0,1.0,,low,Critical Access Hospitals,Government - Hospital District or Authority,Yes
191307,DEQUINCY MEMORIAL HOSPITAL,DEQUINCY,LA,70633,CALCASIEU,102.0,99.0,216.0,,1.0,,low,Critical Access Hospitals,Proprietary,Yes
191308,PREVOST MEMORIAL HOSPITAL,DONALDSONVILLE,LA,70346,ASCENSION,189.0,,,,1.0,,low,Critical Access Hospitals,Government - Hospital District or Authority,Yes
191309,HOOD MEMORIAL HOSPITAL,AMITE,LA,70422,TANGIPAHOA,87.0,82.0,151.0,254.0,2.0,,low,Critical Access Hospitals,Government - Hospital District or Authority,Yes
191310,BAYOU BEND HEALTH SYSTEM,FRANKLIN,LA,70538,ST. MARY,105.0,102.0,167.0,154.0,1.0,,low,Critical Access Hospitals,Government - Hospital District or Authority,Yes
191311,BUNKIE GENERAL HOSPITAL,BUNKIE,LA,71322,AVOYELLES,91.0,88.0,,,2.0,,low,Critical Access Hospitals,Government - Hospital District or Authority,Yes
191312,CHRISTUS COUSHATTA HEALTH CARE CENTER,COUSHATTA,LA,71019,RED RIVER,,,,,,,,Critical Access Hospitals,Voluntary non-profit - Private,Yes
191313,RIVERSIDE MEDICAL CENTER,FRANKLINTON,LA,70438,WASHINGTON,133.0,126.0,,298.0,1.0,,low,Critical Access Hospitals,Government - Hospital District or Authority,Yes
191314,MADISON PARISH HOSPITAL,TALLULAH,LA,71282,MADISON,129.0,125.0,170.0,313.0,1.0,,low,Critical Access Hospitals,Government - Hospital District or Authority,Yes
191315,HARDTNER MEDICAL CENTER,OLLA,LA,71465,LASALLE,93.0,90.0,163.0,248.0,0.0,,low,Critical Access Hospitals,Government - Hospital District or Authority,Yes
191316,POINTE COUPEE GENERAL HOSPITAL,NEW ROADS,LA,70760,POINTE COUPEE,124.0,124.0,,,1.0,,low,Critical Access Hospitals,Government - Hospital District or Authority,Yes
191317,JACKSON PARISH HOSPITAL,JONESBORO,LA,71251,JACKSON,140.0,135.0,141.0,230.0,1.0,,low,Critical Access Hospitals,Government - Hospital District or Authority,Yes
191318,RIVERLAND MEDICAL CENTER,FERRIDAY,LA,71334,CONCORDIA,,,,,,,,Critical Access Hospitals,Government - Hospital District or Authority,Yes
191319,ACADIA ST LANDRY,CHURCH POINT,LA,70525,ACADIA,,,,,,,,Critical Access Hospitals,Government - Hospital District or Authority,Yes
191320,BIENVILLE MEDICAL CENTER,ARCADIA,LA,71001,BIENVILLE,105.0,100.0,,,,,,Critical Access Hospitals,Proprietary,Yes
191321,LALLIE KEMP MEDICAL CENTER,INDEPENDENCE,LA,70443,TANGIPAHOA,109.0,101.0,212.0,265.0,3.0,,low,Critical Access Hospitals,Government - State,Yes
191322,ABROM KAPLAN MEMORIAL HOSPITAL,KAPLAN,LA,70548,VERMILION,92.0,90.0,204.0,402.0,0.0,,low,Critical Access Hospitals,Voluntary non-profit - Private,Yes
191323,RICHLAND PARISH HOSPITAL-DELHI,DELHI,LA,71232,RICHLAND,180.0,160.0,,298.0,2.0,,low,Critical Access Hospitals,Government - Hospital District or Authority,Yes
191324,OCHSNER ST ANNE GENERAL HOSPITAL,RACELAND,LA,70394,LAFOURCHE,132.0,120.0,268.0,374.0,0.0,,medium,Critical Access Hospitals,Voluntary non-profit - Other,Yes
191325,LADY OF THE SEA GENERAL HOSPITAL,CUT OFF,LA,70345,LAFOURCHE,62.0,62.0,,,1.0,,low,Critical Access Hospitals,Government - Hospital District or Authority,Yes
191326,REEVES MEMORIAL MEDICAL CENTER,BERNICE,LA,71222,UNION,129.0,115.0,182.0,242.0,0.0,,low,Critical Access Hospitals,Government - Hospital District or Authority,Yes
191327,WEST CARROLL MEMORIAL HOSPITAL,OAK GROVE,LA,71263,WEST CARROLL,160.0,145.0,290.0,278.0,1.0,,low,Critical Access Hospitals,Proprietary,Yes
193300,CHILDRENS HOSPITAL,NEW ORLEANS,LA,70118,ORLEANS,,,,,,,,Childrens,Voluntary non-profit - Private,Yes
200001,ST JOSEPH HOSPITAL,BANGOR,ME,4401,PENOBSCOT,186.0,186.0,182.0,,4.0,,medium,Acute Care Hospitals,Voluntary non-profit - Church,Yes
200008,NORTHERN LIGHT MERCY HOSPITAL,PORTLAND,ME,4101,CUMBERLAND,216.0,208.0,342.0,,3.0,,medium,Acute Care Hospitals,Voluntary non-profit - Church,Yes
200009,MAINEHEALTH MAINE MEDICAL CENTER,PORTLAND,ME,4102,CUMBERLAND,216.0,207.0,546.0,,3.0,45.0,very high,Acute Care Hospitals,Voluntary non-profit - Private,Yes
200018,NORTHERN LIGHT  A R GOULD HOSPITAL,PRESQUE ISLE,ME,4769,AROOSTOOK,205.0,200.0,483.0,490.0,5.0,,low,Acute Care Hospitals,Voluntary non-profit - Private,Yes
200020,YORK HOSPITAL,YORK,ME,3909,YORK,170.0,166.0,284.0,,2.0,,low,Acute Care Hospitals,Voluntary non-profit - Private,Yes
200021,MAINEHEALTH MID COAST HOSPITAL,BRUNSWICK,ME,4011,CUMBERLAND,198.0,196.0,236.0,252.0,2.0,62.0,medium,Acute Care Hospitals,Voluntary non-profit - Private,Yes
200024,CENTRAL MAINE MEDICAL CENTER,LEWISTON,ME,4240,ANDROSCOGGIN,254.0,253.0,,,6.0,90.0,high,Acute Care Hospitals,Voluntary non-profit - Private,Yes
200031,CARY MEDICAL CENTER,CARIBOU,ME,4736,AROOSTOOK,148.0,141.0,225.0,,3.0,,low,Acute Care Hospitals,Government - Local,Yes
200033,NORTHERN LIGHT EASTERN MAINE MEDICAL CENTER,BANGOR,ME,4401,PENOBSCOT,217.0,219.0,115.0,477.0,1.0,,medium,Acute Care Hospitals,Voluntary non-profit - Private,Yes
200034,ST MARY'S REGIONAL MEDICAL CENTER,LEWISTON,ME,4243,ANDROSCOGGIN,138.0,135.0,149.0,,3.0,,medium,Acute Care Hospitals,Voluntary non-profit - Church,Yes
200039,MAINE GENERAL MEDICAL CENTER,AUGUSTA,ME,4330,KENNEBEC,196.0,187.0,523.0,426.0,5.0,58.0,high,Acute Care Hospitals,Voluntary non-profit - Other,Yes
200050,NORTHERN LIGHT MAINE COAST HOSPITAL,ELLSWORTH,ME,4605,HANCOCK,219.0,206.0,524.0,408.0,5.0,,low,Acute Care Hospitals,Voluntary non-profit - Other,Yes
200063,MAINEHEALTH PEN BAY HOSPITAL,ROCKPORT,ME,4856,KNOX,164.0,158.0,273.0,,1.0,,medium,Acute Care Hospitals,Voluntary non-profit - Private,Yes
201300,NORTHERN LIGHT BLUE HILL MEMORIAL HOSPITAL,BLUE HILL,ME,4614,HANCOCK,121.0,118.0,185.0,320.0,1.0,,low,Critical Access Hospitals,Voluntary non-profit - Private,Yes
201301,NORTHERN LIGHT C A DEAN HOSPITAL,GREENVILLE,ME,4441,PISCATAQUIS,92.0,86.0,186.0,446.0,0.0,,low,Critical Access Hospitals,Government - Hospital District or Authority,No
201302,LINCOLNHEALTH,DAMARISCOTTA,ME,4543,LINCOLN,150.0,144.0,254.0,287.0,1.0,82.0,low,Critical Access Hospitals,Voluntary non-profit - Private,Yes
201303,PENOBSCOT VALLEY HOSPITAL,LINCOLN,ME,4457,PENOBSCOT,132.0,127.0,295.0,395.0,2.0,,low,Critical Access Hospitals,Voluntary non-profit - Private,Yes
201304,MOUNT DESERT ISLAND HOSPITAL,BAR HARBOR,ME,4609,HANCOCK,136.0,130.0,460.0,415.0,0.0,,low,Critical Access Hospitals,Voluntary non-profit - Private,Yes
201305,CALAIS COMMUNITY HOSPITAL,CALAIS,ME,4619,WASHINGTON,168.0,154.0,,993.0,3.0,,low,Critical Access Hospitals,Voluntary non-profit - Private,Yes
201306,RUMFORD  HOSPITAL,RUMFORD,ME,4276,OXFORD,109.0,104.0,260.0,532.0,1.0,,low,Critical Access Hospitals,Proprietary,Yes
201307,MILLINOCKET REGIONAL HOSPITAL,MILLINOCKET,ME,4462,PENOBSCOT,,,,,,,,Critical Access Hospitals,Voluntary non-profit - Private,Yes
201308,HOULTON REGIONAL HOSPITAL,HOULTON,ME,4730,AROOSTOOK,202.0,194.0,342.0,756.0,2.0,,low,Critical Access Hospitals,Voluntary non-profit - Private,Yes
201309,NORTHERN LIGHT MAYO HOSPITAL,DOVER FOXCROFT,ME,4426,PISCATAQUIS,153.0,144.0,314.0,656.0,1.0,,low,Critical Access Hospitals,Government - Hospital District or Authority,Yes
201310,BRIDGTON HOSPITAL,BRIDGTON,ME,4009,CUMBERLAND,131.0,118.0,218.0,545.0,1.0,,low,Critical Access Hospitals,Voluntary non-profit - Private,Yes
201311,DOWN EAST COMMUNITY HOSPITAL,MACHIAS,ME,4654,WASHINGTON,203.0,195.0,940.0,685.0,5.0,,low,Critical Access Hospitals,Voluntary non-profit - Private,Yes
201312,MAINEHEALTH WALDO HOSPITAL,BELFAST,ME,4915,WALDO,155.0,152.0,236.0,,2.0,,low,Critical Access Hospitals,Voluntary non-profit - Private,Yes
201313,NORTHERN LIGHT SEBASTICOOK VALLEY HOSPITAL,PITTSFIELD,ME,4967,SOMERSET,192.0,187.0,470.0,,7.0,,low,Critical Access Hospitals,Voluntary non-profit - Private,Yes
201314,REDINGTON FAIRVIEW GENERAL HOSPITAL,SKOWHEGAN,ME,4976,SOMERSET,134.0,128.0,250.0,442.0,2.0,,medium,Critical Access Hospitals,Voluntary non-profit - Private,Yes
201315,MAINEHEALTH STEPHENS HOSPITAL,NORWAY,ME,4268,OXFORD,130.0,125.0,188.0,,1.0,,low,Critical Access Hospitals,Voluntary non-profit - Private,Yes
201316,MAINEHEALTH FRANKLIN HOSPITAL,FARMINGTON,ME,4938,FRANKLIN,178.0,170.0,230.0,405.0,2.0,,low,Critical Access Hospitals,Voluntary non-profit - Private,Yes
201317,NORTHERN MAINE MEDICAL CENTER,FORT KENT,ME,4743,AROOSTOOK,155.0,140.0,312.0,565.0,,,,Critical Access Hospitals,Voluntary non-profit - Private,Yes
210001,MERITUS MEDICAL CENTER,HAGERSTOWN,MD,21742,WASHINGTON,254.0,250.0,335.0,503.0,2.0,70.0,very high,Acute Care Hospitals,Voluntary non-profit - Private,Yes
210002,UNIVERSITY OF MARYLAND MEDICAL CENTER,BALTIMORE,MD,21201,BALTIMORE CITY,304.0,309.0,291.0,,,33.0,,Acute Care Hospitals,Voluntary non-profit - Private,Yes
210003,UNIVERSITY OF MD CAPITAL REGION MEDICAL CENTER,UPPER MARLBORO,MD,20774,PRINCE GEORGES,251.0,246.0,,,7.0,74.0,very high,Acute Care Hospitals,Voluntary non-profit - Private,Yes
210004,HOLY CROSS HOSPITAL,SILVER SPRING,MD,20910,MONTGOMERY,319.0,314.0,440.0,,5.0,,very high,Acute Care Hospitals,Voluntary non-profit - Church,No
210005,FREDERICK HEALTH HOSPITAL,FREDERICK,MD,21701,FREDERICK,238.0,230.0,326.0,,6.0,71.0,very high,Acute Care Hospitals,Voluntary non-profit - Private,Yes
210008,MERCY MEDICAL CENTER INC,BALTIMORE,MD,21202,BALTIMORE CITY,237.0,237.0,248.0,,,83.0,,Acute Care Hospitals,Voluntary non-profit - Church,Yes
210009,"JOHNS HOPKINS HOSPITAL, THE",BALTIMORE,MD,21287,BALTIMORE CITY,317.0,308.0,538.0,,6.0,,very high,Acute Care Hospitals,Voluntary non-profit - Private,Yes
210011,SAINT AGNES HOSPITAL,BALTIMORE,MD,21229,BALTIMORE CITY,,,,,,,,Acute Care Hospitals,Voluntary non-profit - Church,Yes
210012,SINAI HOSPITAL OF BALTIMORE,BALTIMORE,MD,21215,BALTIMORE CITY,272.0,257.0,592.0,992.0,2.0,33.0,very high,Acute Care Hospitals,Voluntary non-profit - Private,Yes
210015,MEDSTAR FRANKLIN SQUARE MEDICAL CENTER,ROSEDALE,MD,21237,BALTIMORE,367.0,367.0,332.0,,1.0,,very high,Acute Care Hospitals,Voluntary non-profit - Private,Yes
210016,ADVENTIST HEALTHCARE WHITE OAK MEDICAL CENTER,SILVER SPRING,MD,20904,MONTGOMERY,302.0,296.0,514.0,720.0,5.0,72.0,high,Acute Care Hospitals,Voluntary non-profit - Private,Yes
210017,GARRETT REGIONAL MEDICAL CENTER,OAKLAND,MD,21550,GARRETT,129.0,126.0,178.0,205.0,1.0,,low,Acute Care Hospitals,Voluntary non-profit - Private,Yes
210018,MEDSTAR MONTGOMERY MEDICAL CENTER,OLNEY,MD,20832,MONTGOMERY,264.0,259.0,391.0,,1.0,25.0,medium,Acute Care Hospitals,Voluntary non-profit - Private,Yes
210019,"TIDALHEALTH PENINSULA REGIONAL, INC",SALISBURY,MD,21801,WICOMICO,178.0,177.0,266.0,,3.0,69.0,very high,Acute Care Hospitals,Voluntary non-profit - Private,Yes
210022,SUBURBAN HOSPITAL,BETHESDA,MD,20814,MONTGOMERY,228.0,224.0,337.0,,1.0,21.0,high,Acute Care Hospitals,Voluntary non-profit - Private,Yes
210023,"LUMINIS HEALTH ANNE ARUNDEL MEDICAL CENTER, INC",ANNAPOLIS,MD,21401,ANNE ARUNDEL,251.0,245.0,454.0,519.0,,62.0,,Acute Care Hospitals,Voluntary non-profit - Private,Yes
210024,MEDSTAR UNION MEMORIAL HOSPITAL,BALTIMORE,MD,21218,BALTIMORE CITY,220.0,218.0,931.0,,2.0,,high,Acute Care Hospitals,Voluntary non-profit - Other,Yes
210027,WESTERN MARYLAND REGIONAL MEDICAL CENTER,CUMBERLAND,MD,21502,ALLEGANY,242.0,235.0,282.0,386.0,2.0,83.0,medium,Acute Care Hospitals,Voluntary non-profit - Private,Yes
210028,MEDSTAR SAINT MARY'S HOSPITAL,LEONARDTOWN,MD,20650,ST. MARYS,257.0,256.0,251.0,586.0,3.0,100.0,high,Acute Care Hospitals,Voluntary non-profit - Private,Yes
210029,JOHNS HOPKINS BAYVIEW MEDICAL CENTER,BALTIMORE,MD,21224,BALTIMORE CITY,349.0,322.0,848.0,,3.0,,high,Acute Care Hospitals,Voluntary non-profit - Private,Yes
210030,UNIVERSITY OF MD SHORE MEDICAL CTR AT CHESTERTOWN,CHESTERTOWN,MD,21620,KENT,208.0,185.0,334.0,760.0,2.0,71.0,low,Acute Care Hospitals,Voluntary non-profit - Private,Yes
210032,UNION HOSPITAL OF CECIL COUNTY,ELKTON,MD,21921,CECIL,233.0,228.0,426.0,323.0,6.0,,medium,Acute Care Hospitals,Voluntary non-profit - Private,No
210033,CARROLL HOSPITAL CENTER,WESTMINSTER,MD,21157,CARROLL,219.0,214.0,324.0,494.0,0.0,87.0,high,Acute Care Hospitals,Voluntary non-profit - Private,Yes
210034,MEDSTAR HARBOR HOSPITAL,BALTIMORE,MD,21225,BALTIMORE CITY,219.0,212.0,287.0,,4.0,,high,Acute Care Hospitals,Voluntary non-profit - Private,No
210035,UNIVERSITY OF MD CHARLES REGIONAL  MEDICAL CENTER,LA PLATA,MD,20646,CHARLES,271.0,262.0,534.0,739.0,4.0,81.0,high,Acute Care Hospitals,Voluntary non-profit - Private,Yes
210037,UNIVERSITY OF MD SHORE MEDICAL CENTER AT EASTON,EASTON,MD,21601,TALBOT,182.0,179.0,246.0,,3.0,74.0,very high,Acute Care Hospitals,Voluntary non-profit - Private,Yes
210038,UNIVERSITY OF MD MEDICAL CENTER MIDTOWN CAMPUS,BALTIMORE,MD,21201,BALTIMORE CITY,248.0,243.0,392.0,,,,,Acute Care Hospitals,Voluntary non-profit - Other,Yes
210039,CALVERTHEALTH MEDICAL CENTER,PRINCE FREDERICK,MD,20678,CALVERT,201.0,194.0,330.0,534.0,2.0,81.0,medium,Acute Care Hospitals,Voluntary non-profit - Other,Yes
210040,NORTHWEST HOSPITAL CENTER,RANDALLSTOWN,MD,21133,BALTIMORE,256.0,251.0,358.0,476.0,2.0,54.0,high,Acute Care Hospitals,Voluntary non-profit - Private,Yes
210043,UNIVERSITY OF MD BALTIMORE WASHINGTON MEDICAL CENTER,GLEN BURNIE,MD,21061,ANNE ARUNDEL,,,,,5.0,,very high,Acute Care Hospitals,Voluntary non-profit - Other,Yes
210044,GREATER BALTIMORE MEDICAL CENTER,BALTIMORE,MD,21204,BALTIMORE,234.0,228.0,457.0,401.0,4.0,,high,Acute Care Hospitals,Voluntary non-profit - Private,Yes
210048,JOHNS HOPKINS HOWARD COUNTY MEDICAL CENTER,COLUMBIA,MD,21044,HOWARD,278.0,266.0,1166.0,618.0,4.0,54.0,very high,Acute Care Hospitals,Voluntary non-profit - Private,Yes
210049,UMD UPPER CHESAPEAKE MEDICAL CENTER,BEL AIR,MD,21014,HARFORD,249.0,239.0,586.0,,,80.0,,Acute Care Hospitals,Voluntary non-profit - Other,Yes
210051,"LUMINIS HEALTH DOCTORS COMMUNITY MEDICAL CTR, INC",LANHAM,MD,20706,PRINCE GEORGES,277.0,272.0,432.0,500.0,,52.0,,Acute Care Hospitals,Proprietary,Yes
210056,MEDSTAR GOOD SAMARITAN HOSPITAL,BALTIMORE,MD,21239,BALTIMORE CITY,250.0,247.0,281.0,,4.0,,high,Acute Care Hospitals,Voluntary non-profit - Other,Yes
210057,ADVENTIST HEALTHCARE SHADY GROVE MEDICAL CENTER,ROCKVILLE,MD,20850,MONTGOMERY,206.0,204.0,236.0,,1.0,,very high,Acute Care Hospitals,Voluntary non-profit - Private,Yes
210058,UMD REHABILITATION &  ORTHOPAEDIC INSTITUTE,BALTIMORE,MD,21207,BALTIMORE,,,,,,,,Acute Care Hospitals,Voluntary non-profit - Private,No
210060,ADVENTIST HEALTHCARE FORT WASHINGTON MEDICAL CTR,FORT WASHINGTON,MD,20744,PRINCE GEORGES,213.0,202.0,,548.0,4.0,,medium,Acute Care Hospitals,Voluntary non-profit - Other,Yes
210061,ATLANTIC GENERAL HOSPITAL,BERLIN,MD,21811,WORCESTER,150.0,147.0,,,1.0,71.0,medium,Acute Care Hospitals,Voluntary non-profit - Private,Yes
210062,MEDSTAR SOUTHERN MARYLAND HOSPITAL CENTER,CLINTON,MD,20735,PRINCE GEORGES,366.0,356.0,372.0,686.0,4.0,89.0,high,Acute Care Hospitals,Voluntary non-profit - Private,Yes
210063,UNIVERSITY OF MD ST JOSEPH MEDICAL CENTER,TOWSON,MD,21204,BALTIMORE,270.0,264.0,360.0,,4.0,,high,Acute Care Hospitals,Voluntary non-profit - Private,Yes
210064,LEVINDALE HEBREW GERIATRIC CENTER AND HOSPITAL,BALTIMORE,MD,21209,BALTIMORE CITY,,,,,,,,Acute Care Hospitals,Voluntary non-profit - Private,No
210065,HOLY CROSS GERMANTOWN HOSPITAL,GERMANTOWN,MD,20876,MONTGOMERY,243.0,233.0,524.0,,2.0,,medium,Acute Care Hospitals,Voluntary non-profit - Private,Yes
21007F,Walter Reed National Military Med Cen,Bethesda,MD,20814,MONTGOMERY,,184.0,,,1.0,,medium,Acute Care - Department of Defense,Department of Defense,Yes
213300,MOUNT WASHINGTON PEDIATRIC HOSPITAL,BALTIMORE,MD,21209,BALTIMORE CITY,,,,,,,,Childrens,Voluntary non-profit - Private,No
213301,KENNEDY KRIEGER INSTITUTE,BALTIMORE,MD,21205,BALTIMORE CITY,,,,,,,,Childrens,Voluntary non-profit - Private,Yes
220001,UMASS MEMORIAL HEALTHALLIANCE HOSPITALS,LEOMINSTER,MA,1453,WORCESTER,268.0,253.0,930.0,500.0,6.0,61.0,high,Acute Care Hospitals,Voluntary non-profit - Other,Yes
220002,MOUNT AUBURN HOSPITAL,CAMBRIDGE,MA,2138,MIDDLESEX,203.0,205.0,148.0,,2.0,,medium,Acute Care Hospitals,Voluntary non-profit - Private,Yes
220008,STURDY MEMORIAL HOSPITAL,ATTLEBORO,MA,2703,BRISTOL,203.0,194.0,516.0,340.0,3.0,84.0,high,Acute Care Hospitals,Voluntary non-profit - Other,Yes
220010,MERRIMACK HEALTH LAWRENCE HOSPITAL,LAWRENCE,MA,1841,ESSEX,251.0,241.0,566.0,,5.0,83.0,very high,Acute Care Hospitals,Voluntary non-profit - Private,Yes
220011,CAMBRIDGE HEALTH ALLIANCE,CAMBRIDGE,MA,2139,MIDDLESEX,157.0,153.0,260.0,,2.0,,very high,Acute Care Hospitals,Government - Local,Yes
220012,CAPE COD HOSPITAL,HYANNIS,MA,2601,BARNSTABLE,208.0,201.0,620.0,,2.0,89.0,very high,Acute Care Hospitals,Voluntary non-profit - Private,Yes
220015,"COOLEY DICKINSON HOSPITAL INC,THE",NORTHAMPTON,MA,1061,HAMPSHIRE,260.0,261.0,236.0,,4.0,80.0,medium,Acute Care Hospitals,Voluntary non-profit - Private,Yes
220016,BAYSTATE FRANKLIN MEDICAL CENTER,GREENFIELD,MA,1301,FRANKLIN,200.0,194.0,474.0,354.0,2.0,91.0,medium,Acute Care Hospitals,Voluntary non-profit - Private,Yes
220017,CARNEY HOSPITAL,BOSTON,MA,2124,SUFFOLK,,,,,,,,Acute Care Hospitals,Proprietary,Yes
220019,UMASS MEMORIAL HEALTH - HARRINGTON HOSPITAL,SOUTHBRIDGE,MA,1550,WORCESTER,225.0,209.0,492.0,341.0,3.0,86.0,high,Acute Care Hospitals,Voluntary non-profit - Private,Yes
220020,SAINT ANNE'S HOSPITAL,FALL RIVER,MA,2721,BRISTOL,191.0,194.0,154.0,,5.0,42.0,high,Acute Care Hospitals,Proprietary,Yes
220024,HOLYOKE MEDICAL CENTER,HOLYOKE,MA,1040,HAMPDEN,262.0,253.0,482.0,,3.0,,high,Acute Care Hospitals,Voluntary non-profit - Private,Yes
220029,ANNA JAQUES HOSPITAL,NEWBURYPORT,MA,1950,ESSEX,206.0,188.0,414.0,340.0,23.0,,low,Acute Care Hospitals,Voluntary non-profit - Private,Yes
220030,BAYSTATE WING HOSPITAL,PALMER,MA,1069,HAMPDEN,230.0,214.0,406.0,412.0,3.0,87.0,medium,Acute Care Hospitals,Voluntary non-profit - Other,Yes
220031,BOSTON MEDICAL CENTER,BOSTON,MA,2118,SUFFOLK,221.0,227.0,129.0,,7.0,56.0,very high,Acute Care Hospitals,Voluntary non-profit - Private,Yes
220033,NORTHEAST HOSPITAL CORPORATION,BEVERLY,MA,1915,ESSEX,203.0,190.0,324.0,232.0,2.0,96.0,very high,Acute Care Hospitals,Voluntary non-profit - Private,Yes
220035,NORTH SHORE MEDICAL CENTER -,SALEM,MA,1970,ESSEX,276.0,271.0,430.0,,7.0,65.0,very high,Acute Care Hospitals,Voluntary non-profit - Private,Yes
220036,BOSTON MEDICAL CENTER-BRIGHTON,BRIGHTON,MA,2135,SUFFOLK,152.0,146.0,230.0,,1.0,,medium,Acute Care Hospitals,Proprietary,Yes
220046,BERKSHIRE MEDICAL CENTER,PITTSFIELD,MA,1201,BERKSHIRE,268.0,254.0,489.0,,5.0,71.0,high,Acute Care Hospitals,Voluntary non-profit - Other,Yes
220049,MARLBOROUGH HOSPITAL,MARLBOROUGH,MA,1752,MIDDLESEX,233.0,226.0,404.0,428.0,5.0,78.0,medium,Acute Care Hospitals,Voluntary non-profit - Private,Yes
220052,SIGNATURE HEALTHCARE BROCKTON HOSPITAL,BROCKTON,MA,2302,PLYMOUTH,230.0,208.0,614.0,,2.0,62.0,medium,Acute Care Hospitals,Voluntary non-profit - Other,Yes
220060,BETH ISRAEL DEACONESS HOSPITAL PLYMOUTH,PLYMOUTH,MA,2360,PLYMOUTH,237.0,237.0,180.0,308.0,2.0,57.0,high,Acute Care Hospitals,Voluntary non-profit - Private,Yes
220062,ADCARE HOSPITAL OF WORCESTER INC,WORCESTER,MA,1605,WORCESTER,,,,,,,,Acute Care Hospitals,Proprietary,No
220063,LOWELL GENERAL HOSPITAL,LOWELL,MA,1854,MIDDLESEX,267.0,267.0,218.0,,9.0,78.0,very high,Acute Care Hospitals,Voluntary non-profit - Private,Yes
220065,BAYSTATE NOBLE HOSPITAL,WESTFIELD,MA,1086,HAMPDEN,232.0,215.0,300.0,440.0,6.0,,medium,Acute Care Hospitals,Voluntary non-profit - Private,Yes
220066,MERCY MEDICAL CTR,SPRINGFIELD,MA,1104,HAMPDEN,279.0,275.0,560.0,,8.0,,high,Acute Care Hospitals,Voluntary non-profit - Private,Yes
220070,MELROSEWAKEFIELD HEALTHCARE,MELROSE,MA,2176,MIDDLESEX,200.0,190.0,344.0,,1.0,92.0,medium,Acute Care Hospitals,Voluntary non-profit - Private,Yes
220071,MASSACHUSETTS GENERAL HOSPITAL,BOSTON,MA,2114,SUFFOLK,286.0,288.0,78.0,,4.0,27.0,very high,Acute Care Hospitals,Voluntary non-profit - Private,Yes
220073,BROWN UNIVERSITY HEALTH MORTON HOSPITAL,TAUNTON,MA,2780,BRISTOL,207.0,209.0,104.0,,7.0,90.0,high,Acute Care Hospitals,Proprietary,Yes
220074,SOUTHCOAST HOSPITALS GROUP,FALL RIVER,MA,2720,BRISTOL,194.0,190.0,265.0,265.0,4.0,80.0,very high,Acute Care Hospitals,Voluntary non-profit - Private,Yes
220075,MASSACHUSETTS EYE AND EAR INFIRMARY -,BOSTON,MA,2114,SUFFOLK,174.0,174.0,,,3.0,,medium,Acute Care Hospitals,Voluntary non-profit - Private,Yes
220077,BAYSTATE MEDICAL CENTER,SPRINGFIELD,MA,1199,HAMPDEN,306.0,286.0,762.0,,4.0,,very high,Acute Care Hospitals,Voluntary non-profit - Private,Yes
220080,HOLY FAMILY HOSPITAL,METHUEN,MA,1844,ESSEX,241.0,238.0,298.0,,5.0,56.0,high,Acute Care Hospitals,Proprietary,Yes
220083,BETH ISRAEL DEACONESS HOSPITAL - NEEDHAM,NEEDHAM,MA,2494,NORFOLK,208.0,196.0,230.0,292.0,1.0,64.0,medium,Acute Care Hospitals,Voluntary non-profit - Private,Yes
220084,EMERSON HOSPITAL -,W CONCORD,MA,1742,MIDDLESEX,212.0,208.0,233.0,339.0,2.0,75.0,medium,Acute Care Hospitals,Voluntary non-profit - Private,Yes
220086,BETH ISRAEL DEACONESS MEDICAL CENTER,BOSTON,MA,2215,SUFFOLK,336.0,336.0,314.0,,2.0,,high,Acute Care Hospitals,Voluntary non-profit - Private,Yes
220088,NEW ENGLAND BAPTIST HOSPITAL,BOSTON,MA,2120,SUFFOLK,,,,,,,,Acute Care Hospitals,Voluntary non-profit - Private,No
220090,MILFORD REGIONAL MEDICAL CENTER,MILFORD,MA,1757,WORCESTER,288.0,274.0,579.0,347.0,3.0,55.0,high,Acute Care Hospitals,Voluntary non-profit - Other,Yes
220095,HEYWOOD HOSPITAL -,GARDNER,MA,1440,WORCESTER,202.0,192.0,265.0,266.0,3.0,64.0,low,Acute Care Hospitals,Voluntary non-profit - Private,Yes
220098,NASHOBA VALLEY MEDICAL CENTER,AYER,MA,1432,MIDDLESEX,,,,,,,,Acute Care Hospitals,Proprietary,Yes
220100,SOUTH SHORE HOSPITAL,SOUTH WEYMOUTH,MA,2190,NORFOLK,237.0,233.0,332.0,,2.0,53.0,very high,Acute Care Hospitals,Voluntary non-profit - Private,Yes
220101,NEWTON-WELLESLEY HOSPITAL,NEWTON,MA,2462,MIDDLESEX,268.0,265.0,348.0,,3.0,53.0,very high,Acute Care Hospitals,Voluntary non-profit - Private,Yes
220105,WINCHESTER HOSPITAL,WINCHESTER,MA,1890,MIDDLESEX,242.0,233.0,424.0,292.0,3.0,,high,Acute Care Hospitals,Voluntary non-profit - Private,Yes
220108,BETH ISRAEL DEACONESS HOSPITAL - MILTON,MILTON,MA,2186,NORFOLK,226.0,218.0,664.0,350.0,4.0,,medium,Acute Care Hospitals,Government - Federal,Yes
220110,BRIGHAM AND WOMEN'S HOSPITAL,BOSTON,MA,2115,SUFFOLK,305.0,300.0,274.0,528.0,5.0,,very high,Acute Care Hospitals,Voluntary non-profit - Private,Yes
220111,GOOD SAMARITAN MEDICAL CENTER,BROCKTON,MA,2301,PLYMOUTH,276.0,264.0,643.0,281.0,6.0,62.0,high,Acute Care Hospitals,Proprietary,Yes
220116,TUFTS MEDICAL CENTER,BOSTON,MA,2111,SUFFOLK,212.0,208.0,308.0,,4.0,,high,Acute Care Hospitals,Voluntary non-profit - Private,Yes
220119,BRIGHAM AND WOMEN FAULKNER HOSPITAL,JAMAICA PLAIN,MA,2130,SUFFOLK,263.0,256.0,269.0,376.0,3.0,,medium,Acute Care Hospitals,Voluntary non-profit - Private,Yes
220126,NORWOOD HOSPITAL,NORWOOD,MA,2062,NORFOLK,,,,,,,,Acute Care Hospitals,Proprietary,Yes
220135,FALMOUTH HOSPITAL,FALMOUTH,MA,2540,BARNSTABLE,169.0,160.0,366.0,299.0,1.0,82.0,medium,Acute Care Hospitals,Voluntary non-profit - Private,Yes
220163,UMASS MEMORIAL MEDICAL CENTER/UNIVERSITY CAMPUS,WORCESTER,MA,1655,WORCESTER,297.0,291.0,844.0,,8.0,38.0,very high,Acute Care Hospitals,Voluntary non-profit - Private,Yes
220171,"LAHEY HOSPITAL & MEDICAL CENTER, BURLINGTON",BURLINGTON,MA,1803,MIDDLESEX,227.0,226.0,424.0,,5.0,,very high,Acute Care Hospitals,Voluntary non-profit - Private,Yes
220175,METROWEST MEDICAL CENTER,FRAMINGHAM,MA,1701,MIDDLESEX,221.0,205.0,437.0,388.0,3.0,,medium,Acute Care Hospitals,Voluntary non-profit - Private,Yes
220176,ST VINCENT HOSPITAL,WORCESTER,MA,1608,WORCESTER,206.0,206.0,142.0,399.0,4.0,,high,Acute Care Hospitals,Proprietary,Yes
220177,NANTUCKET COTTAGE HOSPITAL,NANTUCKET,MA,2554,NANTUCKET,125.0,120.0,381.0,,0.0,,low,Acute Care Hospitals,Voluntary non-profit - Private,Yes
221300,MARTHA'S VINEYARD HOSPITAL INC,OAK BLUFFS,MA,2557,DUKES,168.0,157.0,338.0,477.0,1.0,,low,Critical Access Hospitals,Voluntary non-profit - Private,Yes
221302,FAIRVIEW HOSPITAL,GREAT BARRINGTON,MA,1230,BERKSHIRE,119.0,113.0,,312.0,1.0,62.0,low,Critical Access Hospitals,Voluntary non-profit - Private,Yes
221303,ATHOL MEMORIAL HOSPITAL,ATHOL,MA,1331,WORCESTER,194.0,174.0,375.0,397.0,2.0,,low,Critical Access Hospitals,Voluntary non-profit - Private,Yes
221304,NORTH ADAMS REGIONAL HOSPITAL CORPORATION,NORTH ADAMS,MA,1247,BERKSHIRE,166.0,154.0,199.0,351.0,,71.0,,Critical Access Hospitals,Government - Federal,Yes
223300,FRANCISCAN CHILDREN'S HOSPITAL & REHAB CENTER,BRIGHTON,MA,2135,SUFFOLK,,,,,,,,Childrens,Voluntary non-profit - Private,No
223302,BOSTON CHILDREN'S HOSPITAL,BOSTON,MA,2115,SUFFOLK,,,,,,,,Childrens,Voluntary non-profit - Private,Yes
223304,THE SHRINERS' HOSPITAL FOR CHILDREN - BOSTON,BOSTON,MA,2114,SUFFOLK,,,,,,,,Childrens,Proprietary,No
230002,ST JOE MERCY HOSPITAL SYSTEM LIVONIA,LIVONIA,MI,48154,WAYNE,251.0,241.0,483.0,,3.0,88.0,high,Acute Care Hospitals,Voluntary non-profit - Private,Yes
230003,COREWELL HEALTH ZEELAND HOSPITAL,ZEELAND,MI,49464,OTTAWA,147.0,143.0,145.0,518.0,1.0,82.0,medium,Acute Care Hospitals,Voluntary non-profit - Private,Yes
230005,PROMEDICA CHARLES AND VIRGINIA HICKMAN HOSPITAL,ADRIAN,MI,49221,LENAWEE,182.0,172.0,245.0,437.0,2.0,97.0,medium,Acute Care Hospitals,Voluntary non-profit - Private,Yes
230015,THREE RIVERS HEALTH,THREE RIVERS,MI,49093,ST. JOSEPH,157.0,146.0,252.0,334.0,4.0,33.0,low,Acute Care Hospitals,Government - Hospital District or Authority,No
230017,BRONSON METHODIST HOSPITAL,KALAMAZOO,MI,49007,KALAMAZOO,235.0,235.0,247.0,,8.0,,very high,Acute Care Hospitals,Voluntary non-profit - Private,Yes
230019,"ASCENSION PROVIDENCE HOSPITAL, SOUTHFIELD AND NOVI",SOUTHFIELD,MI,48075,OAKLAND,200.0,196.0,355.0,320.0,,,,Acute Care Hospitals,Voluntary non-profit - Church,Yes
230020,BEAUMONT HOSPITAL - DEARBORN,DEARBORN,MI,48124,WAYNE,205.0,202.0,680.0,,0.0,,very high,Acute Care Hospitals,Voluntary non-profit - Private,Yes
230021,"LAKELAND HOSPITAL, ST JOSEPH",ST JOSEPH,MI,49085,BERRIEN,156.0,153.0,202.0,,2.0,86.0,very high,Acute Care Hospitals,Voluntary non-profit - Private,Yes
230022,INSIGHT HOSPITAL AND MEDICAL CENTER COLDWATER,COLDWATER,MI,49036,BRANCH,158.0,150.0,354.0,433.0,1.0,,low,Acute Care Hospitals,Government - Local,Yes
230024,SINAI-GRACE HOSPITAL,DETROIT,MI,48235,WAYNE,153.0,143.0,424.0,,4.0,,very high,Acute Care Hospitals,Proprietary,Yes
230029,TRINITY HEALTH OAKLAND HOSPITAL,PONTIAC,MI,48341,OAKLAND,198.0,200.0,179.0,,1.0,,high,Acute Care Hospitals,Voluntary non-profit - Private,Yes
230030,MYMICHIGAN MEDICAL CENTER ALMA,ALMA,MI,48801,GRATIOT,214.0,200.0,398.0,362.0,4.0,92.0,low,Acute Care Hospitals,Voluntary non-profit - Private,Yes
230031,LAKE HURON MEDICAL CENTER,PORT HURON,MI,48060,ST. CLAIR,168.0,168.0,,,4.0,,low,Acute Care Hospitals,Voluntary non-profit - Church,Yes
230035,SPECTRUM HEALTH UNITED HOSPITAL,GREENVILLE,MI,48838,MONTCALM,145.0,137.0,277.0,385.0,1.0,,medium,Acute Care Hospitals,Voluntary non-profit - Other,No
230036,MYMICHIGAN MEDICAL CENTER ALPENA,ALPENA,MI,49707,ALPENA,244.0,229.0,433.0,497.0,5.0,61.0,medium,Acute Care Hospitals,Proprietary,Yes
230037,HILLSDALE HOSPITAL,HILLSDALE,MI,49242,HILLSDALE,182.0,180.0,212.0,192.0,1.0,62.0,low,Acute Care Hospitals,Voluntary non-profit - Private,Yes
230038,SPECTRUM HEALTH,GRAND RAPIDS,MI,49503,KENT,173.0,170.0,240.0,,2.0,81.0,very high,Acute Care Hospitals,Voluntary non-profit - Private,Yes
230041,MCLAREN BAY REGION,BAY CITY,MI,48708,BAY,186.0,169.0,382.0,236.0,1.0,,medium,Acute Care Hospitals,Voluntary non-profit - Private,Yes
230046,UNIVERSITY OF MICHIGAN HEALTH SYSTEM,ANN ARBOR,MI,48109,WASHTENAW,342.0,345.0,356.0,,3.0,38.0,very high,Acute Care Hospitals,Voluntary non-profit - Private,Yes
230047,HENRY FORD MACOMB HOSPITAL,CLINTON TOWNSHIP,MI,48038,MACOMB,316.0,306.0,544.0,,5.0,,very high,Acute Care Hospitals,Voluntary non-profit - Private,Yes
230053,HENRY FORD HEALTH HOSPITAL,DETROIT,MI,48202,WAYNE,216.0,208.0,267.0,364.0,5.0,29.0,very high,Acute Care Hospitals,Voluntary non-profit - Private,Yes
230054,UPHS MARQUETTE DLP HOSPITAL,MARQUETTE,MI,49855,MARQUETTE,190.0,188.0,227.0,,3.0,85.0,medium,Acute Care Hospitals,Government - Local,Yes
230055,DICKINSON COUNTY MEMORIAL HOSPITAL,IRON MOUNTAIN,MI,49801,DICKINSON,183.0,174.0,370.0,407.0,3.0,39.0,low,Acute Care Hospitals,Government - Local,Yes
230058,MUNSON HEALTHCARE GRAYLING HOSPITAL,GRAYLING,MI,49738,CRAWFORD,185.0,180.0,260.0,367.0,2.0,79.0,low,Acute Care Hospitals,Voluntary non-profit - Church,Yes
230059,MERCY HEALTH SAINT MARY'S,GRAND RAPIDS,MI,49503,KENT,136.0,136.0,126.0,,1.0,,very high,Acute Care Hospitals,Voluntary non-profit - Church,Yes
230066,TRINITY HEALTH MUSKEGON HOSPITAL,MUSKEGON,MI,49441,MUSKEGON,222.0,220.0,262.0,,3.0,90.0,very high,Acute Care Hospitals,Voluntary non-profit - Private,Yes
230069,TRINITY HEALTH LIVINGSTON HOSPITAL,HOWELL,MI,48843,LIVINGSTON,166.0,163.0,167.0,273.0,1.0,41.0,high,Acute Care Hospitals,Voluntary non-profit - Other,Yes
230070,COVENANT MEDICAL CENTER,SAGINAW,MI,48602,SAGINAW,203.0,198.0,230.0,,7.0,74.0,very high,Acute Care Hospitals,Voluntary non-profit - Private,Yes
230071,STRAITH HOSPITAL FOR SPECIAL SURGERY,SOUTHFIELD,MI,48033,OAKLAND,,,,,,,,Acute Care Hospitals,Voluntary non-profit - Private,No
230072,HOLLAND HOSPITAL,HOLLAND,MI,49423,OTTAWA,165.0,160.0,200.0,,2.0,81.0,medium,Acute Care Hospitals,Voluntary non-profit - Private,Yes
230075,BRONSON BATTLE CREEK HOSPITAL,BATTLE CREEK,MI,49017,CALHOUN,193.0,191.0,188.0,288.0,3.0,69.0,high,Acute Care Hospitals,Proprietary,Yes
230077,MYMICHIGAN MEDICAL CENTER SAGINAW,SAGINAW,MI,48601,SAGINAW,170.0,165.0,,,,,,Acute Care Hospitals,Voluntary non-profit - Church,Yes
230078,COREWELL HEALTH WATERVLIET HOSPITAL,WATERVLIET,MI,49098,BERRIEN,102.0,99.0,,312.0,1.0,,low,Acute Care Hospitals,Voluntary non-profit - Private,Yes
230080,MCLAREN CENTRAL MICHIGAN,MOUNT PLEASANT,MI,48858,ISABELLA,136.0,126.0,179.0,367.0,1.0,100.0,low,Acute Care Hospitals,Voluntary non-profit - Private,Yes
230081,MUNSON HEALTHCARE CADILLAC HOSPITAL,CADILLAC,MI,49601,WEXFORD,162.0,156.0,238.0,315.0,4.0,79.0,medium,Acute Care Hospitals,Voluntary non-profit - Church,Yes
230085,BRONSON SOUTH HAVEN HOSPITAL,SOUTH HAVEN,MI,49090,VAN BUREN,142.0,136.0,220.0,398.0,1.0,,low,Acute Care Hospitals,Government - Hospital District or Authority,Yes
230089,BEAUMONT HOSPITAL - GROSSE POINTE,GROSSE POINTE,MI,48230,WAYNE,163.0,162.0,,,3.0,73.0,very high,Acute Care Hospitals,Voluntary non-profit - Private,Yes
230092,HENRY FORD ALLEGIANCE HEALTH,JACKSON,MI,49201,JACKSON,218.0,213.0,307.0,,1.0,61.0,very high,Acute Care Hospitals,Voluntary non-profit - Other,Yes
230093,COREWELL HEALTH BIG RAPIDS HOSPITAL,BIG RAPIDS,MI,49307,MECOSTA,153.0,148.0,228.0,426.0,2.0,85.0,medium,Acute Care Hospitals,Voluntary non-profit - Private,Yes
230095,MYMICHIGAN MEDICAL CENTER WEST BRANCH,WEST BRANCH,MI,48661,OGEMAW,207.0,193.0,318.0,498.0,3.0,80.0,low,Acute Care Hospitals,Government - Local,Yes
230097,MUNSON MEDICAL CENTER,TRAVERSE CITY,MI,49684,GRAND TRAVERSE,270.0,259.0,384.0,,3.0,,high,Acute Care Hospitals,Voluntary non-profit - Other,Yes
230099,PROMEDICA MONROE REGIONAL HOSPITAL,MONROE,MI,48162,MONROE,176.0,172.0,244.0,306.0,2.0,83.0,high,Acute Care Hospitals,Voluntary non-profit - Other,Yes
230100,TAWAS ST JOSEPH HOSPITAL,TAWAS CITY,MI,48764,IOSCO,127.0,113.0,257.0,354.0,,74.0,,Acute Care Hospitals,Government - Hospital District or Authority,Yes
230104,HARPER UNIVERSITY HOSPITAL,DETROIT,MI,48201,WAYNE,163.0,162.0,122.0,301.0,2.0,,medium,Acute Care Hospitals,Proprietary,Yes
230105,MCLAREN NORTHERN MICHIGAN,PETOSKEY,MI,49770,EMMET,163.0,157.0,341.0,,2.0,77.0,medium,Acute Care Hospitals,Voluntary non-profit - Other,Yes
230108,UP HEALTH SYSTEM PORTAGE,HANCOCK,MI,49930,HOUGHTON,152.0,140.0,474.0,518.0,2.0,,low,Acute Care Hospitals,Voluntary non-profit - Other,Yes
230110,COREWELL HEALTH LUDINGTON HOSPITAL,LUDINGTON,MI,49431,MASON,147.0,138.0,222.0,363.0,2.0,,medium,Acute Care Hospitals,Voluntary non-profit - Private,Yes
230117,BORGESS MEDICAL CENTER,KALAMAZOO,MI,49048,KALAMAZOO,215.0,212.0,301.0,,,,,Acute Care Hospitals,Voluntary non-profit - Other,Yes
230121,MEMORIAL HEALTHCARE,OWOSSO,MI,48867,SHIAWASSEE,189.0,181.0,348.0,429.0,2.0,,medium,Acute Care Hospitals,Voluntary non-profit - Other,Yes
230130,BEAUMONT HOSPITAL ROYAL OAK,ROYAL OAK,MI,48073,OAKLAND,268.0,266.0,462.0,,4.0,,very high,Acute Care Hospitals,Voluntary non-profit - Private,Yes
230132,HURLEY MEDICAL CENTER,FLINT,MI,48503,GENESEE,191.0,190.0,196.0,244.0,9.0,,very high,Acute Care Hospitals,Voluntary non-profit - Other,Yes
230133,MUNSON HEALTHCARE OTSEGO MEMORIAL HOSPITAL,GAYLORD,MI,49735,OTSEGO,188.0,177.0,340.0,425.0,4.0,73.0,medium,Acute Care Hospitals,Voluntary non-profit - Private,No
230141,MCLAREN FLINT,FLINT,MI,48532,GENESEE,186.0,178.0,428.0,,2.0,,high,Acute Care Hospitals,Voluntary non-profit - Private,Yes
230142,COREWELL HEALTH WAYNE HOSPITAL,WAYNE,MI,48184,WAYNE,156.0,148.0,384.0,216.0,3.0,90.0,high,Acute Care Hospitals,Voluntary non-profit - Private,Yes
230144,FOREST HEALTH MEDICAL CENTER,YPSILANTI,MI,48198,WASHTENAW,,,,,,,,Acute Care Hospitals,Government - Hospital District or Authority,No
230146,WYANDOTTE HOSPITAL AND MEDICAL CENTER,WYANDOTTE,MI,48192,WAYNE,180.0,169.0,324.0,311.0,2.0,78.0,very high,Acute Care Hospitals,Voluntary non-profit - Private,Yes
230151,BEAUMONT HOSPITAL - FARMINGTON HILLS,FARMINGTON HILLS,MI,48336,OAKLAND,173.0,170.0,972.0,,2.0,87.0,very high,Acute Care Hospitals,Voluntary non-profit - Private,Yes
230156,TRINITY HEALTH ANN ARBOR HOSPITAL,ANN ARBOR,MI,48106,WASHTENAW,242.0,241.0,326.0,,2.0,,very high,Acute Care Hospitals,Voluntary non-profit - Church,Yes
230165,HENRY FORD HEALTH ST JOHN HOSPITAL,DETROIT,MI,48236,WAYNE,174.0,170.0,932.0,,,50.0,,Acute Care Hospitals,Voluntary non-profit - Church,Yes
230167,MCLAREN GREATER LANSING,LANSING,MI,48910,INGHAM,266.0,261.0,391.0,,3.0,,medium,Acute Care Hospitals,Voluntary non-profit - Private,Yes
230174,TRINITY HEALTH GRAND HAVEN HOSPITAL,GRAND HAVEN,MI,49417,OTTAWA,83.0,76.0,,362.0,2.0,,low,Acute Care Hospitals,Government - Hospital District or Authority,Yes
230176,COREWELL HEALTH TRENTON HOSPITAL,TRENTON,MI,48183,WAYNE,199.0,198.0,790.0,,0.0,,medium,Acute Care Hospitals,Voluntary non-profit - Private,Yes
230180,MYMICHIGAN MEDICAL CENTER CLARE,CLARE,MI,48617,CLARE,159.0,152.0,296.0,432.0,3.0,72.0,medium,Acute Care Hospitals,Voluntary non-profit - Other,No
230193,MCLAREN LAPEER REGION,LAPEER,MI,48446,LAPEER,187.0,186.0,258.0,,2.0,,medium,Acute Care Hospitals,Voluntary non-profit - Private,Yes
230195,Henry Ford Health Warren Hospital,WARREN,MI,48093,MACOMB,213.0,203.0,358.0,160.0,,63.0,,Acute Care Hospitals,Voluntary non-profit - Private,Yes
230197,ASCENSION GENESYS HOSPITAL,GRAND BLANC,MI,48439,GENESEE,231.0,231.0,322.0,,,75.0,,Acute Care Hospitals,Voluntary non-profit - Church,Yes
230207,MCLAREN OAKLAND,PONTIAC,MI,48342,OAKLAND,106.0,103.0,136.0,,0.0,71.0,high,Acute Care Hospitals,Voluntary non-profit - Private,Yes
230208,UNIVERSITY OF MICHIGAN HEALTH-SPARROW CARSON,CARSON CITY,MI,48811,MONTCALM,98.0,91.0,,248.0,0.0,,low,Acute Care Hospitals,Voluntary non-profit - Other,Yes
230216,MCLAREN PORT HURON,PORT HURON,MI,48061,WAYNE,234.0,231.0,325.0,,1.0,,medium,Acute Care Hospitals,Voluntary non-profit - Private,Yes
230217,OAKLAWN HOSPITAL,MARSHALL,MI,49068,CALHOUN,163.0,159.0,283.0,258.0,1.0,,medium,Acute Care Hospitals,Voluntary non-profit - Other,Yes
230222,MYMICHIGAN MEDICAL CENTER MIDLAND,MIDLAND,MI,48670,MIDLAND,156.0,153.0,,,2.0,76.0,very high,Acute Care Hospitals,Voluntary non-profit - Other,No
230227,MCLAREN MACOMB,MOUNT CLEMENS,MI,48043,MACOMB,176.0,172.0,267.0,,1.0,,medium,Acute Care Hospitals,Voluntary non-profit - Private,Yes
230230,EDWARD W SPARROW HOSPITAL,LANSING,MI,48912,INGHAM,302.0,299.0,726.0,609.0,3.0,,very high,Acute Care Hospitals,Voluntary non-profit - Other,Yes
230236,UNIVERSITY OF MICHIGAN HEALTH - WEST,WYOMING,MI,49519,KENT,188.0,188.0,197.0,,3.0,,high,Acute Care Hospitals,Voluntary non-profit - Private,Yes
230239,CHIPPEWA COUNTY WAR MEMORIAL HOSPITAL,SAULT STE MARIE,MI,49783,CHIPPEWA,138.0,128.0,248.0,548.0,3.0,67.0,low,Acute Care Hospitals,Voluntary non-profit - Private,Yes
230241,ASCENSION RIVER DISTRICT HOSPITAL,EAST CHINA,MI,48054,ST. CLAIR,134.0,122.0,186.0,220.0,,,,Acute Care Hospitals,Government - Hospital District or Authority,Yes
230244,GARDEN CITY HOSPITAL,GARDEN CITY,MI,48135,WAYNE,122.0,114.0,175.0,,0.0,,high,Acute Care Hospitals,Voluntary non-profit - Private,Yes
230254,ASCENSION PROVIDENCE ROCHESTER HOSPITAL,ROCHESTER,MI,48307,OAKLAND,193.0,187.0,383.0,,,,,Acute Care Hospitals,Voluntary non-profit - Private,Yes
230259,CHELSEA HOSPITAL,CHELSEA,MI,48118,WASHTENAW,197.0,196.0,,333.0,1.0,,medium,Acute Care Hospitals,Voluntary non-profit - Private,Yes
230264,SOUTHEAST MICHIGAN SURGICAL HOSPITAL LLC,WARREN,MI,48091,MACOMB,,,,,,,,Acute Care Hospitals,Voluntary non-profit - Private,No
230269,"BEAUMONT HOSPITAL, TROY",TROY,MI,48085,OAKLAND,202.0,203.0,165.0,,2.0,62.0,very high,Acute Care Hospitals,Voluntary non-profit - Private,Yes
230270,BEAUMONT HOSPITAL - TAYLOR,TAYLOR,MI,48180,WAYNE,190.0,187.0,233.0,202.0,1.0,,medium,Acute Care Hospitals,Voluntary non-profit - Private,Yes
230273,DETROIT RECEIVING HOSPITAL,DETROIT,MI,48201,WAYNE,152.0,139.0,279.0,376.0,2.0,,high,Acute Care Hospitals,Proprietary,Yes
230275,HEALTHSOURCE SAGINAW,SAGINAW,MI,48603,SAGINAW,,,,,,,,Acute Care Hospitals,Voluntary non-profit - Other,Yes
230277,HURON VALLEY-SINAI HOSPITAL,COMMERCE TOWNSHIP,MI,48382,OAKLAND,157.0,155.0,264.0,,1.0,,medium,Acute Care Hospitals,Proprietary,Yes
230279,HENRY FORD HEALTH BRIGHTON CENTER FOR RECOVERY,BRIGHTON,MI,48116,LIVINGSTON,,,,,,,,Acute Care Hospitals,Voluntary non-profit - Private,No
230297,KARMANOS CANCER CENTER,DETROIT,MI,48201,WAYNE,,,,,,,,Acute Care Hospitals,Proprietary,No
230301,SURGEONS CHOICE MEDICAL CENTER,SOUTHFIELD,MI,48075,OAKLAND,,,,,,,,Acute Care Hospitals,Proprietary,No
230302,HENRY FORD HEALTH WEST BLOOMFIELD HOSPITAL,W BLOOMFIELD,MI,48322,OAKLAND,244.0,242.0,408.0,,5.0,,high,Acute Care Hospitals,Voluntary non-profit - Private,Yes
230303,MUNSON HEALTHCARE MANISTEE HOSPITAL,MANISTEE,MI,49660,MANISTEE,131.0,125.0,182.0,437.0,1.0,,low,Acute Care Hospitals,Voluntary non-profit - Other,Yes
230779,STURGIS HOSPITAL,STURGIS,MI,49091,ST. JOSEPH,,,,,,,,Rural Emergency Hospital,Government - Local,Yes
231300,PAUL OLIVER MEMORIAL HOSPITAL,FRANKFORT,MI,49635,BENZIE,116.0,108.0,,302.0,0.0,,low,Critical Access Hospitals,Government - Local,Yes
231301,KALKASKA MEMORIAL HEALTH CENTER,KALKASKA,MI,49646,KALKASKA,116.0,108.0,,271.0,1.0,64.0,low,Critical Access Hospitals,Government - Hospital District or Authority,Yes
231303,SCHOOLCRAFT MEMORIAL HOSPITAL,MANISTIQUE,MI,49854,SCHOOLCRAFT,172.0,164.0,256.0,347.0,2.0,,low,Critical Access Hospitals,Government - Local,Yes
231304,HELEN NEWBERRY JOY HOSPITAL,NEWBERRY,MI,49868,LUCE,125.0,112.0,249.0,432.0,0.0,,low,Critical Access Hospitals,Government - Local,Yes
231305,SAINT MARY'S STANDISH COMMUNITY HOSPITAL,STANDISH,MI,48658,ARENAC,108.0,100.0,,315.0,0.0,,low,Critical Access Hospitals,Voluntary non-profit - Church,Yes
231306,MACKINAC STRAITS HOSPITAL AND HEALTH CENTER,SAINT IGNACE,MI,49781,MACKINAC,128.0,122.0,227.0,328.0,1.0,,low,Critical Access Hospitals,Voluntary non-profit - Private,Yes
231307,BARAGA COUNTY MEMORIAL HOSPITAL,L' ANSE,MI,49946,BARAGA,150.0,130.0,338.0,276.0,,,,Critical Access Hospitals,Government - Local,Yes
231308,MUNISING MEMORIAL HOSPITAL,MUNISING,MI,49862,ALGER,122.0,106.0,143.0,277.0,0.0,,low,Critical Access Hospitals,Voluntary non-profit - Private,Yes
231310,SCHEURER HOSPITAL,PIGEON,MI,48755,HURON,116.0,101.0,200.0,273.0,0.0,,low,Critical Access Hospitals,Voluntary non-profit - Other,Yes
231311,DECKERVILLE COMMUNITY HOSPITAL,DECKERVILLE,MI,48427,SANILAC,96.0,85.0,181.0,205.0,0.0,,low,Critical Access Hospitals,Voluntary non-profit - Private,Yes
231312,SHERIDAN COMMUNITY HOSPITAL,SHERIDAN,MI,48884,MONTCALM,56.0,55.0,74.0,,0.0,,low,Critical Access Hospitals,Voluntary non-profit - Private,Yes
231313,HARBOR BEACH COMMUNITY HOSPITAL,HARBOR BEACH,MI,48441,HURON,120.0,100.0,190.0,222.0,,,,Critical Access Hospitals,Voluntary non-profit - Private,Yes
231314,MCKENZIE HEALTH SYSTEM,SANDUSKY,MI,48471,SANILAC,142.0,133.0,580.0,233.0,0.0,,low,Critical Access Hospitals,Voluntary non-profit - Private,Yes
231315,ASCENSION BORGESS LEE HOSPITAL,DOWAGIAC,MI,49047,CASS,80.0,74.0,129.0,350.0,0.0,,low,Critical Access Hospitals,Voluntary non-profit - Church,Yes
231316,HILLS & DALES GENERAL HOSPITAL,CASS CITY,MI,48726,TUSCOLA,96.0,91.0,,195.0,0.0,,low,Critical Access Hospitals,Voluntary non-profit - Private,Yes
231318,"ASPIRUS IRON RIVER HOSPITAL & CLINICS, INC",IRON RIVER,MI,49935,IRON,122.0,113.0,169.0,430.0,,,,Critical Access Hospitals,Voluntary non-profit - Other,Yes
231319,ASPIRUS KEWEENAW HOSPITAL AND CLINICS,LAURIUM,MI,49913,HOUGHTON,102.0,96.0,137.0,399.0,,,,Critical Access Hospitals,Voluntary non-profit - Private,Yes
231320,MERCY HEALTH LAKESHORE CAMPUS,SHELBY,MI,49455,OCEANA,105.0,103.0,,266.0,1.0,73.0,low,Critical Access Hospitals,Voluntary non-profit - Private,Yes
231321,BELL HOSPITAL,ISHPEMING,MI,49849,MARQUETTE,138.0,130.0,290.0,412.0,2.0,,low,Critical Access Hospitals,Proprietary,Yes
231322,CHARLEVOIX AREA HOSPITAL,CHARLEVOIX,MI,49720,CHARLEVOIX,135.0,133.0,256.0,,1.0,,low,Critical Access Hospitals,Voluntary non-profit - Other,Yes
231323,COREWELL HEALTH REED CITY HOSPITAL,REED CITY,MI,49677,OSCEOLA,116.0,107.0,221.0,312.0,1.0,82.0,low,Critical Access Hospitals,Voluntary non-profit - Private,Yes
231324,EATON RAPIDS MEDICAL CENTER,EATON RAPIDS,MI,48827,EATON,124.0,116.0,182.0,252.0,2.0,,low,Critical Access Hospitals,Voluntary non-profit - Private,Yes
231325,MYMICHIGAN MEDICAL CENTER GLADWIN,GLADWIN,MI,48624,GLADWIN,141.0,133.0,,342.0,1.0,71.0,low,Critical Access Hospitals,Voluntary non-profit - Private,Yes
231326,UNIVERSITY OF MICHIGAN HEALTH- SPARROW CLINTON,SAINT JOHNS,MI,48879,CLINTON,192.0,182.0,,360.0,1.0,,low,Critical Access Hospitals,Proprietary,Yes
231327,UNIVERSITY OF MICHIGAN HEALTH - SPARROW EATON,CHARLOTTE,MI,48813,EATON,186.0,168.0,396.0,373.0,1.0,,low,Critical Access Hospitals,Voluntary non-profit - Other,Yes
231328,BEACON ALLEGAN,ALLEGAN,MI,49010,ALLEGAN,101.0,94.0,111.0,289.0,0.0,,low,Critical Access Hospitals,Voluntary non-profit - Private,Yes
231329,MCLAREN CARO REGION,CARO,MI,48723,TUSCOLA,80.0,72.0,227.0,234.0,0.0,,low,Critical Access Hospitals,Voluntary non-profit - Private,Yes
231330,MARLETTE REGIONAL HOSPITAL,MARLETTE,MI,48453,SANILAC,114.0,106.0,,210.0,1.0,,low,Critical Access Hospitals,Voluntary non-profit - Private,Yes
231331,SPARROW IONIA HOSPITAL,IONIA,MI,48846,IONIA,166.0,158.0,375.0,362.0,1.0,,low,Critical Access Hospitals,Voluntary non-profit - Private,Yes
231332,BRONSON LAKEVIEW HOSPITAL,PAW PAW,MI,49079,VAN BUREN,159.0,153.0,,288.0,2.0,,medium,Critical Access Hospitals,Voluntary non-profit - Private,Yes
231333,ASPIRUS IRONWOOD HOSPITAL,IRONWOOD,MI,49938,GOGEBIC,149.0,134.0,362.0,328.0,,83.0,,Critical Access Hospitals,Voluntary non-profit - Private,Yes
231337,OSF ST FRANCIS HOSPITAL AND MEDICAL GROUP,ESCANABA,MI,49829,DELTA,146.0,129.0,304.0,272.0,1.0,85.0,low,Critical Access Hospitals,Voluntary non-profit - Church,Yes
231338,COREWELL HEALTH GERBER HOSPITAL,FREMONT,MI,49412,NEWAYGO,148.0,145.0,218.0,404.0,2.0,100.0,medium,Critical Access Hospitals,Voluntary non-profit - Private,Yes
231339,COREWELL HEALTH PENNOCK HOSPITAL,HASTINGS,MI,49058,BARRY,138.0,132.0,152.0,429.0,1.0,83.0,low,Critical Access Hospitals,Voluntary non-profit - Other,Yes
231340,MCLAREN THUMB REGION,BAD AXE,MI,48413,HURON,137.0,119.0,171.0,328.0,1.0,,low,Critical Access Hospitals,Voluntary non-profit - Private,Yes
233300,CHILDREN'S HOSPITAL OF MICHIGAN,DETROIT,MI,48201,WAYNE,,,,,,,,Childrens,Proprietary,Yes
240001,NORTH MEMORIAL HEALTH HOSPITAL,ROBBINSDALE,MN,55422,HENNEPIN,207.0,204.0,354.0,,6.0,45.0,very high,Acute Care Hospitals,Voluntary non-profit - Private,Yes
240002,ESSENTIA HEALTH ST MARY'S MEDICAL CENTER,DULUTH,MN,55805,ST. LOUIS,221.0,201.0,494.0,471.0,3.0,,high,Acute Care Hospitals,Voluntary non-profit - Private,Yes
240004,HENNEPIN COUNTY MEDICAL CENTER,MINNEAPOLIS,MN,55415,HENNEPIN,244.0,235.0,356.0,,4.0,,very high,Acute Care Hospitals,Government - Local,Yes
240006,OLMSTED MEDICAL CENTER,ROCHESTER,MN,55904,OLMSTED,138.0,135.0,162.0,301.0,1.0,,medium,Acute Care Hospitals,Voluntary non-profit - Private,Yes
240010,MAYO CLINIC HOSPITAL ROCHESTER,ROCHESTER,MN,55902,OLMSTED,252.0,246.0,327.0,,3.0,58.0,very high,Acute Care Hospitals,Voluntary non-profit - Church,Yes
240014,NORTHFIELD HOSPITAL,NORTHFIELD,MN,55057,RICE,146.0,144.0,211.0,278.0,1.0,,low,Acute Care Hospitals,Government - Local,Yes
240018,MAYO CLINIC HEALTH SYSTEM IN RED WING,RED WING,MN,55066,GOODHUE,160.0,152.0,,332.0,2.0,67.0,low,Acute Care Hospitals,Voluntary non-profit - Private,Yes
240019,ESSENTIA HEALTH DULUTH,DULUTH,MN,55805,ST. LOUIS,,,,,,,,Acute Care Hospitals,Voluntary non-profit - Private,No
240020,CAMBRIDGE MEDICAL CENTER,CAMBRIDGE,MN,55008,ISANTI,148.0,140.0,159.0,519.0,1.0,,low,Acute Care Hospitals,Voluntary non-profit - Private,Yes
240022,SANFORD WORTHINGTON MEDICAL CENTER,WORTHINGTON,MN,56187,NOBLES,121.0,115.0,211.0,266.0,1.0,,low,Acute Care Hospitals,Voluntary non-profit - Private,Yes
240030,ALOMERE HEALTH,ALEXANDRIA,MN,56308,DOUGLAS,147.0,136.0,275.0,274.0,1.0,72.0,low,Acute Care Hospitals,Government - Local,Yes
240036,CENTRACARE - ST. CLOUD HOSPITAL,SAINT CLOUD,MN,56303,STEARNS,218.0,217.0,257.0,,6.0,,high,Acute Care Hospitals,Voluntary non-profit - Private,Yes
240038,ALLINA UNITED HOSPITAL,SAINT PAUL,MN,55102,RAMSEY,185.0,182.0,226.0,,3.0,,very high,Acute Care Hospitals,Voluntary non-profit - Private,Yes
240040,RANGE REGIONAL HEALTH SERVICES,HIBBING,MN,55746,ST. LOUIS,173.0,169.0,219.0,290.0,4.0,,low,Acute Care Hospitals,Voluntary non-profit - Other,No
240043,MAYO CLINIC HEALTH SYSTEM - ALBERT LEA AND AUSTIN,ALBERT LEA,MN,56007,FREEBORN,138.0,124.0,371.0,371.0,2.0,82.0,high,Acute Care Hospitals,Voluntary non-profit - Private,Yes
240044,WINONA HEALTH SERVICES,WINONA,MN,55987,WINONA,148.0,142.0,205.0,247.0,1.0,94.0,low,Acute Care Hospitals,Voluntary non-profit - Private,Yes
240047,ST LUKES HOSPITAL,DULUTH,MN,55805,ST. LOUIS,229.0,227.0,316.0,,4.0,,medium,Acute Care Hospitals,Voluntary non-profit - Private,Yes
240050,FAIRVIEW LAKES HEALTH SERVICES,WYOMING,MN,55092,CHISAGO,192.0,186.0,240.0,464.0,2.0,90.0,medium,Acute Care Hospitals,Voluntary non-profit - Private,Yes
240053,PARK NICOLLET METHODIST HOSPITAL,SAINT LOUIS PARK,MN,55426,HENNEPIN,257.0,257.0,238.0,,3.0,,very high,Acute Care Hospitals,Voluntary non-profit - Private,Yes
240056,RIDGEVIEW MEDICAL CENTER,WACONIA,MN,55387,CARVER,152.0,140.0,283.0,361.0,2.0,74.0,high,Acute Care Hospitals,Voluntary non-profit - Private,Yes
240057,ABBOTT NORTHWESTERN HOSPITAL,MINNEAPOLIS,MN,55407,HENNEPIN,185.0,183.0,262.0,,3.0,,very high,Acute Care Hospitals,Voluntary non-profit - Private,Yes
240064,GRAND ITASCA CLINIC AND HOSPITAL,GRAND RAPIDS,MN,55744,ITASCA,159.0,149.0,205.0,450.0,3.0,92.0,low,Acute Care Hospitals,Voluntary non-profit - Private,Yes
240066,LAKEVIEW MEMORIAL HOSPITAL,STILLWATER,MN,55082,WASHINGTON,173.0,168.0,248.0,300.0,1.0,,low,Acute Care Hospitals,Voluntary non-profit - Other,Yes
240069,OWATONNA HOSPITAL,OWATONNA,MN,55060,STEELE,122.0,116.0,221.0,414.0,1.0,,low,Acute Care Hospitals,Voluntary non-profit - Other,Yes
240071,ALLINA HEALTH FARIBAULT MEDICAL CENTER,FARIBAULT,MN,55021,RICE,136.0,128.0,160.0,440.0,1.0,,low,Acute Care Hospitals,Voluntary non-profit - Private,Yes
240075,ESSENTIA HEALTH ST JOSEPH'S MEDICAL CENTER,BRAINERD,MN,56401,CROW WING,125.0,114.0,356.0,424.0,1.0,83.0,medium,Acute Care Hospitals,Voluntary non-profit - Private,Yes
240076,BUFFALO HOSPITAL,BUFFALO,MN,55313,WRIGHT,150.0,138.0,216.0,364.0,1.0,,medium,Acute Care Hospitals,Voluntary non-profit - Other,No
240078,M HEALTH FAIRVIEW SOUTHDALE HOSPITAL,EDINA,MN,55435,HENNEPIN,211.0,204.0,324.0,,4.0,73.0,very high,Acute Care Hospitals,Voluntary non-profit - Private,Yes
240080,M HEALTH FAIRVIEW UNIVERSITY OF MN MEDICAL CENTER,MINNEAPOLIS,MN,55454,HENNEPIN,183.0,174.0,318.0,,2.0,,high,Acute Care Hospitals,Voluntary non-profit - Private,Yes
240084,ESSENTIA HEALTH VIRGINIA,VIRGINIA,MN,55792,ST. LOUIS,148.0,131.0,339.0,318.0,3.0,,low,Acute Care Hospitals,Government - Local,No
240088,CENTRACARE- RICE MEMORIAL HOSPITAL,WILLMAR,MN,56201,KANDIYOHI,153.0,146.0,244.0,394.0,3.0,88.0,low,Acute Care Hospitals,Government - Local,Yes
240093,MAYO CLINIC HEALTH SYSTEM - MANKATO,MANKATO,MN,56002,BLUE EARTH,190.0,183.0,254.0,544.0,2.0,90.0,medium,Acute Care Hospitals,Voluntary non-profit - Private,Yes
240100,SANFORD BEMIDJI MEDICAL CENTER,BEMIDJI,MN,56601,BELTRAMI,202.0,193.0,305.0,,4.0,59.0,medium,Acute Care Hospitals,Voluntary non-profit - Private,Yes
240101,ESSENTIA HEALTH ST MARYS - DETROIT LAKES,DETROIT LAKES,MN,56501,BECKER,152.0,140.0,217.0,272.0,1.0,62.0,low,Acute Care Hospitals,Voluntary non-profit - Church,No
240104,ST FRANCIS REGIONAL MEDICAL CENTER,SHAKOPEE,MN,55379,SCOTT,152.0,151.0,165.0,,1.0,,very high,Acute Care Hospitals,Voluntary non-profit - Church,Yes
240106,REGIONS HOSPITAL,SAINT PAUL,MN,55101,RAMSEY,235.0,231.0,277.0,,4.0,58.0,very high,Acute Care Hospitals,Voluntary non-profit - Private,Yes
240115,MERCY HOSPITAL,COON RAPIDS,MN,55433,ANOKA,188.0,178.0,252.0,,3.0,79.0,very high,Acute Care Hospitals,Voluntary non-profit - Private,Yes
240141,FAIRVIEW NORTHLAND REGIONAL HOSPITAL,PRINCETON,MN,55371,MILLE LACS,152.0,150.0,238.0,320.0,1.0,,medium,Acute Care Hospitals,Voluntary non-profit - Other,Yes
240166,MAYO CLINIC HEALTH SYSTEM - FAIRMONT,FAIRMONT,MN,56031,MARTIN,105.0,99.0,198.0,358.0,0.0,,low,Acute Care Hospitals,Voluntary non-profit - Private,Yes
240187,HUTCHINSON HEALTH,HUTCHINSON,MN,55350,MC LEOD,154.0,140.0,248.0,312.0,1.0,83.0,low,Acute Care Hospitals,Voluntary non-profit - Private,Yes
240206,RED LAKE HOSPITAL,REDLAKE,MN,56671,BELTRAMI,86.0,82.0,59.0,218.0,4.0,,low,Acute Care Hospitals,Government - Federal,No
240207,M HEALTH FAIRVIEW RIDGES HOSPITAL,BURNSVILLE,MN,55337,DAKOTA,193.0,190.0,298.0,,2.0,79.0,very high,Acute Care Hospitals,Voluntary non-profit - Church,Yes
240210,M HEALTH FAIRVIEW ST JOHN'S HOSPITAL,MAPLEWOOD,MN,55109,RAMSEY,192.0,188.0,241.0,,2.0,85.0,high,Acute Care Hospitals,Voluntary non-profit - Private,Yes
240213,M HEALTH FAIRVIEW WOODWINDS HOSPITAL,WOODBURY,MN,55125,WASHINGTON,163.0,158.0,219.0,,2.0,,medium,Acute Care Hospitals,Voluntary non-profit - Private,Yes
240214,MAPLE GROVE HOSPITAL,MAPLE GROVE,MN,55369,HENNEPIN,203.0,194.0,231.0,408.0,3.0,62.0,high,Acute Care Hospitals,Voluntary non-profit - Private,Yes
240779,MAHNOMEN HEALTH CENTER,MAHNOMEN,MN,56557,MAHNOMEN,,,,,,,,Rural Emergency Hospital,Government - Local,Yes
241301,LAKEWOOD HEALTH CENTER,BAUDETTE,MN,56623,LAKE OF  WOODS,128.0,118.0,189.0,289.0,0.0,,low,Critical Access Hospitals,Voluntary non-profit - Church,Yes
241302,SANFORD WESTBROOK MEDICAL CENTER,WESTBROOK,MN,56183,COTTONWOOD,117.0,112.0,113.0,230.0,0.0,,low,Critical Access Hospitals,Voluntary non-profit - Private,Yes
241303,SANFORD TRACY MEDICAL CENTER,TRACY,MN,56175,LYON,122.0,116.0,,204.0,0.0,,low,Critical Access Hospitals,Voluntary non-profit - Private,Yes
241304,SANFORD WHEATON MEDICAL CENTER,WHEATON,MN,56296,TRAVERSE,109.0,103.0,,167.0,0.0,,low,Critical Access Hospitals,Voluntary non-profit - Private,No
241305,RIVERWOOD HEALTHCARE CENTER,AITKIN,MN,56431,AITKIN,98.0,96.0,112.0,,3.0,,low,Critical Access Hospitals,Voluntary non-profit - Private,Yes
241306,OLIVIA HOSPITAL & CLINIC,OLIVIA,MN,56277,RENVILLE,134.0,124.0,193.0,241.0,0.0,,low,Critical Access Hospitals,Voluntary non-profit - Private,Yes
241308,ASPIRUS LAKE VIEW HOSPITAL,TWO HARBORS,MN,55616,LAKE,140.0,124.0,189.0,305.0,0.0,,low,Critical Access Hospitals,Voluntary non-profit - Private,Yes
241309,ESSENTIA HEALTH SANDSTONE,SANDSTONE,MN,55072,PINE,117.0,102.0,327.0,241.0,1.0,,low,Critical Access Hospitals,Voluntary non-profit - Private,Yes
241311,RIDGEVIEW SIBLEY MEDICAL CENTER,ARLINGTON,MN,55307,SIBLEY,120.0,113.0,,304.0,0.0,,low,Critical Access Hospitals,Voluntary non-profit - Private,Yes
241312,COOK HOSPITAL,COOK,MN,55723,ST. LOUIS,116.0,113.0,,,,,,Critical Access Hospitals,Government - Hospital District or Authority,Yes
241313,ESSENTIA HEALTH ADA,ADA,MN,56510,NORMAN,113.0,99.0,,233.0,0.0,,low,Critical Access Hospitals,Voluntary non-profit - Private,Yes
241314,JOHNSON MEMORIAL HOSPITAL,DAWSON,MN,56232,LAC QUI PARLE,128.0,126.0,159.0,,0.0,,low,Critical Access Hospitals,Government - Hospital District or Authority,Yes
241315,SANFORD JACKSON MEDICAL CENTER,JACKSON,MN,56143,JACKSON,134.0,124.0,180.0,223.0,1.0,,low,Critical Access Hospitals,Voluntary non-profit - Private,Yes
241316,BIGFORK VALLEY HOSPITAL,BIGFORK,MN,56628,ITASCA,224.0,125.0,550.0,362.0,,,,Critical Access Hospitals,Government - Hospital District or Authority,Yes
241317,NORTH SHORE HEALTH,GRAND MARAIS,MN,55604,COOK,138.0,129.0,,220.0,1.0,,low,Critical Access Hospitals,Government - Hospital District or Authority,Yes
241318,ELY - BLOOMENSON COMMUNITY HOSPITAL,ELY,MN,55731,ST. LOUIS,106.0,100.0,136.0,,,,,Critical Access Hospitals,Voluntary non-profit - Private,Yes
241319,MURRAY COUNTY MEMORIAL HOSPITAL,SLAYTON,MN,56172,MURRAY,118.0,116.0,,,0.0,,low,Critical Access Hospitals,Government - Local,Yes
241320,RIVERVIEW HOSPITAL,CROOKSTON,MN,56716,POLK,84.0,78.0,150.0,211.0,0.0,,low,Critical Access Hospitals,Voluntary non-profit - Private,Yes
241321,ESSENTIA HEALTH HOLY TRINITY HOSPITAL,GRACEVILLE,MN,56240,BIG STONE,136.0,131.0,,170.0,0.0,,low,Critical Access Hospitals,Voluntary non-profit - Private,Yes
241322,RAINY LAKE MEDICAL CENTER,INTERNATIONAL FALLS,MN,56649,KOOCHICHING,141.0,131.0,,347.0,1.0,,low,Critical Access Hospitals,Voluntary non-profit - Private,Yes
241323,MADELIA HEALTH,MADELIA,MN,56062,WATONWAN,131.0,121.0,188.0,327.0,2.0,,low,Critical Access Hospitals,Voluntary non-profit - Other,Yes
241325,CHIPPEWA COUNTY HOSPITAL,MONTEVIDEO,MN,56265,CHIPPEWA,111.0,106.0,169.0,243.0,0.0,,low,Critical Access Hospitals,Government - Local,Yes
241326,CENTRACARE - LONG PRAIRIE HOSPITAL,LONG PRAIRIE,MN,56347,TODD,133.0,123.0,216.0,304.0,0.0,,low,Critical Access Hospitals,Voluntary non-profit - Private,Yes
241327,SLEEPY EYE MEDICAL CENTER,SLEEPY EYE,MN,56085,BROWN,117.0,107.0,235.0,274.0,,,,Critical Access Hospitals,Government - Local,Yes
241328,SANFORD BAGLEY MEDICAL CENTER,BAGLEY,MN,56621,CLEARWATER,248.0,160.0,352.0,255.0,2.0,,low,Critical Access Hospitals,Voluntary non-profit - Private,Yes
241329,LAKEWOOD HEALTH SYSTEM,STAPLES,MN,56479,TODD,127.0,126.0,276.0,,0.0,82.0,low,Critical Access Hospitals,Voluntary non-profit - Private,Yes
241330,CENTRACARE HEALTH SYSTEM - MELROSE HOSPITAL,MELROSE,MN,56352,STEARNS,150.0,141.0,,280.0,0.0,,low,Critical Access Hospitals,Voluntary non-profit - Private,No
241332,WINDOM AREA HEALTH,WINDOM,MN,56101,COTTONWOOD,123.0,99.0,214.0,194.0,0.0,,low,Critical Access Hospitals,Government - Local,Yes
241333,MAYO CLINIC HEALTH SYSTEM ST. JAMES,ST JAMES,MN,56081,WATONWAN,106.0,98.0,163.0,303.0,0.0,,low,Critical Access Hospitals,Voluntary non-profit - Private,Yes
241334,RIVER'S EDGE HOSPITAL & CLINIC,ST PETER,MN,56082,NICOLLET,134.0,128.0,167.0,371.0,1.0,,low,Critical Access Hospitals,Government - Local,Yes
241335,ST ELIZABETH MEDICAL CENTER,WABASHA,MN,55981,WABASHA,107.0,95.0,,260.0,0.0,,low,Critical Access Hospitals,Proprietary,Yes
241336,KITTSON HEALTHCARE,HALLOCK,MN,56728,KITTSON,122.0,111.0,,243.0,0.0,,low,Critical Access Hospitals,Voluntary non-profit - Private,Yes
241337,NORTH VALLEY HEALTH CENTER,WARREN,MN,56762,MARSHALL,120.0,114.0,307.0,210.0,0.0,,low,Critical Access Hospitals,Voluntary non-profit - Private,Yes
241338,MAYO CLINIC HEALTH SYSTEM - LAKE CITY,LAKE CITY,MN,55041,WABASHA,119.0,110.0,250.0,256.0,0.0,67.0,low,Critical Access Hospitals,Voluntary non-profit - Private,Yes
241339,HENDRICKS COMMUNITY HOSPITAL,HENDRICKS,MN,56136,LINCOLN,118.0,115.0,,191.0,0.0,,low,Critical Access Hospitals,Voluntary non-profit - Private,Yes
241340,ESSENTIA HEALTH NORTHERN PINES MEDICAL CENTER,AURORA,MN,55705,ST. LOUIS,134.0,112.0,458.0,235.0,0.0,,low,Critical Access Hospitals,Voluntary non-profit - Private,Yes
241341,APPLETON AREA HEALTH,APPLETON,MN,56208,SWIFT,139.0,137.0,126.0,294.0,1.0,,low,Critical Access Hospitals,Government - Local,Yes
241342,ORTONVILLE AREA HEALTH SERVICES,ORTONVILLE,MN,56278,BIG STONE,132.0,120.0,151.0,193.0,0.0,,low,Critical Access Hospitals,Government - Local,Yes
241343,AVERA GRANITE FALLS,GRANITE FALLS,MN,56241,YELLOW MEDCINE,105.0,99.0,130.0,198.0,,,,Critical Access Hospitals,Voluntary non-profit - Private,Yes
241344,LIFECARE MEDICAL CENTER,ROSEAU,MN,56751,ROSEAU,124.0,117.0,,239.0,0.0,,low,Critical Access Hospitals,Voluntary non-profit - Private,Yes
241345,MAYO CLINIC HEALTH SYSTEM - WASECA,WASECA,MN,56093,WASECA,99.0,94.0,123.0,335.0,1.0,,low,Critical Access Hospitals,Voluntary non-profit - Private,Yes
241346,MAYO CLINIC HEALTH SYSTEM - CANNON FALLS,CANNON FALLS,MN,55009,GOODHUE,93.0,85.0,124.0,235.0,0.0,,low,Critical Access Hospitals,Voluntary non-profit - Private,Yes
241347,SANFORD CANBY MEDICAL CENTER,CANBY,MN,56220,YELLOW MEDCINE,114.0,106.0,,187.0,0.0,,low,Critical Access Hospitals,Government - Hospital District or Authority,Yes
241348,AVERA TYLER HOSPITAL,TYLER,MN,56178,LINCOLN,121.0,112.0,112.0,222.0,,,,Critical Access Hospitals,Voluntary non-profit - Private,Yes
241349,CENTRACARE - PAYNESVILLE HOSPITAL,PAYNESVILLE,MN,56362,STEARNS,130.0,124.0,,270.0,0.0,,low,Critical Access Hospitals,Voluntary non-profit - Private,Yes
241350,ESSENTIA HEALTH MOOSE LAKE,MOOSE LAKE,MN,55767,CARLTON,129.0,112.0,195.0,224.0,0.0,,low,Critical Access Hospitals,Government - Hospital District or Authority,Yes
241351,CENTRACARE - REDWOOD,REDWOOD FALLS,MN,56283,REDWOOD,135.0,128.0,185.0,326.0,0.0,91.0,low,Critical Access Hospitals,Government - Local,Yes
241353,CUYUNA REGIONAL MEDICAL CENTER,CROSBY,MN,56441,CROW WING,108.0,102.0,125.0,181.0,1.0,,low,Critical Access Hospitals,Government - Hospital District or Authority,Yes
241354,ASTERA HEALTH,WADENA,MN,56482,WADENA,150.0,138.0,296.0,278.0,0.0,,low,Critical Access Hospitals,Voluntary non-profit - Other,Yes
241355,GLENCOE REGIONAL HEALTH,GLENCOE,MN,55336,MC LEOD,162.0,158.0,340.0,334.0,1.0,,low,Critical Access Hospitals,Voluntary non-profit - Other,Yes
241356,MILLE LACS HEALTH SYSTEM,ONAMIA,MN,56359,MILLE LACS,44.0,42.0,,81.0,1.0,31.0,low,Critical Access Hospitals,Voluntary non-profit - Other,Yes
241357,ESSENTIA HEALTH FOSSTON,FOSSTON,MN,56542,POLK,92.0,84.0,,168.0,1.0,,low,Critical Access Hospitals,Voluntary non-profit - Private,Yes
241358,CASS LAKE INDIAN HEALTH SERVICES HOSPITAL,CASS LAKE,MN,56633,CASS,71.0,68.0,175.0,174.0,3.0,,low,Critical Access Hospitals,Government - Federal,Yes
241359,AVERA MARSHALL REGIONAL MEDICAL CTR,MARSHALL,MN,56258,LYON,134.0,126.0,214.0,268.0,0.0,71.0,low,Critical Access Hospitals,Voluntary non-profit - Private,Yes
241360,ESSENTIA HEALTH DEER RIVER,DEER RIVER,MN,56636,ITASCA,101.0,91.0,250.0,282.0,1.0,,low,Critical Access Hospitals,Voluntary non-profit - Private,Yes
241361,MAYO CLINIC HEALTH SYSTEM NEW PRAGUE,NEW PRAGUE,MN,56071,SCOTT,128.0,117.0,142.0,317.0,1.0,,low,Critical Access Hospitals,Voluntary non-profit - Private,Yes
241362,CENTRACARE HEALTH - MONTICELLO,MONTICELLO,MN,55362,WRIGHT,146.0,132.0,235.0,278.0,1.0,90.0,low,Critical Access Hospitals,Voluntary non-profit - Private,Yes
241363,STEVENS COMMUNITY MEDICAL CENTER INC,MORRIS,MN,56267,STEVENS,220.0,166.0,343.0,219.0,0.0,,low,Critical Access Hospitals,Voluntary non-profit - Private,Yes
241364,COMMUNITY MEMORIAL HOSPITAL,CLOQUET,MN,55720,CARLTON,129.0,123.0,,261.0,1.0,,low,Critical Access Hospitals,Voluntary non-profit - Private,Yes
241365,CENTRACARE - BENSON,BENSON,MN,56215,SWIFT,125.0,116.0,245.0,272.0,0.0,,low,Critical Access Hospitals,Government - Hospital District or Authority,Yes
241366,MEEKER MEMORIAL HOSPITAL,LITCHFIELD,MN,55355,MEEKER,129.0,122.0,333.0,428.0,,,,Critical Access Hospitals,Government - Local,Yes
241367,WELIA HEALTH,MORA,MN,55051,KANABEC,145.0,137.0,192.0,378.0,1.0,,low,Critical Access Hospitals,Government - Local,Yes
241368,CENTRACARE HEALTH SYSTEM - SAUK CENTRE,SAUK CENTRE,MN,56378,STEARNS,116.0,109.0,168.0,224.0,0.0,,low,Critical Access Hospitals,Voluntary non-profit - Private,Yes
241369,UNITED HOSPITAL DISTRICT,BLUE EARTH,MN,56013,FARIBAULT,131.0,128.0,144.0,261.0,1.0,,low,Critical Access Hospitals,Government - Hospital District or Authority,Yes
241370,ST GABRIELS HOSPITAL,LITTLE FALLS,MN,56345,MORRISON,148.0,141.0,278.0,242.0,1.0,85.0,low,Critical Access Hospitals,Voluntary non-profit - Private,Yes
241371,SANFORD LUVERNE MEDICAL CENTER,LUVERNE,MN,56156,ROCK,121.0,116.0,198.0,226.0,0.0,,low,Critical Access Hospitals,Voluntary non-profit - Private,Yes
241372,MADISON HOSPITAL,MADISON,MN,56256,LAC QUI PARLE,110.0,108.0,114.0,123.0,1.0,,low,Critical Access Hospitals,Voluntary non-profit - Private,Yes
241373,PERHAM HEALTH,PERHAM,MN,56573,OTTER TAIL,140.0,135.0,192.0,228.0,0.0,,low,Critical Access Hospitals,Government - Hospital District or Authority,Yes
241374,PIPESTONE COUNTY  MEDICAL CENTER,PIPESTONE,MN,56164,PIPESTONE,139.0,132.0,180.0,228.0,,,,Critical Access Hospitals,Government - Local,Yes
241375,MINNESOTA VALLEY HEALTH CENTER  INC,LE SUEUR,MN,56058,LE SUEUR,126.0,105.0,210.0,294.0,0.0,,low,Critical Access Hospitals,Voluntary non-profit - Private,Yes
241376,GLACIAL RIDGE HOSPITAL,GLENWOOD,MN,56334,POPE,149.0,140.0,192.0,227.0,0.0,,low,Critical Access Hospitals,Government - Hospital District or Authority,Yes
241377,ST FRANCIS MEDICAL CENTER,BRECKENRIDGE,MN,56520,WILKIN,119.0,110.0,141.0,278.0,1.0,,low,Critical Access Hospitals,Voluntary non-profit - Church,Yes
241378,NEW ULM MEDICAL CENTER,NEW ULM,MN,56073,BROWN,103.0,100.0,118.0,391.0,0.0,,low,Critical Access Hospitals,Voluntary non-profit - Private,Yes
241379,PRAIRIE RIDGE HOSPITAL AND HEALTH SERVICES,ELBOW LAKE,MN,56531,GRANT,141.0,128.0,235.0,225.0,0.0,,low,Critical Access Hospitals,Voluntary non-profit - Private,Yes
241380,ST JOSEPHS AREA  HEALTH SERVICES,PARK RAPIDS,MN,56470,HUBBARD,155.0,151.0,183.0,348.0,3.0,,low,Critical Access Hospitals,Voluntary non-profit - Private,Yes
241381,SANFORD THIEF RIVER FALLS MEDICAL CENTER,THIEF RIVER FALLS,MN,56701,PENNINGTON,112.0,107.0,179.0,292.0,0.0,64.0,low,Critical Access Hospitals,Voluntary non-profit - Private,Yes
243300,GILLETTE CHILDRENS SPECIALTY HOSPITAL,SAINT PAUL,MN,55106,RAMSEY,,,,,,,,Childrens,Government - Hospital District or Authority,No
243302,CHILDREN'S HOSPITALS & CLINICS OF MN,MINNEAPOLIS,MN,55404,HENNEPIN,,,,,,,,Childrens,Voluntary non-profit - Private,Yes
250001,UNIVERSITY OF MISSISSIPPI MED CENTER,JACKSON,MS,39216,HINDS,197.0,189.0,305.0,,10.0,,very high,Acute Care Hospitals,Government - State,Yes
250002,TISHOMINGO HEALTH SERVICES INC,IUKA,MS,38852,TISHOMINGO,108.0,108.0,147.0,,1.0,,low,Acute Care Hospitals,Voluntary non-profit - Private,Yes
250004,NORTH MISSISSIPPI MEDICAL CENTER,TUPELO,MS,38801,LEE,206.0,203.0,,,2.0,67.0,very high,Acute Care Hospitals,Voluntary non-profit - Private,Yes
250006,BAPTIST MEMORIAL HOSPITAL UNION COUNTY,NEW ALBANY,MS,38652,UNION,146.0,144.0,168.0,248.0,1.0,,medium,Acute Care Hospitals,Voluntary non-profit - Other,Yes
250007,Memorial Hospital Biloxi,BILOXI,MS,39530,HARRISON,158.0,153.0,239.0,246.0,2.0,,medium,Acute Care Hospitals,Proprietary,Yes
250009,MAGNOLIA REGIONAL HEALTH CENTER,CORINTH,MS,38834,ALCORN,142.0,138.0,146.0,333.0,2.0,50.0,medium,Acute Care Hospitals,Voluntary non-profit - Other,Yes
250017,PROGRESSIVE HEALTH GROUP OF HOUSTON,HOUSTON,MS,38851,CHICKASAW,,,,,,,,Acute Care Hospitals,Proprietary,No
250018,JASPER GENERAL HOSPITAL,BAY SPRINGS,MS,39422,JASPER,,,,,,,,Acute Care Hospitals,Government - Local,No
250019,MEMORIAL HOSPITAL AT GULFPORT,GULFPORT,MS,39502,HARRISON,161.0,157.0,336.0,,3.0,44.0,very high,Acute Care Hospitals,Government - Local,Yes
250020,WEBSTER GENERAL HOSPITAL/ SWING BED,EUPORA,MS,39744,WEBSTER,82.0,83.0,,,1.0,,low,Acute Care Hospitals,Voluntary non-profit - Other,Yes
250025,NORTH MISSISSIPPI MEDICAL CENTER-GILMORE AMORY,AMORY,MS,38821,MONROE,162.0,161.0,,,1.0,,medium,Acute Care Hospitals,Proprietary,Yes
250027,WINSTON MEDICAL CENTER,LOUISVILLE,MS,39339,WINSTON,112.0,109.0,108.0,254.0,2.0,38.0,low,Acute Care Hospitals,Voluntary non-profit - Private,Yes
250031,MERIT HEALTH RIVER REGION,VICKSBURG,MS,39183,WARREN,129.0,123.0,429.0,378.0,1.0,55.0,low,Acute Care Hospitals,Proprietary,Yes
250034,BAPTIST MEMORIAL HOSPITAL NORTH MS,OXFORD,MS,38655,LAFAYETTE,161.0,157.0,192.0,256.0,1.0,74.0,high,Acute Care Hospitals,Voluntary non-profit - Private,Yes
250036,GEORGE REGIONAL HEALTH SYSTEM,LUCEDALE,MS,39452,GEORGE,135.0,132.0,,286.0,6.0,,low,Acute Care Hospitals,Government - Local,Yes
250038,MERIT HEALTH MADISON,CANTON,MS,39046,MADISON,144.0,136.0,,331.0,2.0,,low,Acute Care Hospitals,Proprietary,Yes
250040,SINGING RIVER HEALTH SYSTEM,PASCAGOULA,MS,39581,JACKSON,179.0,176.0,278.0,,9.0,75.0,very high,Acute Care Hospitals,Government - Local,Yes
250042,NORTHWEST MISSISSISSIPPI REGIONAL MEDICAL CENTER,CLARKSDALE,MS,38614,COAHOMA,180.0,172.0,,406.0,2.0,73.0,low,Acute Care Hospitals,Proprietary,Yes
250043,NESHOBA COUNTY GENERAL HOSPITAL,PHILADELPHIA,MS,39350,NESHOBA,99.0,97.0,,171.0,2.0,82.0,medium,Acute Care Hospitals,Government - Local,Yes
250044,BAPTIST MEMORIAL HOSPITAL BOONEVILLE,BOONEVILLE,MS,38829,PRENTISS,103.0,99.0,154.0,235.0,1.0,,low,Acute Care Hospitals,Voluntary non-profit - Church,Yes
250048,ST DOMINIC-JACKSON MEMORIAL HOSPITAL,JACKSON,MS,39216,HINDS,250.0,250.0,301.0,,1.0,,high,Acute Care Hospitals,Voluntary non-profit - Church,Yes
250049,BEACHAM MEMORIAL HOSPITAL,MAGNOLIA,MS,39652,PIKE,,,,,,,,Acute Care Hospitals,Proprietary,No
250050,BAPTIST MEMORIAL HOSPITAL-OKTIBBEHA COUNTY,STARKVILLE,MS,39759,OKTIBBEHA,137.0,133.0,,340.0,3.0,46.0,medium,Acute Care Hospitals,Government - Local,Yes
250057,KING'S DAUGHTERS MEDICAL CENTER-BROOKHAVEN,BROOKHAVEN,MS,39601,LINCOLN,141.0,140.0,,210.0,3.0,89.0,medium,Acute Care Hospitals,Voluntary non-profit - Other,Yes
250058,SOUTH CENTRAL REG MED CTR,LAUREL,MS,39440,JONES,129.0,128.0,,,1.0,80.0,high,Acute Care Hospitals,Government - Local,Yes
250061,YALOBUSHA GENERAL HOSPITAL,WATER VALLEY,MS,38965,YALOBUSHA,,,,,,,,Acute Care Hospitals,Government - Local,No
250067,CLAY COUNTY MEDICAL CORPORATION,WEST POINT,MS,39773,CLAY,110.0,110.0,222.0,,1.0,,low,Acute Care Hospitals,Voluntary non-profit - Private,Yes
250069,OCHSNER RUSH HOSPITAL,MERIDIAN,MS,39301,LAUDERDALE,172.0,169.0,285.0,,1.0,,medium,Acute Care Hospitals,Voluntary non-profit - Private,Yes
250072,MERIT HEALTH CENTRAL,JACKSON,MS,39204,HINDS,94.0,91.0,102.0,,1.0,,medium,Acute Care Hospitals,Proprietary,Yes
250077,WAYNE GENERAL HOSPITAL,WAYNESBORO,MS,39367,WAYNE,136.0,132.0,163.0,299.0,4.0,,low,Acute Care Hospitals,Government - Local,Yes
250078,FORREST GENERAL HOSPITAL,HATTIESBURG,MS,39401,FORREST,226.0,224.0,,,1.0,80.0,very high,Acute Care Hospitals,Government - Local,Yes
250081,ANDERSON REGIONAL MEDICAL CENTER SOUTH CAMPUS,MERIDIAN,MS,39301,LAUDERDALE,,,,,,,,Acute Care Hospitals,Proprietary,Yes
250082,DELTA HEALTH SYSTEM - THE MEDICAL CENTER,GREENVILLE,MS,38701,WASHINGTON,287.0,270.0,674.0,254.0,7.0,,medium,Acute Care Hospitals,Government - Local,Yes
250084,MERIT HEALTH NATCHEZ,NATCHEZ,MS,39120,ADAMS,181.0,175.0,303.0,397.0,2.0,,low,Acute Care Hospitals,Proprietary,Yes
250085,MARION GENERAL HOSPITAL,COLUMBIA,MS,39429,MARION,134.0,126.0,,288.0,3.0,,low,Acute Care Hospitals,Government - Local,Yes
250093,BOLIVAR MEDICAL CENTER,CLEVELAND,MS,38732,BOLIVAR,135.0,127.0,232.0,333.0,2.0,,low,Acute Care Hospitals,Proprietary,Yes
250094,MERIT HEALTH WESLEY,HATTIESBURG,MS,39402,LAMAR,155.0,154.0,,,1.0,73.0,medium,Acute Care Hospitals,Voluntary non-profit - Private,Yes
250095,SOUTH SUNFLOWER COUNTY HOSPITAL,INDIANOLA,MS,38751,SUNFLOWER,,,,,14.0,,low,Acute Care Hospitals,Government - Local,Yes
250096,CROSSGATES RIVER OAKS HOSPITAL,BRANDON,MS,39042,RANKIN,98.0,95.0,,298.0,1.0,,low,Acute Care Hospitals,Proprietary,Yes
250097,SOUTHWEST MS REGIONAL MEDICAL CENTER,MCCOMB,MS,39649,PIKE,123.0,121.0,249.0,,1.0,60.0,medium,Acute Care Hospitals,Government - Local,Yes
250099,GREENWOOD LEFLORE HOSPITAL,GREENWOOD,MS,38930,LEFLORE,201.0,194.0,288.0,488.0,9.0,75.0,low,Acute Care Hospitals,Government - Local,Yes
250100,BMH-GOLDEN TRIANGLE,COLUMBUS,MS,39705,LOWNDES,140.0,138.0,167.0,,0.0,77.0,very high,Acute Care Hospitals,Voluntary non-profit - Private,Yes
250102,MISSISSIPPI BAPTIST MEDICAL CENTER,JACKSON,MS,39202,HINDS,211.0,211.0,,,6.0,85.0,high,Acute Care Hospitals,Voluntary non-profit - Private,Yes
250104,ANDERSON REGIONAL MEDICAL CENTER,MERIDIAN,MS,39301,LAUDERDALE,185.0,185.0,270.0,182.0,4.0,69.0,medium,Acute Care Hospitals,Voluntary non-profit - Private,Yes
250117,HIGHLAND COMMUNITY  HOSPITAL,PICAYUNE,MS,39466,PEARL RIVER,128.0,124.0,,271.0,3.0,67.0,medium,Acute Care Hospitals,Government - Local,Yes
250123,SINGING RIVER GULFPORT,GULFPORT,MS,39503,HARRISON,166.0,165.0,389.0,,5.0,81.0,high,Acute Care Hospitals,Proprietary,Yes
250124,MAGEE GENERAL HOSPITAL,MAGEE,MS,39111,SIMPSON,87.0,84.0,,173.0,1.0,,low,Acute Care Hospitals,Voluntary non-profit - Private,Yes
250127,CHOCTAW HEALTH CENTER,PHILADELPHIA,MS,39350,NESHOBA,94.0,91.0,,244.0,3.0,,low,Acute Care Hospitals,Government - Federal,Yes
250134,WHITFIELD MEDICAL SURGICAL HOSPITAL,WHITFIELD,MS,39193,RANKIN,,,,,,,,Acute Care Hospitals,Government - State,No
250136,MERIT HEALTH WOMEN'S HOSPITAL,FLOWOOD,MS,39232,RANKIN,,,,,,,,Acute Care Hospitals,Proprietary,No
250138,MERIT HEALTH RIVER OAKS,FLOWOOD,MS,39232,RANKIN,134.0,134.0,,,1.0,,medium,Acute Care Hospitals,Proprietary,Yes
250141,BAPTIST MEMORIAL HOSPITAL DESOTO,SOUTHAVEN,MS,38671,DE SOTO,269.0,259.0,357.0,444.0,2.0,82.0,very high,Acute Care Hospitals,Proprietary,Yes
250151,ALLIANCE HEALTH CENTER,MERIDIAN,MS,39301,LAUDERDALE,,,,,,,,Acute Care Hospitals,Proprietary,No
250152,MISSISSIPPI METHODIST REHAB CTR,JACKSON,MS,39216,HINDS,,,,,,,,Acute Care Hospitals,Voluntary non-profit - Private,No
250162,OCHSNER MEDICAL CENTER-HANCOCK,BAY SAINT LOUIS,MS,39520,HANCOCK,154.0,147.0,279.0,362.0,2.0,,low,Acute Care Hospitals,Government - Local,Yes
250167,METHODIST HEALTHCARE - OLIVE BRANCH HOSPITAL,OLIVE BRANCH,MS,38654,DE SOTO,223.0,222.0,,,4.0,,high,Acute Care Hospitals,Voluntary non-profit - Private,Yes
250168,UNIVERSITY OF MISSISSIPPI MEDICAL CENTER- GRENADA,GRENADA,MS,38901,GRENADA,118.0,114.0,,342.0,1.0,,low,Acute Care Hospitals,Government - State,Yes
250172,HIGHLAND HILLS MEDICAL CENTER,SENATOBIA,MS,38668,TATE,128.0,125.0,,346.0,3.0,,low,Acute Care Hospitals,Voluntary non-profit - Private,Yes
250174,"ALLIANCE HEALTHCARE SYSTEM, INC",HOLLY SPRINGS,MS,38635,MARSHALL,,,,,,,,Acute Care Hospitals,Proprietary,No
25039F,81st Medical Group (Keesler AFB),Biloxi,MS,39534,HARRISON,,115.0,,,1.0,,low,Acute Care - Department of Defense,Department of Defense,Yes
250780,JEFFERSON COUNTY HOSPITAL,FAYETTE,MS,39069,JEFFERSON,,,,,,,,Rural Emergency Hospital,Proprietary,Yes
250781,PANOLA MEDICAL CENTER,BATESVILLE,MS,38606,PANOLA,,,,,,,,Rural Emergency Hospital,Proprietary,Yes
250782,GREENE COUNTY HOSPITAL,LEAKESVILLE,MS,39451,GREENE,,,,,,,,Rural Emergency Hospital,Government - Local,Yes
250783,PERRY COUNTY GENERAL HOSPITAL,RICHTON,MS,39476,GREENE,,,,,,,,Rural Emergency Hospital,Government - Local,Yes
250784,SHARKEY ISSAQUENA COMMUNITY HOSPITAL,ROLLING FORK,MS,39159,SHARKEY,,,,,,,,Rural Emergency Hospital,Government - Local,Yes
250785,PROGRESSIVE HEALTH GROUP OF HOUSTON,HOUSTON,MS,38851,CHICKASAW,,,,,,,,Rural Emergency Hospital,Proprietary,Yes
250786,SMITH COUNTY  EMERGENCY HOSPITAL,RALEIGH,MS,39153,SMITH,,,,,,,,Rural Emergency Hospital,Government - Local,Yes
251300,S E LACKEY MEMORIAL HOSPITAL,FOREST,MS,39074,SCOTT,103.0,97.0,174.0,222.0,1.0,,low,Critical Access Hospitals,Voluntary non-profit - Private,Yes
251302,MONROE REGIONAL HOSPITAL,ABERDEEN,MS,39730,MONROE,,,,,,,,Critical Access Hospitals,Voluntary non-profit - Private,Yes
251304,TALLAHATCHIE GENERAL HOSPITAL-CAH,CHARLESTON,MS,38921,TALLAHATCHIE,104.0,99.0,106.0,250.0,,,,Critical Access Hospitals,Government - Local,Yes
251305,LAWRENCE COUNTY HOSPITAL CAH,MONTICELLO,MS,39654,LAWRENCE,,,,,,,,Critical Access Hospitals,Government - Local,Yes
251307,NOXUBEE GENERAL CRITICAL ACCESS HOSP,MACON,MS,39341,NOXUBEE,,,,,,,,Critical Access Hospitals,Government - State,Yes
251308,PONTOTOC HEALTH SERVICE INC CAH,PONTOTOC,MS,38863,PONTOTOC,91.0,88.0,176.0,,1.0,,low,Critical Access Hospitals,Voluntary non-profit - Private,Yes
251309,FIELD HEALTH SYSTEM,CENTREVILLE,MS,39631,WILKINSON,124.0,116.0,101.0,198.0,,,,Critical Access Hospitals,Government - Local,Yes
251312,TYLER HOLMES MEMORIAL HOSPITAL CAH,WINONA,MS,38967,MONTGOMERY,110.0,105.0,,408.0,1.0,,low,Critical Access Hospitals,Government - Local,Yes
251313,BAPTIST MEDICAL CENTER-YAZOO,YAZOO CITY,MS,39194,YAZOO,91.0,82.0,108.0,218.0,2.0,,low,Critical Access Hospitals,Voluntary non-profit - Private,Yes
251315,BAPTIST MEDICAL CENTER-LEAKE,CARTHAGE,MS,39051,LEAKE,100.0,94.0,,246.0,1.0,,low,Critical Access Hospitals,Voluntary non-profit - Private,Yes
251316,OCHSNER WATKINS HOSPITAL,QUITMAN,MS,39355,CLARKE,97.0,90.0,,329.0,1.0,,low,Critical Access Hospitals,Voluntary non-profit - Private,Yes
251317,SIMPSON GENERAL HOSPITAL CAH,MENDENHALL,MS,39114,SIMPSON,100.0,96.0,,216.0,2.0,,low,Critical Access Hospitals,Voluntary non-profit - Private,Yes
251318,NORTH SUNFLOWER MEDICAL CENTER CAH,RULEVILLE,MS,38771,SUNFLOWER,,,,,,,,Critical Access Hospitals,Government - Local,Yes
251319,HOLMES COUNTY HOSPITAL AND CLINICS,LEXINGTON,MS,39095,HOLMES,104.0,101.0,,236.0,3.0,,low,Critical Access Hospitals,Government - State,Yes
251320,CLAIBORNE COUNTY HOSPITAL,PORT GIBSON,MS,39150,CLAIBORNE,,,,,,,,Critical Access Hospitals,Government - Local,Yes
251322,OCHSNER LAIRD HOSPITAL,UNION,MS,39365,NESHOBA,104.0,102.0,,224.0,3.0,,low,Critical Access Hospitals,Voluntary non-profit - Private,Yes
251323,OCHSNER SCOTT REGIONAL,MORTON,MS,39117,SCOTT,86.0,82.0,,224.0,1.0,,low,Critical Access Hospitals,Voluntary non-profit - Private,Yes
251324,WALTHALL COUNTY GENERAL HOSPITAL CAH,TYLERTOWN,MS,39667,WALTHALL,,,,,,,,Critical Access Hospitals,Government - Local,Yes
251325,COVINGTON COUNTY HOSPITAL CAH,COLLINS,MS,39428,COVINGTON,75.0,74.0,,,,,,Critical Access Hospitals,Government - Local,Yes
251326,JEFFERSON DAVIS COMMUNITY HOSPITAL CAH,PRENTISS,MS,39474,JEFFERSON DAVIS,,,,,1.0,,low,Critical Access Hospitals,Government - Local,Yes
251327,COPIAH COUNTY MEDICAL CENTER,HAZLEHURST,MS,39083,COPIAH,,,,,,,,Critical Access Hospitals,Government - Local,Yes
251330,FRANKLIN COUNTY MEMORIAL HOSPITAL,MEADVILLE,MS,39653,FRANKLIN,100.0,95.0,,174.0,,,,Critical Access Hospitals,Government - Local,Yes
251331,BMH-CALHOUN,CALHOUN CITY,MS,38916,CALHOUN,95.0,83.0,165.0,208.0,0.0,,low,Critical Access Hospitals,Voluntary non-profit - Private,Yes
251333,PEARL RIVER COUNTY HOSPITAL,POPLARVILLE,MS,39470,PEARL RIVER,,,,,,,,Critical Access Hospitals,Government - Local,Yes
251334,CHOCTAW REGIONAL MEDICAL CENTER,ACKERMAN,MS,39735,CHOCTAW,109.0,109.0,,,0.0,,low,Critical Access Hospitals,Government - Local,Yes
251335,OCHSNER STENNIS MEMORIAL HOSPITAL,DE KALB,MS,39328,KEMPER,93.0,90.0,,364.0,1.0,,low,Critical Access Hospitals,Voluntary non-profit - Private,Yes
251336,BAPTIST MEDICAL CENTER ATTALA,KOSCIUSKO,MS,39090,ATTALA,80.0,77.0,50.0,206.0,1.0,,low,Critical Access Hospitals,Voluntary non-profit - Other,Yes
251337,TIPPAH COUNTY HOSPITAL,RIPLEY,MS,38663,TIPPAH,84.0,80.0,,212.0,2.0,,low,Critical Access Hospitals,Government - Local,Yes
251339,QUITMAN COMMUNITY HOSPITAL,MARKS,MS,38646,QUITMAN,,,,,,,,Critical Access Hospitals,Government - Local,Yes
251340,NESHOBA COUNTY GENERAL HOSPITAL,PHILADELPHIA,MS,39350,NESHOBA,,,,,,,,Critical Access Hospitals,Government - Local,Yes
260001,MERCY HOSPITAL JOPLIN,JOPLIN,MO,64804,JASPER,226.0,226.0,192.0,,6.0,75.0,high,Acute Care Hospitals,Voluntary non-profit - Church,Yes
260005,SSM ST JOSEPH HEALTH CENTER,SAINT CHARLES,MO,63301,ST. CHARLES,166.0,157.0,315.0,,2.0,,medium,Acute Care Hospitals,Voluntary non-profit - Private,Yes
260006,MOSAIC LIFE CARE AT ST JOSEPH,SAINT JOSEPH,MO,64506,BUCHANAN,156.0,153.0,192.0,,1.0,71.0,high,Acute Care Hospitals,Voluntary non-profit - Private,Yes
260009,BOTHWELL REGIONAL HEALTH CENTER,SEDALIA,MO,65301,PETTIS,208.0,198.0,338.0,322.0,6.0,,medium,Acute Care Hospitals,Government - Local,Yes
260011,SSM HEALTH ST. MARY'S HOSPITAL - JEFFERSON CITY,JEFFERSON CITY,MO,65109,COLE,176.0,168.0,272.0,,2.0,79.0,medium,Acute Care Hospitals,Proprietary,Yes
260017,PHELPS COUNTY REGIONAL MEDICAL CENTER,ROLLA,MO,65401,PHELPS,212.0,211.0,237.0,466.0,2.0,50.0,medium,Acute Care Hospitals,Government - Local,Yes
260020,MERCY HOSPITAL ST LOUIS,SAINT LOUIS,MO,63141,ST. LOUIS,222.0,220.0,233.0,,4.0,67.0,very high,Acute Care Hospitals,Voluntary non-profit - Private,Yes
260022,NORTHEAST REGIONAL MEDICAL CENTER,KIRKSVILLE,MO,63501,ADAIR,155.0,150.0,165.0,276.0,1.0,,low,Acute Care Hospitals,Proprietary,Yes
260023,MERCY HOSPITAL JEFFERSON,CRYSTAL CITY,MO,63019,JEFFERSON,206.0,202.0,211.0,261.0,2.0,92.0,high,Acute Care Hospitals,Voluntary non-profit - Private,Yes
260024,TEXAS COUNTY MEMORIAL HOSPITAL,HOUSTON,MO,65483,TEXAS,141.0,123.0,248.0,250.0,1.0,39.0,low,Acute Care Hospitals,Government - Local,Yes
260025,HANNIBAL REGIONAL HOSPITAL,HANNIBAL,MO,63401,MARION,152.0,145.0,296.0,184.0,2.0,86.0,medium,Acute Care Hospitals,Voluntary non-profit - Other,Yes
260027,RESEARCH MEDICAL CENTER,KANSAS CITY,MO,64132,JACKSON,96.0,90.0,286.0,,0.0,,very high,Acute Care Hospitals,Proprietary,Yes
26002F,General Leonard Wood ACH (FT Leonard Wood),Fort Leonard Wood,MO,65473,PULASKI,,136.0,,,,,,Acute Care - Department of Defense,Department of Defense,Yes
260032,BARNES JEWISH HOSPITAL,SAINT LOUIS,MO,63110,ST. LOUIS CITY,281.0,277.0,376.0,,7.0,,very high,Acute Care Hospitals,Voluntary non-profit - Other,Yes
260034,BATES COUNTY MEMORIAL HOSPITAL,BUTLER,MO,64730,BATES,100.0,95.0,142.0,216.0,0.0,29.0,low,Acute Care Hospitals,Government - Local,Yes
260040,COX MEDICAL CENTERS,SPRINGFIELD,MO,65807,GREENE,219.0,219.0,271.0,,3.0,47.0,very high,Acute Care Hospitals,Voluntary non-profit - Private,Yes
260048,TRUMAN MEDICAL CENTER HOSPITAL HILL,KANSAS CITY,MO,64108,JACKSON,232.0,224.0,332.0,,2.0,,very high,Acute Care Hospitals,Voluntary non-profit - Private,Yes
260052,MERCY HOSPITAL WASHINGTON,WASHINGTON,MO,63090,FRANKLIN,160.0,159.0,159.0,308.0,1.0,50.0,high,Acute Care Hospitals,Voluntary non-profit - Private,Yes
260057,CAMERON REGIONAL MEDICAL CENTER,CAMERON,MO,64429,CLINTON,112.0,108.0,156.0,219.0,2.0,,low,Acute Care Hospitals,Voluntary non-profit - Private,Yes
260059,MERCY HOSPITAL LEBANON,LEBANON,MO,65536,LACLEDE,157.0,151.0,356.0,445.0,3.0,18.0,medium,Acute Care Hospitals,Voluntary non-profit - Church,Yes
260061,NEVADA REGIONAL MEDICAL CENTER,NEVADA,MO,64772,VERNON,96.0,95.0,131.0,,2.0,,low,Acute Care Hospitals,Government - Local,Yes
260062,SAINT LUKES NORTH HOSPITAL,KANSAS CITY,MO,64154,PLATTE,182.0,179.0,257.0,,4.0,82.0,high,Acute Care Hospitals,Voluntary non-profit - Private,Yes
260065,MERCY HOSPITAL SPRINGFIELD,SPRINGFIELD,MO,65804,GREENE,298.0,299.0,295.0,,4.0,,very high,Acute Care Hospitals,Voluntary non-profit - Private,Yes
260068,BOONE HOSPITAL CENTER,COLUMBIA,MO,65201,BOONE,175.0,175.0,226.0,,1.0,,medium,Acute Care Hospitals,Voluntary non-profit - Other,Yes
260070,PEMISCOT COUNTY MEMORIAL HOSPITAL,HAYTI,MO,63851,PEMISCOT,149.0,144.0,192.0,402.0,3.0,,low,Acute Care Hospitals,Voluntary non-profit - Other,Yes
260074,MOBERLY REGIONAL MEDICAL CENTER,MOBERLY,MO,65270,RANDOLPH,121.0,114.0,,216.0,1.0,,low,Acute Care Hospitals,Proprietary,Yes
260077,MERCY HOSPITAL SOUTH,SAINT LOUIS,MO,63128,ST. LOUIS,257.0,254.0,313.0,,2.0,100.0,very high,Acute Care Hospitals,Voluntary non-profit - Private,Yes
260078,OZARKS HEALTHCARE,WEST PLAINS,MO,65775,HOWELL,187.0,182.0,230.0,379.0,2.0,76.0,low,Acute Care Hospitals,Voluntary non-profit - Private,Yes
260081,SSM ST CLARE HEALTH CENTER,FENTON,MO,63026,JEFFERSON,202.0,200.0,,211.0,1.0,,medium,Acute Care Hospitals,Voluntary non-profit - Private,Yes
260085,ST JOSEPH MEDICAL CENTER,KANSAS CITY,MO,64114,JACKSON,126.0,124.0,206.0,,1.0,,medium,Acute Care Hospitals,Proprietary,Yes
260091,SSM HEALTH ST MARY'S HOSPITAL - ST LOUIS,SAINT LOUIS,MO,63117,ST. LOUIS,170.0,166.0,603.0,,2.0,,very high,Acute Care Hospitals,Voluntary non-profit - Private,Yes
260094,COX MEDICAL CENTER BRANSON,BRANSON,MO,65615,TANEY,219.0,218.0,175.0,439.0,3.0,89.0,medium,Acute Care Hospitals,Voluntary non-profit - Private,Yes
260095,CENTERPOINT MEDICAL CENTER,INDEPENDENCE,MO,64057,JACKSON,173.0,170.0,453.0,,1.0,80.0,very high,Acute Care Hospitals,Proprietary,Yes
260096,NKC HEALTH,NORTH KANSAS CITY,MO,64116,CLAY,183.0,180.0,264.0,193.0,2.0,83.0,very high,Acute Care Hospitals,Government - Local,Yes
260097,WESTERN MISSOURI MEDICAL CENTER,WARRENSBURG,MO,64093,JOHNSON,149.0,140.0,469.0,314.0,3.0,84.0,medium,Acute Care Hospitals,Government - Local,Yes
260102,UNIVERSITY HEALTH LAKEWOOD MEDICAL CENTER,KANSAS CITY,MO,64139,JACKSON,152.0,150.0,234.0,,3.0,,medium,Acute Care Hospitals,Voluntary non-profit - Private,Yes
260104,SSM HEALTH DEPAUL HOSPITAL ST LOUIS,BRIDGETON,MO,63044,ST. LOUIS,225.0,213.0,384.0,,2.0,,high,Acute Care Hospitals,Voluntary non-profit - Church,Yes
260105,SSM HEALTH SAINT LOUIS UNIVERSITY HOSPITAL,SAINT LOUIS,MO,63104,ST. LOUIS CITY,335.0,335.0,310.0,,5.0,,high,Acute Care Hospitals,Voluntary non-profit - Church,Yes
260108,MISSOURI BAPTIST MEDICAL CENTER,SAINT LOUIS,MO,63131,ST. LOUIS,262.0,262.0,,,3.0,92.0,high,Acute Care Hospitals,Voluntary non-profit - Private,Yes
260110,MERCY HOSPITAL SOUTHEAST,CAPE GIRARDEAU,MO,63701,CAPE GIRARDEAU,174.0,169.0,303.0,,3.0,87.0,low,Acute Care Hospitals,Voluntary non-profit - Private,Yes
260113,MISSOURI DELTA MEDICAL CENTER,SIKESTON,MO,63801,SCOTT,210.0,202.0,375.0,386.0,2.0,88.0,medium,Acute Care Hospitals,Voluntary non-profit - Private,Yes
260119,POPLAR BLUFF REGIONAL MEDICAL CENTER,POPLAR BLUFF,MO,63901,BUTLER,180.0,173.0,247.0,288.0,3.0,72.0,high,Acute Care Hospitals,Proprietary,Yes
260137,FREEMAN HEALTH SYSTEM - FREEMAN WEST,JOPLIN,MO,64804,JASPER,235.0,228.0,476.0,,3.0,91.0,medium,Acute Care Hospitals,Voluntary non-profit - Private,Yes
260138,ST LUKES HOSPITAL OF KANSAS CITY,KANSAS CITY,MO,64111,JACKSON,232.0,226.0,448.0,,8.0,,high,Acute Care Hospitals,Voluntary non-profit - Private,Yes
260141,UNIVERSITY OF MISSOURI HEALTH CARE,COLUMBIA,MO,65212,BOONE,221.0,222.0,182.0,,2.0,,very high,Acute Care Hospitals,Government - State,Yes
260142,FITZGIBBON HOSPITAL,MARSHALL,MO,65340,SALINE,87.0,84.0,102.0,215.0,1.0,,low,Acute Care Hospitals,Voluntary non-profit - Private,Yes
260160,MERCY HOSPITAL STODDARD,DEXTER,MO,63841,STODDARD,185.0,169.0,475.0,334.0,5.0,,low,Acute Care Hospitals,Voluntary non-profit - Private,Yes
260162,BARNES-JEWISH WEST COUNTY HOSPITAL,CREVE COEUR,MO,63141,ST. LOUIS,227.0,220.0,,490.0,4.0,,low,Acute Care Hospitals,Voluntary non-profit - Private,Yes
260163,PARKLAND HEALTH CENTER,FARMINGTON,MO,63640,ST. FRANCOIS,213.0,202.0,522.0,358.0,3.0,89.0,medium,Acute Care Hospitals,Voluntary non-profit - Private,Yes
260175,GOLDEN VALLEY MEMORIAL HOSPITAL,CLINTON,MO,64735,HENRY,180.0,166.0,496.0,276.0,2.0,,low,Acute Care Hospitals,Government - Hospital District or Authority,Yes
260177,LIBERTY HOSPITAL,LIBERTY,MO,64068,CLAY,197.0,194.0,282.0,,4.0,,medium,Acute Care Hospitals,Voluntary non-profit - Private,Yes
260179,ST LUKES HOSPITAL,CHESTERFIELD,MO,63017,ST. LOUIS,212.0,212.0,278.0,,5.0,45.0,medium,Acute Care Hospitals,Voluntary non-profit - Private,Yes
260180,CHRISTIAN HOSPITAL NORTHEAST,SAINT LOUIS,MO,63136,ST. LOUIS,220.0,217.0,,,5.0,,very high,Acute Care Hospitals,Voluntary non-profit - Private,Yes
260183,SAINT FRANCIS MEDICAL CENTER,CAPE GIRARDEAU,MO,63703,CAPE GIRARDEAU,250.0,247.0,280.0,,5.0,68.0,high,Acute Care Hospitals,Voluntary non-profit - Private,Yes
260186,LAKE REGIONAL HEALTH SYSTEM,OSAGE BEACH,MO,65065,CAMDEN,172.0,170.0,254.0,232.0,4.0,80.0,medium,Acute Care Hospitals,Voluntary non-profit - Other,Yes
260190,LEE'S SUMMIT MEDICAL CENTER,LEES SUMMIT,MO,64063,JACKSON,176.0,170.0,370.0,,0.0,85.0,medium,Acute Care Hospitals,Proprietary,Yes
260191,BARNES-JEWISH ST PETERS HOSPITAL,SAINT PETERS,MO,63376,ST. CHARLES,256.0,253.0,288.0,275.0,2.0,69.0,medium,Acute Care Hospitals,Voluntary non-profit - Other,Yes
260193,ST MARY'S MEDICAL CENTER,BLUE SPRINGS,MO,64014,JACKSON,154.0,151.0,213.0,,2.0,68.0,medium,Acute Care Hospitals,Proprietary,Yes
260195,CITIZENS MEMORIAL HOSPITAL,BOLIVAR,MO,65613,POLK,198.0,186.0,320.0,307.0,2.0,97.0,low,Acute Care Hospitals,Government - Hospital District or Authority,Yes
260200,SSM ST JOSEPH HOSPITAL WEST,LAKE SAINT LOUIS,MO,63367,ST. CHARLES,227.0,215.0,364.0,314.0,4.0,64.0,medium,Acute Care Hospitals,Voluntary non-profit - Church,Yes
260214,BELTON REGIONAL MEDICAL CENTER,BELTON,MO,64012,CASS,102.0,98.0,210.0,178.0,1.0,86.0,medium,Acute Care Hospitals,Voluntary non-profit - Private,Yes
260216,SAINT LUKE'S EAST  HOSPITAL,LEES SUMMIT,MO,64086,JACKSON,250.0,247.0,354.0,271.0,7.0,100.0,high,Acute Care Hospitals,Voluntary non-profit - Private,Yes
260219,PROGRESS WEST HOSPITAL,OFALLON,MO,63368,ST. CHARLES,206.0,203.0,,,3.0,86.0,medium,Acute Care Hospitals,Voluntary non-profit - Private,Yes
260779,PARKLAND HEALTH CENTER - BONNE TERRE,BONNE TERRE,MO,63628,ST. FRANCOIS,,,,,,,,Rural Emergency Hospital,Voluntary non-profit - Private,Yes
261301,ELLETT MEMORIAL HOSPITAL,APPLETON CITY,MO,64724,ST. CLAIR,122.0,107.0,,189.0,0.0,,low,Critical Access Hospitals,Government - Hospital District or Authority,Yes
261302,MADISON MEDICAL CENTER,FREDERICKTOWN,MO,63645,MADISON,86.0,83.0,252.0,291.0,1.0,,low,Critical Access Hospitals,Voluntary non-profit - Other,Yes
261303,COMMUNITY HOSPITAL ASSOCIATION,FAIRFAX,MO,64446,ATCHISON,99.0,89.0,,199.0,0.0,,low,Critical Access Hospitals,Voluntary non-profit - Private,Yes
261305,PUTNAM COUNTY MEMORIAL HOSPITAL,UNIONVILLE,MO,63565,PUTNAM,118.0,118.0,137.0,,0.0,,low,Critical Access Hospitals,Government - Local,Yes
261306,SULLIVAN COUNTY MEMORIAL HOSPITAL,MILAN,MO,63556,SULLIVAN,115.0,114.0,,,1.0,,low,Critical Access Hospitals,Government - Local,Yes
261307,PERSHING MEMORIAL HOSPITAL,BROOKFIELD,MO,64628,LINN,94.0,84.0,282.0,236.0,1.0,,low,Critical Access Hospitals,Voluntary non-profit - Private,Yes
261308,WASHINGTON COUNTY MEMORIAL HOSPITAL,POTOSI,MO,63664,WASHINGTON,158.0,146.0,664.0,373.0,,7.0,,Critical Access Hospitals,Government - Local,Yes
261309,WRIGHT MEMORIAL HOSPITAL,TRENTON,MO,64683,GRUNDY,147.0,136.0,158.0,326.0,0.0,,low,Critical Access Hospitals,Voluntary non-profit - Private,Yes
261310,SCOTLAND COUNTY  HOSPITAL,MEMPHIS,MO,63555,SCOTLAND,121.0,104.0,,285.0,,,,Critical Access Hospitals,Government - Hospital District or Authority,Yes
261311,MERCY HOSPITAL PERRY,PERRYVILLE,MO,63775,PERRY,146.0,135.0,222.0,350.0,1.0,,low,Critical Access Hospitals,Voluntary non-profit - Private,Yes
261312,HARRISON COUNTY COMMUNITY HOSPITAL,BETHANY,MO,64424,HARRISON,139.0,109.0,250.0,247.0,,,,Critical Access Hospitals,Government - Hospital District or Authority,Yes
261313,MACON COUNTY SAMARITAN MEMORIAL HOSPITAL,MACON,MO,63552,MACON,,,,,,,,Critical Access Hospitals,Government - Local,Yes
261314,HERMANN AREA DISTRICT HOSPITAL,HERMANN,MO,65041,GASCONADE,88.0,86.0,,,,,,Critical Access Hospitals,Government - Hospital District or Authority,Yes
261316,MERCY HOSPITAL AURORA,AURORA,MO,65605,LAWRENCE,152.0,129.0,,450.0,2.0,,low,Critical Access Hospitals,Voluntary non-profit - Church,Yes
261317,MERCY HOSPITAL - CASSVILLE,CASSVILLE,MO,65625,BARRY,107.0,101.0,113.0,332.0,1.0,,low,Critical Access Hospitals,Voluntary non-profit - Church,Yes
261318,SALEM MEMORIAL DISTRICT HOSPITAL,SALEM,MO,65560,DENT,138.0,133.0,167.0,334.0,2.0,,low,Critical Access Hospitals,Government - Hospital District or Authority,Yes
261319,MERCY HOSPITAL LINCOLN,TROY,MO,63379,LINCOLN,158.0,150.0,274.0,292.0,1.0,,low,Critical Access Hospitals,Government - Local,Yes
261320,LAFAYETTE REGIONAL HEALTH CENTER,LEXINGTON,MO,64067,LAFAYETTE,113.0,106.0,209.0,169.0,1.0,,low,Critical Access Hospitals,Proprietary,Yes
261321,HEDRICK MEDICAL CENTER,CHILLICOTHE,MO,64601,LIVINGSTON,135.0,124.0,279.0,282.0,1.0,,low,Critical Access Hospitals,Voluntary non-profit - Private,Yes
261322,EXCELSIOR SPRINGS HOSPITAL,EXCELSIOR SPRINGS,MO,64024,CLAY,103.0,99.0,345.0,262.0,1.0,,low,Critical Access Hospitals,Government - Local,Yes
261323,CEDAR COUNTY MEMORIAL HOSPITAL,EL DORADO SPRINGS,MO,64744,CEDAR,139.0,106.0,178.0,238.0,1.0,,low,Critical Access Hospitals,Government - Local,Yes
261324,CASS REGIONAL MEDICAL CENTER,HARRISONVILLE,MO,64701,CASS,136.0,131.0,240.0,227.0,,68.0,,Critical Access Hospitals,Government - Local,Yes
261325,COX BARTON COUNTY HOSPITAL,LAMAR,MO,64759,BARTON,93.0,91.0,137.0,183.0,0.0,94.0,low,Critical Access Hospitals,Government - Local,Yes
261327,RAY COUNTY MEMORIAL HOSPITAL,RICHMOND,MO,64085,RAY,140.0,113.0,176.0,,0.0,,low,Critical Access Hospitals,Government - Local,Yes
261328,MOSAIC MEDICAL CENTER ALBANY,ALBANY,MO,64402,GENTRY,72.0,72.0,,120.0,0.0,,low,Critical Access Hospitals,Voluntary non-profit - Private,Yes
261329,COX MONETT HOSPITAL,MONETT,MO,65708,BARRY,155.0,151.0,190.0,223.0,2.0,,low,Critical Access Hospitals,Voluntary non-profit - Private,Yes
261330,STE GENEVIEVE COUNTY MEMORIAL HOSPITAL,SAINTE GENEVIEVE,MO,63670,STE. GENEVIEVE,106.0,103.0,100.0,250.0,0.0,,low,Critical Access Hospitals,Government - Hospital District or Authority,Yes
261331,FREEMAN NEOSHO HOSPITAL,NEOSHO,MO,64850,NEWTON,150.0,148.0,,251.0,,,,Critical Access Hospitals,Voluntary non-profit - Private,Yes
261332,CARROLL COUNTY MEMORIAL HOSPITAL,CARROLLTON,MO,64633,CARROLL,103.0,98.0,298.0,,0.0,,low,Critical Access Hospitals,Voluntary non-profit - Private,Yes
261333,PIKE COUNTY MEMORIAL HOSPITAL,LOUISIANA,MO,63353,PIKE,141.0,131.0,168.0,305.0,1.0,,low,Critical Access Hospitals,Government - Local,Yes
261335,MERCY ST FRANCIS HOSPITAL,MOUNTAIN VIEW,MO,65548,HOWELL,125.0,120.0,,313.0,1.0,,low,Critical Access Hospitals,Voluntary non-profit - Private,Yes
261336,IRON COUNTY MEDICAL CENTER,PILOT KNOB,MO,63663,IRON,172.0,163.0,323.0,397.0,,,,Critical Access Hospitals,Government - Hospital District or Authority,Yes
261337,MISSOURI BAPTIST SULLIVAN HOSPITAL,SULLIVAN,MO,63080,FRANKLIN,181.0,175.0,268.0,294.0,3.0,57.0,low,Critical Access Hospitals,Voluntary non-profit - Private,Yes
261338,MERCY HOSPITAL CARTHAGE,CARTHAGE,MO,64836,JASPER,96.0,92.0,192.0,335.0,0.0,,medium,Critical Access Hospitals,Voluntary non-profit - Private,Yes
261340,MOSAIC MEDICAL CENTER - MARYVILLE,MARYVILLE,MO,64468,NODAWAY,116.0,106.0,132.0,240.0,1.0,100.0,low,Critical Access Hospitals,Voluntary non-profit - Private,Yes
263301,ST LOUIS CHILDRENS HOSPITAL,SAINT LOUIS,MO,63110,ST. LOUIS CITY,,,,,,,,Childrens,Voluntary non-profit - Other,Yes
263302,THE CHILDREN'S MERCY HOSPITAL,KANSAS CITY,MO,64108,JACKSON,,,,,,,,Childrens,Voluntary non-profit - Private,Yes
263303,RANKEN JORDAN PEDIATRIC BRIDGE HOSPITAL,MARYLAND HEIGHTS,MO,63043,ST. LOUIS,,,,,,,,Childrens,Voluntary non-profit - Other,No
263304,SHRINERS HOSPITALS FOR CHILDREN,SAINT LOUIS,MO,63110,ST. LOUIS CITY,,,,,,,,Childrens,Voluntary non-profit - Private,No
270003,ST PETERS HEALTH,HELENA,MT,59601,LEWIS AND CLARK,184.0,179.0,234.0,250.0,3.0,69.0,medium,Acute Care Hospitals,Voluntary non-profit - Private,Yes
270004,BILLINGS CLINIC HOSPITAL,BILLINGS,MT,59101,YELLOWSTONE,175.0,176.0,154.0,,2.0,,high,Acute Care Hospitals,Voluntary non-profit - Private,Yes
270012,BENEFIS HOSPITALS INC,GREAT FALLS,MT,59405,CASCADE,186.0,186.0,188.0,,1.0,55.0,medium,Acute Care Hospitals,Voluntary non-profit - Private,Yes
270014,ST. PATRICK HOSPITAL,MISSOULA,MT,59802,MISSOULA,165.0,163.0,216.0,,2.0,,medium,Acute Care Hospitals,Voluntary non-profit - Church,Yes
270017,ST JAMES HOSPITAL,BUTTE,MT,59701,SILVER BOW,154.0,153.0,183.0,,2.0,,low,Acute Care Hospitals,Voluntary non-profit - Private,Yes
270023,COMMUNITY MEDICAL CENTER,MISSOULA,MT,59804,MISSOULA,140.0,138.0,250.0,,0.0,,low,Acute Care Hospitals,Voluntary non-profit - Private,Yes
270049,INTERMOUNTAIN HEALTH ST VINCENT REGIONAL HOSPITAL,BILLINGS,MT,59107,YELLOWSTONE,158.0,158.0,150.0,,2.0,,high,Acute Care Hospitals,Voluntary non-profit - Church,Yes
270051,LOGAN HEALTH MEDICAL CENTER,KALISPELL,MT,59901,FLATHEAD,216.0,214.0,246.0,,2.0,100.0,medium,Acute Care Hospitals,Voluntary non-profit - Private,Yes
270057,BOZEMAN HEALTH DEACONESS HOSPITAL,BOZEMAN,MT,59715,GALLATIN,143.0,142.0,179.0,,1.0,94.0,medium,Acute Care Hospitals,Voluntary non-profit - Private,Yes
270074,P H S INDIAN HOSPITAL AT BROWNING - BLACKFEET,BROWNING,MT,59417,GLACIER,,,,,,,,Acute Care Hospitals,Government - Federal,Yes
270086,GREAT FALLS CLINIC HOSPITAL,GREAT FALLS,MT,59405,CASCADE,141.0,140.0,149.0,196.0,1.0,,low,Acute Care Hospitals,Proprietary,Yes
271300,POPLAR COMMUNITY HOSPITAL,POPLAR,MT,59255,ROOSEVELT,100.0,89.0,144.0,328.0,,,,Critical Access Hospitals,Voluntary non-profit - Private,Yes
271301,FALLON MEDICAL COMPLEX HOSPITAL,BAKER,MT,59313,FALLON,102.0,102.0,,,0.0,,low,Critical Access Hospitals,Voluntary non-profit - Private,Yes
271302,DAHL MEMORIAL HEALTHCARE ASSOCIATION INC,EKALAKA,MT,59324,CARTER,132.0,129.0,,212.0,,,,Critical Access Hospitals,Voluntary non-profit - Private,Yes
271303,GRANITE COUNTY MEDICAL CENTER,PHILIPSBURG,MT,59858,GRANITE,,,,,,,,Critical Access Hospitals,Government - Hospital District or Authority,Yes
271304,MISSOURI RIVER MEDICAL CENTER,FORT BENTON,MT,59442,CHOUTEAU,108.0,106.0,,166.0,,,,Critical Access Hospitals,Government - Hospital District or Authority,Yes
271305,MCCONE COUNTY HEALTH CENTER,CIRCLE,MT,59215,MCCONE,71.0,70.0,,,0.0,,low,Critical Access Hospitals,Voluntary non-profit - Other,Yes
271306,MOUNTAINVIEW MEDICAL CENTER,WHITE SULPHUR SPRING,MT,59645,MEAGHER,109.0,102.0,112.0,197.0,1.0,,low,Critical Access Hospitals,Voluntary non-profit - Private,Yes
271307,BENEFIS TETON MEDICAL CENTER,CHOTEAU,MT,59422,TETON,103.0,94.0,93.0,147.0,0.0,,low,Critical Access Hospitals,Voluntary non-profit - Private,Yes
271308,ROOSEVELT MEDICAL CENTER,CULBERTSON,MT,59218,ROOSEVELT,103.0,100.0,,169.0,,,,Critical Access Hospitals,Voluntary non-profit - Private,Yes
271309,PRAIRIE COMMUNITY CAH,TERRY,MT,59349,PRAIRIE,81.0,84.0,,,1.0,,low,Critical Access Hospitals,Government - Hospital District or Authority,Yes
271310,GARFIELD COUNTY HEALTH CENTER,JORDAN,MT,59337,GARFIELD,116.0,112.0,,,0.0,,low,Critical Access Hospitals,Government - Local,Yes
271311,BIG SANDY MEDICAL CENTER,BIG SANDY,MT,59520,CHOUTEAU,84.0,77.0,,140.0,0.0,,low,Critical Access Hospitals,Voluntary non-profit - Private,Yes
271312,PHILLIPS COUNTY HOSPITAL - CAH,MALTA,MT,59538,PHILLIPS,80.0,78.0,122.0,810.0,,,,Critical Access Hospitals,Voluntary non-profit - Private,Yes
271313,PIONEER MEDICAL CENTER,BIG TIMBER,MT,59011,SWEET GRASS,90.0,88.0,168.0,154.0,,,,Critical Access Hospitals,Voluntary non-profit - Private,Yes
271314,DEER LODGE MEDICAL CENTER,DEER LODGE,MT,59722,POWELL,126.0,122.0,,,0.0,,low,Critical Access Hospitals,Voluntary non-profit - Private,Yes
271315,P H S INDIAN HOSPITAL-FT BELKNAP AT HARLEM - CAH,HARLEM,MT,59526,BLAINE,,,,,,,,Critical Access Hospitals,Government - Federal,Yes
271316,FRANCES MAHON DEACONESS HOSPITAL,GLASGOW,MT,59230,VALLEY,124.0,114.0,,265.0,,,,Critical Access Hospitals,Voluntary non-profit - Private,Yes
271317,LIVINGSTON HEALTHCARE,LIVINGSTON,MT,59047,PARK,119.0,117.0,146.0,226.0,0.0,,low,Critical Access Hospitals,Physician,Yes
271318,BARRETT HOSPITAL & HEALTHCARE,DILLON,MT,59725,BEAVERHEAD,152.0,145.0,342.0,289.0,1.0,,low,Critical Access Hospitals,Government - Hospital District or Authority,Yes
271319,RUBY VALLEY MEDICAL CENTER,SHERIDAN,MT,59749,MADISON,,,,,,,,Critical Access Hospitals,Government - Hospital District or Authority,Yes
271320,CABINET PEAKS MEDICAL CENTER,LIBBY,MT,59923,LINCOLN,123.0,122.0,,,0.0,,low,Critical Access Hospitals,Voluntary non-profit - Private,Yes
271321,WHEATLAND MEMORIAL HOSPITAL,HARLOWTON,MT,59036,WHEATLAND,159.0,102.0,,215.0,,,,Critical Access Hospitals,Voluntary non-profit - Private,Yes
271322,SHERIDAN MEMORIAL HOSPTIAL,PLENTYWOOD,MT,59254,SHERIDAN,170.0,157.0,244.0,235.0,1.0,,low,Critical Access Hospitals,Voluntary non-profit - Private,Yes
271323,CLARK FORK VALLEY HOSPITAL,PLAINS,MT,59859,SANDERS,149.0,148.0,,,1.0,,low,Critical Access Hospitals,Voluntary non-profit - Private,Yes
271324,PONDERA MEDICAL CENTER,CONRAD,MT,59425,PONDERA,96.0,89.0,137.0,181.0,4.0,,low,Critical Access Hospitals,Voluntary non-profit - Private,Yes
271325,ST LUKE COMMUNITY HOSPITAL,RONAN,MT,59864,LAKE,115.0,109.0,135.0,186.0,0.0,,low,Critical Access Hospitals,Voluntary non-profit - Private,Yes
271326,BEARTOOTH BILLINGS CLINIC,RED LODGE,MT,59068,CARBON,107.0,104.0,,157.0,0.0,,low,Critical Access Hospitals,Voluntary non-profit - Private,No
271327,ROSEBUD HEALTH CARE CENTER,FORSYTH,MT,59327,ROSEBUD,105.0,97.0,,155.0,,,,Critical Access Hospitals,Voluntary non-profit - Private,Yes
271328,LOGAN HEALTH - SHELBY,SHELBY,MT,59474,TOOLE,114.0,104.0,114.0,215.0,5.0,,low,Critical Access Hospitals,Voluntary non-profit - Private,Yes
271329,MADISON VALLEY MEDICAL CENTER,ENNIS,MT,59729,MADISON,144.0,136.0,230.0,227.0,,,,Critical Access Hospitals,Voluntary non-profit - Private,Yes
271330,STILLWATER BILLINGS CLINIC,COLUMBUS,MT,59019,STILLWATER,118.0,113.0,,152.0,0.0,,low,Critical Access Hospitals,Voluntary non-profit - Private,Yes
271331,MINERAL COMMUNITY HOSPITAL,SUPERIOR,MT,59872,MINERAL,92.0,84.0,136.0,216.0,0.0,,low,Critical Access Hospitals,Government - Hospital District or Authority,Yes
271332,GLENDIVE MEDICAL CENTER,GLENDIVE,MT,59330,DAWSON,130.0,122.0,210.0,289.0,1.0,,low,Critical Access Hospitals,Voluntary non-profit - Private,Yes
271333,BILLINGS CLINIC BROADWATER,TOWNSEND,MT,59644,BROADWATER,81.0,76.0,79.0,162.0,1.0,,low,Critical Access Hospitals,Voluntary non-profit - Private,Yes
271334,LOGAN HEALTH - CHESTER,CHESTER,MT,59522,LIBERTY,140.0,134.0,,210.0,,,,Critical Access Hospitals,Voluntary non-profit - Private,Yes
271335,COMMUNITY HOSPITAL OF ANACONDA,ANACONDA,MT,59711,DEER LODGE,102.0,97.0,149.0,154.0,0.0,,low,Critical Access Hospitals,Voluntary non-profit - Private,Yes
271336,LOGAN HEALTH - WHITEFISH,WHITEFISH,MT,59937,FLATHEAD,139.0,135.0,174.0,228.0,2.0,,low,Critical Access Hospitals,Voluntary non-profit - Private,Yes
271337,NORTHERN ROCKIES MEDICAL CENTER,CUT BANK,MT,59427,GLACIER,82.0,77.0,134.0,224.0,,,,Critical Access Hospitals,Voluntary non-profit - Private,No
271338,BIG HORN HOSPITAL,HARDIN,MT,59034,BIG HORN,179.0,140.0,244.0,248.0,5.0,,low,Critical Access Hospitals,Voluntary non-profit - Private,Yes
271339,P H S INDIAN HOSPITAL CROW / NORTHERN CHEYENNE,CROW AGENCY,MT,59022,BIG HORN,,,,,,,,Critical Access Hospitals,Government - Federal,Yes
271340,BITTERROOT HEALTH - DALY HOSPITAL,HAMILTON,MT,59840,RAVALLI,162.0,160.0,,,1.0,,low,Critical Access Hospitals,Voluntary non-profit - Private,Yes
271341,TRINITY HOSPITAL,WOLF POINT,MT,59201,ROOSEVELT,124.0,116.0,168.0,,,,,Critical Access Hospitals,Voluntary non-profit - Private,Yes
271342,DANIELS MEMORIAL HOSPITAL,SCOBEY,MT,59263,DANIELS,112.0,106.0,114.0,146.0,,,,Critical Access Hospitals,Voluntary non-profit - Private,Yes
271343,PROVIDENCE ST JOSEPH MEDICAL CENTER,POLSON,MT,59860,LAKE,129.0,117.0,171.0,214.0,1.0,,low,Critical Access Hospitals,Voluntary non-profit - Private,Yes
271344,SIDNEY HEALTH CENTER,SIDNEY,MT,59270,RICHLAND,153.0,152.0,198.0,,2.0,,low,Critical Access Hospitals,Voluntary non-profit - Private,Yes
271345,CENTRAL MONTANA MEDICAL CENTER,LEWISTOWN,MT,59457,FERGUS,105.0,102.0,,215.0,0.0,,low,Critical Access Hospitals,Voluntary non-profit - Private,Yes
271346,ROUNDUP MEMORIAL HEALTHCARE,ROUNDUP,MT,59072,MUSSELSHELL,106.0,101.0,,,,,,Critical Access Hospitals,Voluntary non-profit - Private,Yes
271347,HOLY ROSARY HOSPITAL,MILES CITY,MT,59301,CUSTER,139.0,130.0,177.0,284.0,1.0,,low,Critical Access Hospitals,Voluntary non-profit - Private,Yes
271348,NORTHERN MONTANA HOSPITAL,HAVRE,MT,59501,HILL,132.0,129.0,119.0,,,,,Critical Access Hospitals,Voluntary non-profit - Private,Yes
271389,BOZEMAN HEALTH BIG SKY MEDICAL CENTER,BIG SKY,MT,59716,GALLATIN,112.0,107.0,,174.0,0.0,,low,Critical Access Hospitals,Voluntary non-profit - Private,Yes
280003,BRYAN MEDICAL CENTER,LINCOLN,NE,68506,LANCASTER,116.0,112.0,160.0,,0.0,,very high,Acute Care Hospitals,Voluntary non-profit - Private,Yes
280009,CHI HEALTH GOOD SAMARITAN,KEARNEY,NE,68848,BUFFALO,142.0,138.0,216.0,,0.0,,low,Acute Care Hospitals,Voluntary non-profit - Church,Yes
280013,THE NEBRASKA MEDICAL CENTER,OMAHA,NE,68198,DOUGLAS,256.0,256.0,293.0,,3.0,20.0,very high,Acute Care Hospitals,Voluntary non-profit - Private,Yes
280020,CHI HEALTH ST. ELIZABETH,LINCOLN,NE,68510,LANCASTER,162.0,158.0,175.0,,1.0,,medium,Acute Care Hospitals,Voluntary non-profit - Private,Yes
280023,CHI HEALTH ST. FRANCIS,GRAND ISLAND,NE,68803,HALL,123.0,120.0,158.0,,0.0,,low,Acute Care Hospitals,Voluntary non-profit - Church,Yes
280032,MARY LANNING HEALTHCARE,HASTINGS,NE,68901,ADAMS,119.0,116.0,154.0,275.0,0.0,,low,Acute Care Hospitals,Voluntary non-profit - Other,Yes
280040,THE NEBRASKA METHODIST HOSPITAL,OMAHA,NE,68114,DOUGLAS,159.0,156.0,275.0,229.0,2.0,55.0,high,Acute Care Hospitals,Voluntary non-profit - Private,Yes
280059,TWELVE CLANS UNITY HOSPITAL,WINNEBAGO,NE,68071,THURSTON,99.0,94.0,242.0,216.0,1.0,,low,Acute Care Hospitals,Tribal,Yes
280060,CHI HEALTH BERGAN MERCY,OMAHA,NE,68124,DOUGLAS,159.0,156.0,256.0,,4.0,,very high,Acute Care Hospitals,Voluntary non-profit - Private,Yes
280061,REGIONAL WEST MEDICAL CENTER,SCOTTSBLUFF,NE,69361,SCOTT BLUFF,212.0,202.0,228.0,240.0,1.0,,low,Acute Care Hospitals,Voluntary non-profit - Private,Yes
280065,GREAT PLAINS HEALTH,NORTH PLATTE,NE,69101,LINCOLN,128.0,128.0,112.0,,1.0,,medium,Acute Care Hospitals,Voluntary non-profit - Private,Yes
280077,METHODIST FREMONT HEALTH,FREMONT,NE,68025,DODGE,134.0,126.0,226.0,244.0,1.0,,low,Acute Care Hospitals,Voluntary non-profit - Private,Yes
280081,CHI HEALTH IMMANUEL,OMAHA,NE,68122,DOUGLAS,141.0,128.0,244.0,360.0,2.0,,medium,Acute Care Hospitals,Voluntary non-profit - Private,Yes
280105,CHI HEALTH MIDLANDS,PAPILLION,NE,68046,SARPY,143.0,137.0,208.0,366.0,1.0,64.0,low,Acute Care Hospitals,Voluntary non-profit - Church,Yes
280111,"COLUMBUS COMMUNITY HOSPITAL, INC",COLUMBUS,NE,68601,PLATTE,124.0,121.0,186.0,291.0,0.0,,low,Acute Care Hospitals,Voluntary non-profit - Other,Yes
280125,FAITH HEALTH,NORFOLK,NE,68701,MADISON,105.0,101.0,,168.0,0.0,,low,Acute Care Hospitals,Voluntary non-profit - Church,Yes
280127,LINCOLN SURGICAL HOSPITAL,LINCOLN,NE,68506,LANCASTER,,,,,,,,Acute Care Hospitals,Proprietary,No
280128,CHI HEALTH NEBRASKA HEART,LINCOLN,NE,68526,LANCASTER,,,,,,,,Acute Care Hospitals,Voluntary non-profit - Private,No
280129,NEBRASKA ORTHOPAEDIC HOSPITAL,OMAHA,NE,68144,DOUGLAS,105.0,103.0,,227.0,0.0,,low,Acute Care Hospitals,Physician,Yes
280130,CHI HEALTH LAKESIDE,OMAHA,NE,68130,DOUGLAS,183.0,179.0,280.0,266.0,2.0,93.0,medium,Acute Care Hospitals,Voluntary non-profit - Church,Yes
280131,MIDWEST SURGICAL HOSPITAL LLC,OMAHA,NE,68114,DOUGLAS,,,,,,,,Acute Care Hospitals,Physician,No
280132,BELLEVUE MEDICAL CENTER,BELLEVUE,NE,68123,SARPY,150.0,144.0,230.0,266.0,3.0,25.0,medium,Acute Care Hospitals,Proprietary,Yes
280133,"NEBRASKA SPINE HOSPITAL, LLC",OMAHA,NE,68122,DOUGLAS,,,,,,,,Acute Care Hospitals,Proprietary,No
280134,KEARNEY REGIONAL MEDICAL CENTER,KEARNEY,NE,68845,BUFFALO,113.0,109.0,150.0,181.0,0.0,,low,Acute Care Hospitals,Proprietary,Yes
280139,GRAND ISLAND REGIONAL MEDICAL CENTER,GRAND ISLAND,NE,68803,HALL,105.0,103.0,145.0,200.0,0.0,,low,Acute Care Hospitals,Voluntary non-profit - Private,Yes
280779,FRIEND COMMUNITY HEALTHCARE SYSTEM,FRIEND,NE,68359,SALINE,,,,,,,,Rural Emergency Hospital,Government - Local,Yes
281300,HARLAN COUNTY HEALTH SYSTEM,ALMA,NE,68920,HARLAN,124.0,99.0,134.0,176.0,0.0,,low,Critical Access Hospitals,Government - Local,No
281301,FILLMORE COUNTY HOSPITAL,GENEVA,NE,68361,FILLMORE,114.0,111.0,158.0,203.0,0.0,,low,Critical Access Hospitals,Government - Local,Yes
281302,PAWNEE COUNTY MEMORIAL HOSPITAL,PAWNEE CITY,NE,68420,PAWNEE,110.0,104.0,180.0,225.0,1.0,,low,Critical Access Hospitals,Government - Local,Yes
281303,NIOBRARA VALLEY HOSPITAL,LYNCH,NE,68746,BOYD,91.0,88.0,,198.0,,,,Critical Access Hospitals,Voluntary non-profit - Private,Yes
281304,THAYER COUNTY HEALTH SERVICES,HEBRON,NE,68370,THAYER,92.0,88.0,94.0,152.0,0.0,,low,Critical Access Hospitals,Government - Local,Yes
281305,KIMBALL HEALTH SERVICES,KIMBALL,NE,69145,KIMBALL,145.0,134.0,137.0,204.0,0.0,,low,Critical Access Hospitals,Government - Local,Yes
281306,KEARNEY COUNTY HEALTH SERVICES HOSPITAL,MINDEN,NE,68959,KEARNEY,140.0,125.0,,213.0,0.0,,low,Critical Access Hospitals,Government - Local,Yes
281307,SAUNDERS MEDICAL CENTER,WAHOO,NE,68066,SAUNDERS,97.0,94.0,,212.0,0.0,,low,Critical Access Hospitals,Government - Local,Yes
281308,HENDERSON COMMUNITY HOSPITAL,HENDERSON,NE,68371,YORK,126.0,120.0,127.0,182.0,0.0,,low,Critical Access Hospitals,Voluntary non-profit - Private,Yes
281309,SYRACUSE AREA HEALTH,SYRACUSE,NE,68446,OTOE,111.0,106.0,,194.0,0.0,,low,Critical Access Hospitals,Government - Hospital District or Authority,No
281310,GARDEN COUNTY HEALTH SERVICES,OSHKOSH,NE,69154,GARDEN,160.0,147.0,252.0,259.0,,,,Critical Access Hospitals,Voluntary non-profit - Private,Yes
281311,FRANKLIN COUNTY MEMORIAL HOSPITAL,FRANKLIN,NE,68939,FRANKLIN,92.0,81.0,132.0,164.0,1.0,,low,Critical Access Hospitals,Government - Local,Yes
281312,GENOA COMMUNITY HOSPITAL,GENOA,NE,68640,PLATTE,88.0,80.0,,221.0,,,,Critical Access Hospitals,Government - Local,Yes
281313,GOTHENBURG HEALTH,GOTHENBURG,NE,69138,DAWSON,125.0,124.0,,175.0,0.0,,low,Critical Access Hospitals,Government - Hospital District or Authority,Yes
281314,ANNIE JEFFREY MEMORIAL COUNTY HEALTH CENTER,OSCEOLA,NE,68651,POLK,95.0,86.0,124.0,174.0,0.0,,low,Critical Access Hospitals,Government - Local,Yes
281315,BRODSTONE HEALTHCARE,SUPERIOR,NE,68978,NUCKOLLS,127.0,126.0,,174.0,0.0,,low,Critical Access Hospitals,Voluntary non-profit - Private,Yes
281316,WEBSTER COUNTY COMMUNITY HOSPITAL,RED CLOUD,NE,68970,WEBSTER,91.0,89.0,87.0,152.0,1.0,,low,Critical Access Hospitals,Government - Local,Yes
281318,MORRILL COUNTY COMMUNITY HOSPITAL,BRIDGEPORT,NE,69336,MORRILL,152.0,146.0,140.0,218.0,0.0,,low,Critical Access Hospitals,Government - Local,Yes
281319,JEFFERSON COMMUNITY HEALTH & LIFE,FAIRBURY,NE,68352,JEFFERSON,108.0,106.0,130.0,124.0,0.0,,low,Critical Access Hospitals,Voluntary non-profit - Private,Yes
281320,MEMORIAL HOSPITAL,AURORA,NE,68818,HAMILTON,129.0,124.0,,196.0,0.0,,low,Critical Access Hospitals,Voluntary non-profit - Private,Yes
281322,ST FRANCIS MEMORIAL HOSPITAL,WEST POINT,NE,68788,CUMING,118.0,114.0,156.0,319.0,0.0,,low,Critical Access Hospitals,Voluntary non-profit - Private,Yes
281323,CHI HEALTH SCHUYLER,SCHUYLER,NE,68661,COLFAX,110.0,104.0,132.0,262.0,0.0,,low,Critical Access Hospitals,Voluntary non-profit - Private,Yes
281324,NEMAHA COUNTY HOSPITAL,AUBURN,NE,68305,NEMAHA,112.0,110.0,,193.0,0.0,,low,Critical Access Hospitals,Government - Local,Yes
281325,BROWN COUNTY HOSPITAL,AINSWORTH,NE,69210,BROWN,118.0,110.0,187.0,240.0,0.0,,low,Critical Access Hospitals,Government - Local,Yes
281326,ANTELOPE MEMORIAL HOSPITAL,NELIGH,NE,68756,ANTELOPE,123.0,117.0,145.0,182.0,0.0,,low,Critical Access Hospitals,Voluntary non-profit - Private,Yes
281327,COZAD COMMUNITY HOSPITAL,COZAD,NE,69130,DAWSON,105.0,95.0,,222.0,1.0,,low,Critical Access Hospitals,Government - Hospital District or Authority,Yes
281328,MERRICK MEDICAL CENTER,CENTRAL CITY,NE,68826,MERRICK,129.0,127.0,170.0,170.0,,,,Critical Access Hospitals,Voluntary non-profit - Private,Yes
281329,AVERA ST ANTHONY'S HOSPITAL,O' NEILL,NE,68763,HOLT,120.0,115.0,126.0,231.0,,,,Critical Access Hospitals,Voluntary non-profit - Church,Yes
281331,AVERA CREIGHTON HOSPITAL,CREIGHTON,NE,68729,KNOX,115.0,107.0,157.0,223.0,0.0,,low,Critical Access Hospitals,Voluntary non-profit - Private,Yes
281332,BUTLER COUNTY HEALTH,DAVID CITY,NE,68632,BUTLER,110.0,98.0,,192.0,0.0,,low,Critical Access Hospitals,Government - Local,Yes
281333,ROCK COUNTY HOSPITAL,BASSETT,NE,68714,HOLT,115.0,111.0,,122.0,0.0,,low,Critical Access Hospitals,Government - Local,Yes
281334,BOONE COUNTY HEALTH CENTER,ALBION,NE,68620,BOONE,115.0,111.0,100.0,193.0,0.0,,low,Critical Access Hospitals,Government - Local,Yes
281335,CALLAWAY DISTRICT HOSPITAL,CALLAWAY,NE,68825,CUSTER,140.0,126.0,,206.0,0.0,,low,Critical Access Hospitals,Government - Hospital District or Authority,Yes
281336,YORK GENERAL HEALTH CARE SERVICES,YORK,NE,68467,YORK,136.0,126.0,194.0,272.0,,,,Critical Access Hospitals,Voluntary non-profit - Private,Yes
281338,HOWARD COUNTY MEDICAL CENTER,ST PAUL,NE,68873,HOWARD,93.0,93.0,,,0.0,,low,Critical Access Hospitals,Voluntary non-profit - Other,Yes
281339,MEMORIAL HEALTH CARE SYSTEMS,SEWARD,NE,68434,SEWARD,106.0,99.0,,166.0,0.0,,low,Critical Access Hospitals,Voluntary non-profit - Private,Yes
281340,DUNDY COUNTY HOSPITAL,BENKELMAN,NE,69021,DUNDY,162.0,156.0,,186.0,0.0,,low,Critical Access Hospitals,Government - Local,Yes
281341,CHADRON HOSPITAL,CHADRON,NE,69337,DAWES,115.0,110.0,172.0,178.0,0.0,,low,Critical Access Hospitals,Voluntary non-profit - Private,Yes
281342,CHI HEALTH ST MARY'S,NEBRASKA CITY,NE,68410,OTOE,120.0,116.0,136.0,229.0,0.0,,low,Critical Access Hospitals,Voluntary non-profit - Church,Yes
281343,WEST HOLT MEMORIAL HOSPITAL,ATKINSON,NE,68713,HOLT,116.0,110.0,136.0,166.0,0.0,,low,Critical Access Hospitals,Voluntary non-profit - Private,Yes
281344,CHERRY COUNTY HOSPITAL,VALENTINE,NE,69201,CHERRY,147.0,146.0,,,,,,Critical Access Hospitals,Government - Local,Yes
281345,PROVIDENCE MEDICAL CENTER,WAYNE,NE,68787,WAYNE,129.0,121.0,189.0,231.0,0.0,,low,Critical Access Hospitals,Voluntary non-profit - Private,Yes
281346,CHI HEALTH PLAINVIEW HOSPITAL,PLAINVIEW,NE,68769,PIERCE,104.0,92.0,,181.0,0.0,,low,Critical Access Hospitals,Voluntary non-profit - Church,Yes
281347,OSMOND GENERAL HOSPITAL,OSMOND,NE,68765,PIERCE,121.0,114.0,204.0,173.0,0.0,,low,Critical Access Hospitals,Voluntary non-profit - Private,Yes
281348,TRI VALLEY HEALTH SYSTEM,CAMBRIDGE,NE,69022,FURNAS,170.0,148.0,,345.0,0.0,,low,Critical Access Hospitals,Voluntary non-profit - Private,Yes
281349,PENDER COMMUNITY HOSPITAL,PENDER,NE,68047,THURSTON,134.0,128.0,,270.0,0.0,,low,Critical Access Hospitals,Government - Local,Yes
281350,JOHNSON COUNTY HOSPITAL,TECUMSEH,NE,68450,JOHNSON,115.0,106.0,186.0,173.0,0.0,,low,Critical Access Hospitals,Government - Local,Yes
281351,CHASE COUNTY COMMUNITY HOSPITAL,IMPERIAL,NE,69033,CHASE,156.0,145.0,190.0,228.0,0.0,,low,Critical Access Hospitals,Government - Local,Yes
281352,"COMMUNITY MEDICAL CENTER, INC",FALLS CITY,NE,68355,RICHARDSON,111.0,104.0,158.0,204.0,0.0,,low,Critical Access Hospitals,Voluntary non-profit - Private,Yes
281353,VALLEY COUNTY HEALTH SYSTEM,ORD,NE,68862,VALLEY,100.0,94.0,,152.0,0.0,,low,Critical Access Hospitals,Government - Local,Yes
281354,CRETE AREA MEDICAL CENTER,CRETE,NE,68333,SALINE,108.0,104.0,185.0,182.0,0.0,,low,Critical Access Hospitals,Voluntary non-profit - Private,Yes
281355,OGALLALA COMMUNITY HOSPITAL,OGALLALA,NE,69153,KEITH,111.0,106.0,156.0,244.0,0.0,,low,Critical Access Hospitals,Government - Hospital District or Authority,Yes
281356,PERKINS COUNTY HEALTH SERVICES,GRANT,NE,69140,PERKINS,133.0,129.0,146.0,210.0,0.0,,low,Critical Access Hospitals,Government - Hospital District or Authority,Yes
281357,SIDNEY REGIONAL MEDICAL CENTER,SIDNEY,NE,69162,CHEYENNE,148.0,143.0,141.0,333.0,0.0,,low,Critical Access Hospitals,Voluntary non-profit - Private,Yes
281358,GORDON MEMORIAL HOSPITAL DISTRICT,GORDON,NE,69343,SHERIDAN,115.0,106.0,161.0,242.0,0.0,,low,Critical Access Hospitals,Government - Hospital District or Authority,Yes
281359,MEMORIAL COMMUNITY HOSPITAL & HEALTH SYSTEM,BLAIR,NE,68008,WASHINGTON,133.0,128.0,,263.0,1.0,,low,Critical Access Hospitals,Voluntary non-profit - Private,Yes
281360,BOX BUTTE GENERAL HOSPITAL,ALLIANCE,NE,69301,BOX BUTTE,138.0,136.0,147.0,256.0,2.0,,low,Critical Access Hospitals,Government - Local,Yes
281361,LEXINGTON REGIONAL HEALTH CENTER,LEXINGTON,NE,68850,DAWSON,113.0,111.0,218.0,,,,,Critical Access Hospitals,Government - Hospital District or Authority,Yes
281362,PHELPS MEMORIAL HEALTH CENTER,HOLDREGE,NE,68949,PHELPS,88.0,87.0,,,0.0,,low,Critical Access Hospitals,Voluntary non-profit - Private,Yes
281363,COMMUNITY HOSPITAL,MCCOOK,NE,69001,RED WILLOW,153.0,146.0,248.0,235.0,1.0,,low,Critical Access Hospitals,Voluntary non-profit - Other,Yes
281364,"BEATRICE COMMUNITY HOSPITAL & HEALTH CENTER, INC",BEATRICE,NE,68310,GAGE,98.0,92.0,141.0,201.0,0.0,,low,Critical Access Hospitals,Voluntary non-profit - Private,Yes
281365,JENNIE M MELHAM MEMORIAL MEDICAL CENTER,BROKEN BOW,NE,68822,CUSTER,124.0,115.0,,192.0,0.0,,low,Critical Access Hospitals,Voluntary non-profit - Private,Yes
283300,BOYS TOWN NATIONAL RESEARCH HOSPITAL,BOYS TOWN,NE,68010,DOUGLAS,,,,,,,,Childrens,Voluntary non-profit - Private,No
283301,CHILDREN'S NEBRASKA,OMAHA,NE,68114,DOUGLAS,,,,,,,,Childrens,Voluntary non-profit - Private,Yes
290001,RENOWN REGIONAL MEDICAL CENTER,RENO,NV,89502,WASHOE,182.0,176.0,316.0,,2.0,,very high,Acute Care Hospitals,Voluntary non-profit - Private,Yes
290003,SUNRISE HOSPITAL AND MEDICAL CENTER,LAS VEGAS,NV,89109,CLARK,172.0,165.0,294.0,,0.0,,very high,Acute Care Hospitals,Proprietary,Yes
290005,NORTH VISTA HOSPITAL,NORTH LAS VEGAS,NV,89030,CLARK,132.0,131.0,133.0,,2.0,,high,Acute Care Hospitals,Voluntary non-profit - Private,Yes
290007,UNIVERSITY MEDICAL CENTER,LAS VEGAS,NV,89102,CLARK,240.0,238.0,321.0,,2.0,,very high,Acute Care Hospitals,Voluntary non-profit - Other,Yes
290008,NORTHEASTERN NEVADA REGIONAL HOSPITAL,ELKO,NV,89801,ELKO,219.0,207.0,362.0,412.0,3.0,64.0,low,Acute Care Hospitals,Proprietary,Yes
290009,SAINT MARY'S REGIONAL MEDICAL CENTER,RENO,NV,89503,WASHOE,144.0,140.0,208.0,,1.0,,medium,Acute Care Hospitals,Proprietary,Yes
290012,SAINT ROSE DOMINICAN HOSPITALS - ROSE DE LIMA,HENDERSON,NV,89015,CLARK,112.0,100.0,133.0,267.0,1.0,,low,Acute Care Hospitals,Voluntary non-profit - Private,Yes
290019,CARSON TAHOE REGIONAL MEDICAL CENTER,CARSON CITY,NV,89703,CARSON CITY,168.0,167.0,178.0,251.0,1.0,35.0,high,Acute Care Hospitals,Voluntary non-profit - Private,Yes
29001F,99th Medical Group (Nellis AFB),Nellis AFB,NV,89191,CLARK,,127.0,,,2.0,,medium,Acute Care - Department of Defense,Department of Defense,Yes
290021,VALLEY HOSPITAL MEDICAL CENTER,LAS VEGAS,NV,89106,CLARK,178.0,169.0,242.0,,0.0,,very high,Acute Care Hospitals,Proprietary,Yes
290032,NORTHERN NEVADA MEDICAL CENTER,SPARKS,NV,89434,WASHOE,147.0,145.0,257.0,,1.0,71.0,high,Acute Care Hospitals,Voluntary non-profit - Private,Yes
290039,MOUNTAINVIEW HOSPITAL,LAS VEGAS,NV,89128,CLARK,171.0,168.0,244.0,,0.0,60.0,very high,Acute Care Hospitals,Proprietary,Yes
290041,SUMMERLIN HOSPITAL MEDICAL CENTER,LAS VEGAS,NV,89144,CLARK,212.0,210.0,,,0.0,43.0,very high,Acute Care Hospitals,Proprietary,Yes
290042,HARMON HOSPITAL,LAS VEGAS,NV,89119,CLARK,,,,,,,,Acute Care Hospitals,Proprietary,No
290045,SAINT ROSE DOMINICAN HOSPITALS - SIENA CAMPUS,HENDERSON,NV,89052,CLARK,176.0,172.0,249.0,,1.0,,very high,Acute Care Hospitals,Voluntary non-profit - Private,Yes
290046,SPRING VALLEY HOSPITAL MEDICAL CENTER,LAS VEGAS,NV,89118,CLARK,190.0,185.0,230.0,,0.0,,very high,Acute Care Hospitals,Proprietary,Yes
290047,SOUTHERN HILLS HOSPITAL AND MEDICAL CENTER,LAS VEGAS,NV,89148,CLARK,115.0,114.0,162.0,,0.0,,very high,Acute Care Hospitals,Proprietary,Yes
290049,RENOWN SOUTH MEADOWS MEDICAL CENTER,RENO,NV,89521,WASHOE,182.0,181.0,,,1.0,,medium,Acute Care Hospitals,Voluntary non-profit - Private,Yes
290053,SAINT ROSE DOMINICAN HOSPITALS - SAN MARTIN CAMPUS,LAS VEGAS,NV,89113,CLARK,172.0,167.0,384.0,,0.0,,medium,Acute Care Hospitals,Voluntary non-profit - Private,Yes
290054,CENTENNIAL HILLS HOSPITAL MEDICAL CENTER,LAS VEGAS,NV,89149,CLARK,176.0,168.0,316.0,,0.0,,high,Acute Care Hospitals,Proprietary,Yes
290057,HENDERSON HOSPITAL,HENDERSON,NV,89011,CLARK,163.0,160.0,222.0,,0.0,,very high,Acute Care Hospitals,Proprietary,Yes
290058,SAINT ROSE DOMINICAN HOSPITALS - NORTH LAS VEGAS,NORTH LAS VEGAS,NV,89031,CLARK,96.0,91.0,,278.0,1.0,47.0,very high,Acute Care Hospitals,Proprietary,Yes
290062,WEST HENDERSON HOSPITAL,HENDERSON,NV,89052,CLARK,156.0,155.0,213.0,,,,,Acute Care Hospitals,Proprietary,Yes
291300,MOUNT GRANT GENERAL HOSPITAL,HAWTHORNE,NV,89415,MINERAL,83.0,82.0,,,1.0,,low,Critical Access Hospitals,Government - Hospital District or Authority,Yes
291301,INCLINE VILLAGE COMMUNITY HOSPITAL,INCLINE VILLAGE,NV,89451,WASHOE,90.0,85.0,,238.0,1.0,,low,Critical Access Hospitals,Government - Hospital District or Authority,Yes
291302,WILLIAM BEE RIRIE HOSPITAL,ELY,NV,89301,WHITE PINE,260.0,194.0,451.0,264.0,2.0,,low,Critical Access Hospitals,Government - Hospital District or Authority,Yes
291303,BATTLE MOUNTAIN GENERAL HOSPITAL,BATTE MTN,NV,89820,LANDER,125.0,115.0,,198.0,1.0,,low,Critical Access Hospitals,Government - Hospital District or Authority,Yes
291304,PERSHING GENERAL HOSPITAL,LOVELOCK,NV,89419,PERSHING,160.0,113.0,184.0,238.0,1.0,,low,Critical Access Hospitals,Government - Hospital District or Authority,Yes
291306,CARSON VALLEY HEALTH,GARDNERVILLE,NV,89410,DOUGLAS,148.0,143.0,,192.0,2.0,,low,Critical Access Hospitals,Voluntary non-profit - Private,Yes
291307,MESA VIEW REGIONAL HOSPITAL,MESQUITE,NV,89027,CLARK,145.0,144.0,124.0,256.0,0.0,,low,Critical Access Hospitals,Proprietary,Yes
291308,HUMBOLDT GENERAL HOSPITAL,WINNEMUCCA,NV,89445,HUMBOLDT,121.0,113.0,285.0,270.0,1.0,31.0,low,Critical Access Hospitals,Government - Hospital District or Authority,Yes
291309,BOULDER CITY HOSPITAL,BOULDER CITY,NV,89005,CLARK,107.0,108.0,,,1.0,,low,Critical Access Hospitals,Voluntary non-profit - Private,Yes
291311,DESERT VIEW HOSPITAL,PAHRUMP,NV,89048,NYE,193.0,163.0,314.0,300.0,1.0,,medium,Critical Access Hospitals,Proprietary,Yes
291312,GROVER C DILS MEDICAL CENTER,CALIENTE,NV,89008,LINCOLN,161.0,152.0,,209.0,0.0,,low,Critical Access Hospitals,Voluntary non-profit - Private,Yes
291313,BANNER CHURCHILL COMMUNITY HOSPITAL,FALLON,NV,89406,CHURCHILL,129.0,124.0,201.0,212.0,1.0,75.0,medium,Critical Access Hospitals,Voluntary non-profit - Private,Yes
291314,SOUTH LYON MEDICAL CENTER,YERINGTON,NV,89447,LYON,98.0,98.0,,,1.0,,low,Critical Access Hospitals,Voluntary non-profit - Private,Yes
300001,CONCORD HOSPITAL,CONCORD,NH,3301,MERRIMACK,248.0,243.0,339.0,,5.0,57.0,high,Acute Care Hospitals,Voluntary non-profit - Private,No
300003,MARY HITCHCOCK MEMORIAL HOSPITAL,LEBANON,NH,3756,GRAFTON,275.0,264.0,404.0,,1.0,,medium,Acute Care Hospitals,Voluntary non-profit - Private,Yes
300005,CONCORD HOSPITAL- LACONIA,LACONIA,NH,3246,BELKNAP,202.0,197.0,229.0,299.0,4.0,56.0,medium,Acute Care Hospitals,Voluntary non-profit - Private,Yes
300011,ST JOSEPH HOSPITAL,NASHUA,NH,3060,HILLSBOROUGH,204.0,202.0,294.0,,4.0,,medium,Acute Care Hospitals,Voluntary non-profit - Other,Yes
300012,ELLIOT HOSPITAL,MANCHESTER,NH,3103,HILLSBOROUGH,297.0,291.0,322.0,,11.0,67.0,high,Acute Care Hospitals,Voluntary non-profit - Private,Yes
300014,FRISBIE MEMORIAL HOSPITAL,ROCHESTER,NH,3867,STRAFFORD,148.0,132.0,968.0,337.0,1.0,,low,Acute Care Hospitals,Proprietary,Yes
300017,PARKLAND MEDICAL CENTER,DERRY,NH,3038,ROCKINGHAM,125.0,120.0,178.0,349.0,1.0,65.0,medium,Acute Care Hospitals,Proprietary,Yes
300018,WENTWORTH-DOUGLASS HOSPITAL,DOVER,NH,3820,STRAFFORD,243.0,242.0,236.0,378.0,2.0,91.0,high,Acute Care Hospitals,Voluntary non-profit - Private,Yes
300019,CHESHIRE MEDICAL CENTER,KEENE,NH,3431,CHESHIRE,219.0,214.0,432.0,,3.0,58.0,medium,Acute Care Hospitals,Voluntary non-profit - Private,Yes
300020,SOUTHERN NH MEDICAL CENTER,NASHUA,NH,3060,HILLSBOROUGH,218.0,218.0,192.0,,5.0,15.0,high,Acute Care Hospitals,Voluntary non-profit - Private,Yes
300023,EXETER HOSPITAL INC,EXETER,NH,3833,ROCKINGHAM,217.0,206.0,1103.0,,3.0,50.0,medium,Acute Care Hospitals,Voluntary non-profit - Private,Yes
300029,PORTSMOUTH REGIONAL HOSPITAL,PORTSMOUTH,NH,3801,ROCKINGHAM,134.0,132.0,202.0,,1.0,,high,Acute Care Hospitals,Proprietary,Yes
300034,CATHOLIC MEDICAL CENTER,MANCHESTER,NH,3102,HILLSBOROUGH,224.0,221.0,528.0,,1.0,,medium,Acute Care Hospitals,Voluntary non-profit - Private,Yes
301300,UPPER CONNECTICUT VALLEY HOSPITAL,COLEBROOK,NH,3576,COOS,91.0,85.0,209.0,296.0,,,,Critical Access Hospitals,Voluntary non-profit - Private,Yes
301301,COTTAGE HOSPITAL,WOODSVILLE,NH,3785,GRAFTON,128.0,120.0,,498.0,1.0,,low,Critical Access Hospitals,Voluntary non-profit - Private,Yes
301302,LITTLETON REGIONAL HEALTHCARE,LITTLETON,NH,3561,GRAFTON,140.0,137.0,224.0,292.0,1.0,62.0,low,Critical Access Hospitals,Voluntary non-profit - Private,Yes
301303,WEEKS MEDICAL CENTER,LANCASTER,NH,3584,COOS,113.0,107.0,211.0,297.0,,,,Critical Access Hospitals,Voluntary non-profit - Private,Yes
301304,NEW LONDON HOSPITAL,NEW LONDON,NH,3257,MERRIMACK,163.0,160.0,125.0,294.0,1.0,,low,Critical Access Hospitals,Voluntary non-profit - Private,Yes
301305,ALICE PECK DAY MEMORIAL HOSPITAL,LEBANON,NH,3766,GRAFTON,123.0,118.0,,236.0,1.0,,low,Critical Access Hospitals,Voluntary non-profit - Private,Yes
301306,CONCORD HOSPITAL- FRANKLIN,FRANKLIN,NH,3235,MERRIMACK,157.0,130.0,225.0,334.0,2.0,82.0,low,Critical Access Hospitals,Voluntary non-profit - Private,Yes
301307,"MEMORIAL HOSPITAL, THE",NORTH CONWAY,NH,3860,CARROLL,126.0,121.0,410.0,,0.0,64.0,low,Critical Access Hospitals,Voluntary non-profit - Private,Yes
301308,VALLEY REGIONAL HOSPITAL,CLAREMONT,NH,3743,SULLIVAN,168.0,163.0,194.0,406.0,2.0,,low,Critical Access Hospitals,Voluntary non-profit - Private,Yes
301309,MONADNOCK COMMUNITY HOSPITAL,PETERBOROUGH,NH,3458,HILLSBOROUGH,148.0,136.0,232.0,303.0,1.0,,low,Critical Access Hospitals,Voluntary non-profit - Private,Yes
301310,ANDROSCOGGIN VALLEY HOSPITAL,BERLIN,NH,3570,COOS,117.0,112.0,201.0,341.0,,,,Critical Access Hospitals,Voluntary non-profit - Private,Yes
301311,SPEARE MEMORIAL HOSPITAL,PLYMOUTH,NH,3264,GRAFTON,139.0,136.0,342.0,352.0,0.0,,low,Critical Access Hospitals,Voluntary non-profit - Private,Yes
301312,HUGGINS HOSPITAL,WOLFEBORO,NH,3894,CARROLL,181.0,169.0,254.0,306.0,2.0,,low,Critical Access Hospitals,Voluntary non-profit - Private,Yes
310001,HACKENSACK UNIVERSITY MEDICAL CENTER,HACKENSACK,NJ,7601,BERGEN,203.0,202.0,249.0,,1.0,93.0,very high,Acute Care Hospitals,Voluntary non-profit - Private,Yes
310002,NEWARK BETH ISRAEL MEDICAL CENTER,NEWARK,NJ,7112,ESSEX,182.0,176.0,246.0,,2.0,,very high,Acute Care Hospitals,Voluntary non-profit - Private,Yes
310003,PALISADES MEDICAL CENTER,NORTH BERGEN,NJ,7047,HUDSON,210.0,206.0,346.0,,2.0,,high,Acute Care Hospitals,Voluntary non-profit - Private,Yes
310005,HUNTERDON MEDICAL CENTER,FLEMINGTON,NJ,8822,HUNTERDON,237.0,230.0,397.0,,1.0,75.0,medium,Acute Care Hospitals,Voluntary non-profit - Private,No
310006,ST MARY'S GENERAL HOSPITAL,PASSAIC,NJ,7055,PASSAIC,188.0,182.0,388.0,,1.0,,medium,Acute Care Hospitals,Proprietary,Yes
310008,HOLY NAME MEDICAL CENTER,TEANECK,NJ,7666,BERGEN,205.0,204.0,390.0,,1.0,,high,Acute Care Hospitals,Voluntary non-profit - Private,Yes
310009,CLARA MAASS MEDICAL CENTER,BELLEVILLE,NJ,7109,ESSEX,143.0,142.0,206.0,,0.0,,very high,Acute Care Hospitals,Voluntary non-profit - Private,Yes
310010,UNIVERSITY MEDICAL CENTER OF PRINCETON AT PLAINSBORO,PLAINSBORO,NJ,8536,MIDDLESEX,225.0,221.0,445.0,,1.0,60.0,high,Acute Care Hospitals,Voluntary non-profit - Private,Yes
310011,CAPE REGIONAL MEDICAL CENTER INC,CAPE MAY COURT HOUSE,NJ,8210,CAPE MAY,232.0,222.0,338.0,648.0,2.0,38.0,medium,Acute Care Hospitals,Voluntary non-profit - Private,Yes
310012,VALLEY HOSPITAL,PARAMUS,NJ,7652,BERGEN,229.0,227.0,338.0,,1.0,,very high,Acute Care Hospitals,Voluntary non-profit - Private,Yes
310014,COOPER UNIVERSITY HOSPITAL,CAMDEN,NJ,8103,CAMDEN,208.0,205.0,279.0,,3.0,,very high,Acute Care Hospitals,Voluntary non-profit - Private,Yes
310015,MORRISTOWN MEDICAL CENTER,MORRISTOWN,NJ,7962,MORRIS,252.0,250.0,,,1.0,59.0,very high,Acute Care Hospitals,Voluntary non-profit - Private,Yes
310016,HEIGHTS UNIVERSITY HOSPITAL,JERSEY CITY,NJ,7306,HUDSON,163.0,159.0,240.0,,3.0,,medium,Acute Care Hospitals,Voluntary non-profit - Church,No
310017,CHILTON MEDICAL CENTER,POMPTON PLAINS,NJ,7444,MORRIS,209.0,207.0,,,2.0,80.0,high,Acute Care Hospitals,Voluntary non-profit - Private,Yes
310019,ST JOSEPH'S UNIVERSITY MEDICAL CENTER INC,PATERSON,NJ,7503,PASSAIC,219.0,217.0,380.0,,5.0,,very high,Acute Care Hospitals,Voluntary non-profit - Church,No
310022,WEST JERSEY HOSPITAL,VOORHEES,NJ,8043,CAMDEN,162.0,145.0,,1604.0,2.0,70.0,very high,Acute Care Hospitals,Voluntary non-profit - Private,Yes
310024,ROBERT WOOD JOHNSON UNIVERSITY HOSPITAL AT RAHWAY,RAHWAY,NJ,7065,UNION,115.0,114.0,,,0.0,,medium,Acute Care Hospitals,Voluntary non-profit - Private,Yes
310025,CAREPOINT HEALTH - BAYONNE MEDICAL CENTER,BAYONNE,NJ,7002,HUDSON,214.0,206.0,306.0,293.0,2.0,,low,Acute Care Hospitals,Voluntary non-profit - Private,No
310027,TRINITAS REGIONAL MEDICAL CENTER,ELIZABETH,NJ,7207,UNION,201.0,209.0,187.0,,1.0,82.0,high,Acute Care Hospitals,Voluntary non-profit - Private,Yes
310028,NEWTON MEDICAL CENTER,NEWTON,NJ,7860,SUSSEX,174.0,168.0,248.0,396.0,1.0,82.0,medium,Acute Care Hospitals,Voluntary non-profit - Private,Yes
310029,VIRTUA OUR LADY OF LOURDES HOSPITAL,CAMDEN,NJ,8103,CAMDEN,184.0,168.0,299.0,1423.0,1.0,,high,Acute Care Hospitals,Government - State,Yes
310031,DEBORAH HEART AND LUNG CENTER,BROWNS MILLS,NJ,8015,BURLINGTON,,,,,,,,Acute Care Hospitals,Voluntary non-profit - Private,No
310032,INSPIRA MEDICAL CENTER VINELAND,VINELAND,NJ,8360,CUMBERLAND,205.0,201.0,304.0,,3.0,69.0,very high,Acute Care Hospitals,Voluntary non-profit - Private,Yes
310034,RIVERVIEW MEDICAL CENTER,RED BANK,NJ,7701,MONMOUTH,210.0,202.0,684.0,225.0,1.0,,medium,Acute Care Hospitals,Voluntary non-profit - Private,Yes
310038,ROBERT WOOD JOHNSON UNIVERSITY HOSPITAL,NEW BRUNSWICK,NJ,8901,MIDDLESEX,203.0,206.0,156.0,,1.0,,very high,Acute Care Hospitals,Voluntary non-profit - Private,Yes
310039,RARITAN BAY MEDICAL CENTER,PERTH AMBOY,NJ,8861,MIDDLESEX,188.0,178.0,412.0,306.0,3.0,65.0,high,Acute Care Hospitals,Voluntary non-profit - Private,Yes
310040,CAREPOINT HEALTH-HOBOKEN UNIVERSITY MEDICAL CENTER,HOBOKEN,NJ,7030,HUDSON,223.0,222.0,236.0,,3.0,,medium,Acute Care Hospitals,Voluntary non-profit - Church,No
310041,COMMUNITY MEDICAL CENTER,TOMS RIVER,NJ,8755,OCEAN,179.0,180.0,148.0,,0.0,81.0,very high,Acute Care Hospitals,Voluntary non-profit - Private,Yes
310044,CAPITAL HEALTH MEDICAL CENTER - HOPEWELL,PENNINGTON,NJ,8534,MERCER,216.0,209.0,,384.0,2.0,77.0,very high,Acute Care Hospitals,Voluntary non-profit - Private,Yes
310045,ENGLEWOOD HOSPITAL AND MEDICAL CENTER,ENGLEWOOD,NJ,7631,BERGEN,188.0,183.0,247.0,,1.0,,very high,Acute Care Hospitals,Voluntary non-profit - Private,Yes
310047,SHORE MEDICAL CENTER,SOMERS POINT,NJ,8244,ATLANTIC,152.0,148.0,249.0,,1.0,75.0,high,Acute Care Hospitals,Voluntary non-profit - Private,Yes
310048,ROBERT WOOD JOHNSON UNIVERSITY HOSPITAL - SOMERSET,SOMERVILLE,NJ,8876,SOMERSET,191.0,188.0,308.0,,1.0,64.0,high,Acute Care Hospitals,Voluntary non-profit - Private,Yes
310050,SAINT CLARE'S HOSPITAL/ DENVILLE CAMPUS,DENVILLE,NJ,7834,MORRIS,178.0,166.0,570.0,,1.0,,high,Acute Care Hospitals,Proprietary,Yes
310051,OVERLOOK MEDICAL CENTER,SUMMIT,NJ,7901,UNION,192.0,192.0,,,1.0,,very high,Acute Care Hospitals,Voluntary non-profit - Private,Yes
310052,OCEAN MEDICAL CENTER,BRICK,NJ,8724,OCEAN,148.0,142.0,308.0,,1.0,,very high,Acute Care Hospitals,Voluntary non-profit - Other,Yes
310054,HACKENSACK MERIDIAN MOUNTAINSIDE MEDICAL,MONTCLAIR,NJ,7042,ESSEX,230.0,229.0,385.0,,2.0,,high,Acute Care Hospitals,Proprietary,Yes
310057,VIRTUA MOUNT HOLLY HOSPITAL,MOUNT HOLLY,NJ,8060,BURLINGTON,220.0,198.0,288.0,1641.0,4.0,53.0,high,Acute Care Hospitals,Voluntary non-profit - Private,Yes
310058,BERGEN NEW BRIDGE MEDICAL CENTER,PARAMUS,NJ,7652,BERGEN,155.0,145.0,188.0,,0.0,,low,Acute Care Hospitals,Voluntary non-profit - Private,Yes
310060,ST LUKE'S WARREN HOSPITAL,PHILLIPSBURG,NJ,8865,WARREN,142.0,140.0,308.0,,1.0,,medium,Acute Care Hospitals,Voluntary non-profit - Private,Yes
310061,VIRTUA WILLINGBORO HOSPITAL,WILLINGBORO,NJ,8046,BURLINGTON,196.0,178.0,335.0,820.0,2.0,,medium,Acute Care Hospitals,Voluntary non-profit - Private,Yes
310064,ATLANTICARE REGIONAL MEDICAL CENTER - CITY CAMPUS,ATLANTIC CITY,NJ,8401,ATLANTIC,182.0,174.0,341.0,,3.0,68.0,very high,Acute Care Hospitals,Voluntary non-profit - Private,Yes
310069,INSPIRA MEDICAL CENTER MULLICA HILL,ELMER,NJ,8318,SALEM,197.0,187.0,384.0,411.0,2.0,79.0,very high,Acute Care Hospitals,Voluntary non-profit - Private,Yes
310070,SAINT PETER'S UNIVERSITY HOSPITAL,NEW BRUNSWICK,NJ,8901,MIDDLESEX,217.0,208.0,748.0,,3.0,,high,Acute Care Hospitals,Voluntary non-profit - Private,Yes
310073,JERSEY SHORE UNIVERSITY MEDICAL CENTER,NEPTUNE,NJ,7754,MONMOUTH,216.0,210.0,911.0,163.0,2.0,,very high,Acute Care Hospitals,Voluntary non-profit - Private,Yes
310074,JERSEY CITY MEDICAL CENTER,JERSEY CITY,NJ,7302,HUDSON,190.0,187.0,338.0,,1.0,,very high,Acute Care Hospitals,Voluntary non-profit - Private,Yes
310075,MONMOUTH MEDICAL CENTER,LONG BRANCH,NJ,7740,MONMOUTH,143.0,136.0,292.0,,0.0,,high,Acute Care Hospitals,Voluntary non-profit - Private,Yes
310076,COOPERMAN BARNABAS MEDICAL CENTER,LIVINGSTON,NJ,7039,ESSEX,131.0,129.0,,,0.0,,very high,Acute Care Hospitals,Voluntary non-profit - Private,Yes
310083,CAREWELL HEALTH MEDICAL CENTER,EAST ORANGE,NJ,7018,ESSEX,185.0,176.0,242.0,,1.0,,medium,Acute Care Hospitals,Proprietary,Yes
310084,MONMOUTH MEDICAL CENTER-SOUTHERN CAMPUS,LAKEWOOD,NJ,8701,OCEAN,150.0,141.0,376.0,,1.0,,medium,Acute Care Hospitals,Voluntary non-profit - Private,Yes
310086,JEFFERSON STRATFORD HOSPITAL,STRATFORD,NJ,8084,CAMDEN,219.0,215.0,243.0,,1.0,,very high,Acute Care Hospitals,Voluntary non-profit - Private,Yes
310092,CAPITAL HEALTH REGIONAL MEDICAL CENTER,TRENTON,NJ,8638,MERCER,186.0,180.0,247.0,465.0,4.0,,very high,Acute Care Hospitals,Voluntary non-profit - Private,Yes
310096,SAINT MICHAEL'S MEDICAL CENTER,NEWARK,NJ,7102,ESSEX,172.0,169.0,235.0,,3.0,,medium,Acute Care Hospitals,Voluntary non-profit - Private,Yes
310108,JFK UNIVERSITY MEDICAL CENTER,EDISON,NJ,8818,MIDDLESEX,205.0,197.0,452.0,,2.0,,very high,Acute Care Hospitals,Voluntary non-profit - Private,Yes
310110,ROBERT WOOD JOHNSON UNIVERSITY HOSPITAL AT HAMILTON,HAMILTON,NJ,8690,MERCER,172.0,172.0,,,1.0,,medium,Acute Care Hospitals,Voluntary non-profit - Private,Yes
310111,CENTRASTATE MEDICAL CENTER,FREEHOLD,NJ,7728,MONMOUTH,222.0,219.0,335.0,,2.0,,high,Acute Care Hospitals,Voluntary non-profit - Private,Yes
310112,BAYSHORE MEDICAL CENTER,HOLMDEL,NJ,7733,MONMOUTH,165.0,161.0,436.0,,0.0,93.0,high,Acute Care Hospitals,Voluntary non-profit - Private,Yes
310113,SOUTHERN OCEAN MEDICAL CENTER,MANAHAWKIN,NJ,8050,OCEAN,168.0,163.0,249.0,202.0,0.0,100.0,high,Acute Care Hospitals,Voluntary non-profit - Private,Yes
310115,AHS HOSPITAL CORP,HACKETTSTOWN,NJ,7840,WARREN,186.0,182.0,,,1.0,85.0,medium,Acute Care Hospitals,Voluntary non-profit - Private,Yes
310118,HUDSON REGIONAL HOSPITAL,SECAUCUS,NJ,7094,HUDSON,168.0,166.0,328.0,,2.0,,low,Acute Care Hospitals,Proprietary,Yes
310119,THE UNIVERSITY HOSPITAL,NEWARK,NJ,7103,ESSEX,316.0,307.0,794.0,,8.0,,very high,Acute Care Hospitals,Government - State,Yes
310130,HACKENSACK MERIDIAN HEALTH PASCACK VALLEY MEDICAL,WESTWOOD,NJ,7675,BERGEN,143.0,142.0,,,0.0,,low,Acute Care Hospitals,Proprietary,Yes
313300,CHILDREN'S SPECIALIZED HOSPITAL,NEW BRUNSWICK,NJ,8901,MIDDLESEX,,,,,,,,Childrens,Voluntary non-profit - Private,No
313302,WEISMAN CHILDRENS REHABILITATION HOSPITAL,MARLTON,NJ,8053,BURLINGTON,,,,,,,,Childrens,Proprietary,No
320001,UNM HOSPITAL,ALBUQUERQUE,NM,87106,BERNALILLO,283.0,273.0,334.0,384.0,2.0,76.0,very high,Acute Care Hospitals,Government - State,Yes
320002,CHRISTUS ST VINCENT REGIONAL MEDICAL CENTER,SANTA FE,NM,87505,SANTA FE,176.0,173.0,285.0,,1.0,36.0,high,Acute Care Hospitals,Voluntary non-profit - Private,Yes
320004,CHRISTUS SOUTHERN NEW MEXICO,ALAMOGORDO,NM,88310,OTERO,208.0,202.0,349.0,370.0,2.0,88.0,medium,Acute Care Hospitals,Voluntary non-profit - Private,Yes
320005,SAN JUAN REGIONAL MEDICAL CENTER INC,FARMINGTON,NM,87401,SAN JUAN,199.0,190.0,312.0,,7.0,43.0,very high,Acute Care Hospitals,Voluntary non-profit - Private,Yes
320006,EASTERN NEW MEXICO MEDICAL CENTER,ROSWELL,NM,88201,CHAVES,195.0,188.0,268.0,597.0,2.0,,medium,Acute Care Hospitals,Proprietary,Yes
320009,LOVELACE MEDICAL CENTER,ALBUQUERQUE,NM,87102,BERNALILLO,216.0,212.0,334.0,,2.0,,medium,Acute Care Hospitals,Proprietary,Yes
320011,PRESBYTERIAN ESPANOLA HOSPITAL,ESPANOLA,NM,87532,RIO ARRIBA,172.0,168.0,322.0,,4.0,,medium,Acute Care Hospitals,Voluntary non-profit - Private,Yes
320017,LOVELACE WOMEN'S HOSPITAL,ALBUQUERQUE,NM,87109,BERNALILLO,207.0,205.0,178.0,,2.0,,medium,Acute Care Hospitals,Proprietary,Yes
320018,MEMORIAL MEDICAL CENTER,LAS CRUCES,NM,88011,DONA ANA,211.0,206.0,406.0,457.0,1.0,62.0,medium,Acute Care Hospitals,Proprietary,Yes
320021,PRESBYTERIAN HOSPITAL,ALBUQUERQUE,NM,87106,BERNALILLO,288.0,280.0,401.0,,8.0,40.0,very high,Acute Care Hospitals,Voluntary non-profit - Private,Yes
320022,PLAINS REGIONAL MEDICAL CENTER,CLOVIS,NM,88101,CURRY,199.0,192.0,388.0,398.0,5.0,18.0,medium,Acute Care Hospitals,Voluntary non-profit - Private,Yes
320030,ARTESIA GENERAL HOSPITAL,ARTESIA,NM,88210,EDDY,102.0,99.0,118.0,298.0,2.0,,low,Acute Care Hospitals,Voluntary non-profit - Private,Yes
320033,LOS ALAMOS MEDICAL CENTER,LOS ALAMOS,NM,87544,LOS ALAMOS,189.0,168.0,448.0,474.0,2.0,,low,Acute Care Hospitals,Proprietary,Yes
320057,SANTA FE PHS INDIAN HOSPITAL,SANTA FE,NM,87501,SANTA FE,,,,,,,,Acute Care Hospitals,Government - Federal,No
320059,NORTHERN NAVAJO MEDICAL CENTER,SHIPROCK,NM,87420,SAN JUAN,,,,,,,,Acute Care Hospitals,Government - Federal,Yes
320060,ZUNI COMPREHENSIVE COMMUNITY HEALTH CENTER,ZUNI,NM,87327,MCKINLEY,,,,,,,,Acute Care Hospitals,Government - Federal,No
320061,GALLUP INDIAN MEDICAL CENTER,GALLUP,NM,87301,MCKINLEY,,,,,,,,Acute Care Hospitals,Government - Federal,Yes
320062,CROWNPOINT HEALTHCARE FACILITY,CROWNPOINT,NM,87313,MCKINLEY,,,,,,,,Acute Care Hospitals,Government - Federal,Yes
320063,CARLSBAD MEDICAL CENTER,CARLSBAD,NM,88220,EDDY,202.0,192.0,320.0,481.0,3.0,,medium,Acute Care Hospitals,Voluntary non-profit - Other,Yes
320065,COVENANT HEALTH HOBBS HOSPITAL,HOBBS,NM,88240,LEA,181.0,170.0,309.0,460.0,3.0,,medium,Acute Care Hospitals,Voluntary non-profit - Private,Yes
320074,LOVELACE WESTSIDE HOSPITAL,ALBUQUERQUE,NM,87114,BERNALILLO,164.0,159.0,209.0,630.0,2.0,,medium,Acute Care Hospitals,Proprietary,Yes
320084,ROOSEVELT GENERAL HOSPITAL,PORTALES,NM,88130,ROOSEVELT,163.0,162.0,225.0,,3.0,0.0,low,Acute Care Hospitals,Government - Hospital District or Authority,Yes
320085,MOUNTAIN VIEW REGIONAL MEDICAL CENTER,LAS CRUCES,NM,88011,DONA ANA,168.0,161.0,293.0,,3.0,,high,Acute Care Hospitals,Proprietary,Yes
320086,LOVELACE REGIONAL HOSPITAL - ROSWELL,ROSWELL,NM,88201,CHAVES,132.0,130.0,173.0,,1.0,,low,Acute Care Hospitals,Proprietary,Yes
320090,PRESBYTERIAN SANTA FE MEDICAL CENTER,SANTA FE,NM,87507,SANTA FE,226.0,225.0,254.0,,4.0,,medium,Acute Care Hospitals,Voluntary non-profit - Private,Yes
320091,THREE CROSSES REGIONAL HOSPITAL LLC,LAS CRUCES,NM,88001,DONA ANA,158.0,151.0,141.0,438.0,3.0,,low,Acute Care Hospitals,Proprietary,Yes
320779,GUADALUPE COUNTY HOSPITAL,SANTA ROSA,NM,88435,GUADALUPE,,,,,,,,Rural Emergency Hospital,Government - Local,Yes
321300,SIERRA VISTA HOSPITAL,T OR C,NM,87901,SIERRA,200.0,175.0,178.0,361.0,0.0,,low,Critical Access Hospitals,Government - Local,No
321301,SOCORRO GENERAL HOSPITAL,SOCORRO,NM,87801,SOCORRO,148.0,139.0,251.0,686.0,2.0,,low,Critical Access Hospitals,Voluntary non-profit - Private,Yes
321302,DR DAN C TRIGG MEMORIAL HOSPITAL,TUCUMCARI,NM,88401,QUAY,120.0,113.0,202.0,304.0,0.0,,low,Critical Access Hospitals,Voluntary non-profit - Private,Yes
321304,UNION COUNTY GENERAL HOSPITAL,CLAYTON,NM,88415,UNION,134.0,132.0,,196.0,,,,Critical Access Hospitals,Government - Local,Yes
321305,NOR-LEA HOSPITAL DISTRICT,LOVINGTON,NM,88260,LEA,,,,,1.0,,low,Critical Access Hospitals,Government - Hospital District or Authority,Yes
321306,LINCOLN COUNTY MEDICAL CENTER,RUIDOSO,NM,88345,LINCOLN,149.0,146.0,269.0,361.0,2.0,,low,Critical Access Hospitals,Voluntary non-profit - Private,Yes
321307,MINERS' COLFAX MEDICAL CENTER,RATON,NM,87740,COLFAX,124.0,118.0,175.0,382.0,,,,Critical Access Hospitals,Government - State,Yes
321308,CIBOLA GENERAL HOSPITAL,GRANTS,NM,87020,CIBOLA,123.0,115.0,252.0,384.0,,,,Critical Access Hospitals,Voluntary non-profit - Private,Yes
321309,MIMBRES VALLEY MEDICAL CENTER,DEMING,NM,88031,LUNA,161.0,148.0,188.0,354.0,2.0,85.0,low,Critical Access Hospitals,Proprietary,Yes
321310,HOLY CROSS HOSPITAL A DIV OF TAOS HEALTH SYSTEMS,TAOS,NM,87571,TAOS,92.0,92.0,52.0,,3.0,95.0,low,Critical Access Hospitals,Voluntary non-profit - Private,Yes
321311,GILA REGIONAL MEDICAL CENTER,SILVER CITY,NM,88061,GRANT,202.0,191.0,335.0,538.0,2.0,,low,Critical Access Hospitals,Government - Local,Yes
321312,ALTA VISTA REGIONAL HOSPITAL,LAS VEGAS,NM,87701,SAN MIGUEL,,,,,,,,Critical Access Hospitals,Proprietary,Yes
321313,REHOBOTH MCKINLEY CHRISTIAN HEALTH CARE SERVICES,GALLUP,NM,87301,MCKINLEY,141.0,136.0,187.0,473.0,4.0,,low,Critical Access Hospitals,Voluntary non-profit - Private,Yes
330005,KALEIDA HEALTH,BUFFALO,NY,14210,ERIE,231.0,230.0,,,2.0,,very high,Acute Care Hospitals,Voluntary non-profit - Private,Yes
330006,ST JOSEPH'S MEDICAL CENTER,YONKERS,NY,10701,WESTCHESTER,209.0,201.0,242.0,727.0,2.0,,medium,Acute Care Hospitals,Voluntary non-profit - Private,Yes
330009,BRONXCARE HOSPITAL CENTER,BRONX,NY,10456,BRONX,190.0,186.0,288.0,,3.0,,very high,Acute Care Hospitals,Voluntary non-profit - Private,Yes
330011,"OUR LADY OF LOURDES MEMORIAL HOSPITAL, INC",BINGHAMTON,NY,13905,BROOME,223.0,219.0,,,3.0,,low,Acute Care Hospitals,Voluntary non-profit - Private,Yes
330013,ALBANY MEDICAL CENTER HOSPITAL,ALBANY,NY,12208,ALBANY,276.0,266.0,445.0,,5.0,,very high,Acute Care Hospitals,Voluntary non-profit - Private,Yes
330014,JAMAICA HOSPITAL MEDICAL CENTER,JAMAICA,NY,11418,QUEENS,228.0,227.0,292.0,,3.0,,very high,Acute Care Hospitals,Voluntary non-profit - Private,Yes
330019,"NEW YORK COMMUNITY HOSPITAL OF BROOKLYN, INC.",BROOKLYN,NY,11229,KINGS,196.0,193.0,182.0,,,,,Acute Care Hospitals,Voluntary non-profit - Private,Yes
330023,VASSAR BROTHERS MEDICAL CENTER,POUGHKEEPSIE,NY,12601,DUTCHESS,295.0,295.0,,,2.0,,high,Acute Care Hospitals,Voluntary non-profit - Private,Yes
330024,MOUNT SINAI HOSPITAL,NEW YORK,NY,10029,NEW YORK,250.0,248.0,362.0,,2.0,72.0,very high,Acute Care Hospitals,Voluntary non-profit - Private,Yes
330027,NASSAU UNIVERSITY MEDICAL CENTER,EAST MEADOW,NY,11554,NASSAU,221.0,164.0,303.0,467.0,3.0,70.0,very high,Acute Care Hospitals,Government - State,Yes
330028,RICHMOND UNIVERSITY MEDICAL CENTER,STATEN ISLAND,NY,10310,RICHMOND,200.0,200.0,214.0,,0.0,,high,Acute Care Hospitals,Voluntary non-profit - Private,Yes
330030,NEWARK-WAYNE COMMUNITY HOSPITAL,NEWARK,NY,14513,WAYNE,210.0,205.0,306.0,348.0,3.0,92.0,medium,Acute Care Hospitals,Voluntary non-profit - Private,Yes
330033,CHENANGO MEMORIAL HOSPITAL,NORWICH,NY,13815,CHENANGO,109.0,108.0,,,1.0,,low,Acute Care Hospitals,Voluntary non-profit - Private,Yes
330043,NS/LIJ HS SOUTHSIDE HOSPITAL,BAY SHORE,NY,11706,SUFFOLK,304.0,284.0,422.0,,1.0,,very high,Acute Care Hospitals,Voluntary non-profit - Private,Yes
330044,WYNN HOSPITAL,UTICA,NY,13503,ONEIDA,218.0,211.0,352.0,,3.0,82.0,very high,Acute Care Hospitals,Voluntary non-profit - Private,Yes
330045,NS/LIJ HS HUNTINGTON HOSPITAL,HUNTINGTON,NY,11743,SUFFOLK,198.0,194.0,298.0,,1.0,,high,Acute Care Hospitals,Voluntary non-profit - Private,Yes
330046,MOUNT SINAI WEST,NEW YORK,NY,10019,NEW YORK,274.0,272.0,303.0,,2.0,,very high,Acute Care Hospitals,Voluntary non-profit - Church,Yes
330047,St Marys Healthcare,AMSTERDAM,NY,12010,MONTGOMERY,171.0,155.0,222.0,334.0,2.0,,low,Acute Care Hospitals,Voluntary non-profit - Private,Yes
330049,NORTHERN DUTCHESS HOSPITAL,RHINEBECK,NY,12572,DUTCHESS,205.0,204.0,290.0,324.0,3.0,,medium,Acute Care Hospitals,Voluntary non-profit - Private,Yes
330055,NEW YORK-PRESBYTERIAN/QUEENS,FLUSHING,NY,11355,QUEENS,282.0,280.0,368.0,,6.0,,very high,Acute Care Hospitals,Voluntary non-profit - Private,Yes
330056,BROOKLYN HOSPITAL CENTER - DOWNTOWN CAMPUS,BROOKLYN,NY,11201,KINGS,203.0,200.0,248.0,,3.0,,high,Acute Care Hospitals,Voluntary non-profit - Other,Yes
330057,ST PETER'S HOSPITAL,ALBANY,NY,12208,ALBANY,346.0,341.0,389.0,,7.0,61.0,high,Acute Care Hospitals,Voluntary non-profit - Private,Yes
330058,GENEVA GENERAL HOSPITAL,GENEVA,NY,14456,ONTARIO,195.0,190.0,210.0,306.0,3.0,85.0,medium,Acute Care Hospitals,Voluntary non-profit - Other,Yes
330059,MONTEFIORE MEDICAL CENTER,BRONX,NY,10467,BRONX,196.0,193.0,746.0,,1.0,,very high,Acute Care Hospitals,Voluntary non-profit - Private,Yes
330065,NIAGARA FALLS MEMORIAL MEDICAL CENTER,NIAGARA FALLS,NY,14302,NIAGARA,240.0,229.0,474.0,473.0,3.0,,medium,Acute Care Hospitals,Voluntary non-profit - Private,Yes
330073,UNITED MEMORIAL MEDICAL CENTER,BATAVIA,NY,14020,GENESEE,169.0,167.0,192.0,250.0,1.0,,medium,Acute Care Hospitals,Voluntary non-profit - Private,Yes
330074,F F THOMPSON HOSPITAL,CANANDAIGUA,NY,14424,ONTARIO,224.0,222.0,322.0,248.0,2.0,,medium,Acute Care Hospitals,Voluntary non-profit - Private,Yes
330078,SISTERS OF CHARITY HOSPITAL,BUFFALO,NY,14214,ERIE,203.0,203.0,,,3.0,,very high,Acute Care Hospitals,Voluntary non-profit - Private,Yes
330079,ADIRONDACK MEDICAL CENTER - SARANAC LAKE,SARANAC LAKE,NY,12983,FRANKLIN,143.0,136.0,231.0,192.0,0.0,,low,Acute Care Hospitals,Voluntary non-profit - Other,Yes
330080,LINCOLN MEDICAL & MENTAL HEALTH CENTER,BRONX,NY,10451,BRONX,253.0,234.0,336.0,,9.0,,medium,Acute Care Hospitals,Government - Local,Yes
330085,AURELIA OSBORN FOX MEMORIAL HOSPITAL,ONEONTA,NY,13820,OTSEGO,144.0,132.0,520.0,453.0,2.0,,medium,Acute Care Hospitals,Voluntary non-profit - Private,Yes
330086,MONTEFIORE MOUNT VERNON HOSPITAL,MOUNT VERNON,NY,10550,WESTCHESTER,204.0,195.0,352.0,430.0,1.0,,low,Acute Care Hospitals,Voluntary non-profit - Private,Yes
330090,ARNOT OGDEN MEDICAL CENTER,ELMIRA,NY,14905,CHEMUNG,221.0,212.0,331.0,,3.0,,medium,Acute Care Hospitals,Voluntary non-profit - Private,Yes
330094,COLUMBIA MEMORIAL HOSPITAL,HUDSON,NY,12534,COLUMBIA,259.0,243.0,863.0,326.0,4.0,22.0,medium,Acute Care Hospitals,Voluntary non-profit - Private,Yes
330096,JONES MEMORIAL HOSPITAL,WELLSVILLE,NY,14895,ALLEGANY,153.0,144.0,278.0,284.0,2.0,,low,Acute Care Hospitals,Voluntary non-profit - Private,Yes
330100,NY EYE AND EAR INFIRMARY OF MOUNT SINAI,NEW YORK,NY,10003,NEW YORK,,,,,,,,Acute Care Hospitals,Voluntary non-profit - Private,No
330101,NEW YORK-PRESBYTERIAN HOSPITAL,NEW YORK,NY,10065,NEW YORK,228.0,224.0,319.0,,1.0,,very high,Acute Care Hospitals,Voluntary non-profit - Private,Yes
330102,KENMORE MERCY HOSPITAL,KENMORE,NY,14217,ERIE,238.0,236.0,,326.0,3.0,91.0,medium,Acute Care Hospitals,Voluntary non-profit - Private,Yes
330103,OLEAN GENERAL HOSPITAL,OLEAN,NY,14760,CATTARAUGUS,147.0,140.0,203.0,327.0,3.0,80.0,medium,Acute Care Hospitals,Proprietary,Yes
330104,NYACK HOSPITAL,NYACK,NY,10960,ROCKLAND,240.0,239.0,272.0,,3.0,,high,Acute Care Hospitals,Voluntary non-profit - Private,Yes
330106,NORTH SHORE UNIVERSITY HOSPITAL,MANHASSET,NY,11030,NASSAU,252.0,252.0,,,3.0,,very high,Acute Care Hospitals,Voluntary non-profit - Private,Yes
330107,PECONIC BAY MEDICAL CENTER,RIVERHEAD,NY,11901,SUFFOLK,224.0,218.0,485.0,273.0,1.0,76.0,high,Acute Care Hospitals,Voluntary non-profit - Other,Yes
330111,BERTRAND CHAFFEE HOSPITAL,SPRINGVILLE,NY,14141,ERIE,151.0,145.0,,212.0,1.0,,low,Acute Care Hospitals,Voluntary non-profit - Private,Yes
330115,ONEIDA HEALTH HOSPITAL,ONEIDA,NY,13421,MADISON,162.0,160.0,,257.0,2.0,50.0,medium,Acute Care Hospitals,Voluntary non-profit - Private,Yes
330119,LENOX HILL HOSPITAL,NEW YORK,NY,10075,NEW YORK,185.0,184.0,,,2.0,,very high,Acute Care Hospitals,Voluntary non-profit - Private,Yes
330125,ROCHESTER GENERAL HOSPITAL,ROCHESTER,NY,14621,MONROE,239.0,233.0,355.0,414.0,1.0,,very high,Acute Care Hospitals,Voluntary non-profit - Private,Yes
330126,GARNET HEALTH MEDICAL CENTER,MIDDLETOWN,NY,10940,ORANGE,254.0,252.0,285.0,,5.0,74.0,very high,Acute Care Hospitals,Voluntary non-profit - Private,Yes
330127,JACOBI MEDICAL CENTER,BRONX,NY,10461,BRONX,224.0,220.0,,,2.0,,very high,Acute Care Hospitals,Government - Local,Yes
330128,ELMHURST HOSPITAL CENTER,ELMHURST,NY,11373,QUEENS,294.0,278.0,500.0,,2.0,,very high,Acute Care Hospitals,Government - Local,Yes
330135,BON SECOURS COMMUNITY HOSPITAL,PORT JERVIS,NY,12771,ORANGE,177.0,164.0,294.0,434.0,1.0,,low,Acute Care Hospitals,Voluntary non-profit - Private,Yes
330136,BASSETT HEALTHCARE,COOPERSTOWN,NY,13326,OTSEGO,204.0,199.0,1168.0,,2.0,,medium,Acute Care Hospitals,Voluntary non-profit - Private,Yes
330140,ST JOSEPH'S HOSPITAL HEALTH CENTER,SYRACUSE,NY,13203,ONONDAGA,227.0,226.0,212.0,,3.0,,high,Acute Care Hospitals,Voluntary non-profit - Church,Yes
330141,LONG ISLAND COMMUNITY HOSPITAL,PATCHOGUE,NY,11772,SUFFOLK,265.0,261.0,430.0,,1.0,96.0,high,Acute Care Hospitals,Voluntary non-profit - Private,Yes
330151,ST JAMES HOSPITAL,HORNELL,NY,14843,STEUBEN,163.0,148.0,396.0,437.0,4.0,,low,Acute Care Hospitals,Voluntary non-profit - Private,Yes
330153,ELLIS HOSPITAL,SCHENECTADY,NY,12308,SCHENECTADY,240.0,232.0,287.0,,2.0,85.0,high,Acute Care Hospitals,Voluntary non-profit - Private,Yes
330157,SAMARITAN MEDICAL CENTER,WATERTOWN,NY,13601,JEFFERSON,264.0,260.0,405.0,383.0,8.0,,medium,Acute Care Hospitals,Voluntary non-profit - Private,Yes
330158,GOOD SAMARITAN HOSPITAL OF SUFFERN,SUFFERN,NY,10901,ROCKLAND,220.0,215.0,349.0,,1.0,,medium,Acute Care Hospitals,Voluntary non-profit - Private,Yes
330160,STATEN ISLAND UNIVERSITY HOSPITAL,STATEN ISLAND,NY,10305,RICHMOND,183.0,182.0,,,1.0,,very high,Acute Care Hospitals,Voluntary non-profit - Private,Yes
330162,NORTHERN WESTCHESTER HOSPITAL,MOUNT KISCO,NY,10549,WESTCHESTER,200.0,196.0,201.0,,0.0,,medium,Acute Care Hospitals,Voluntary non-profit - Private,Yes
330164,HIGHLAND HOSPITAL,ROCHESTER,NY,14617,MONROE,302.0,304.0,,,4.0,,high,Acute Care Hospitals,Voluntary non-profit - Private,Yes
330166,"WESTFIELD MEMORIAL HOSPITAL, INC",WESTFIELD,NY,14787,CHAUTAUQUA,126.0,120.0,,343.0,1.0,,low,Acute Care Hospitals,Voluntary non-profit - Private,Yes
330169,MOUNT SINAI BETH ISRAEL,NEW YORK,NY,10003,NEW YORK,241.0,239.0,262.0,,1.0,,very high,Acute Care Hospitals,Voluntary non-profit - Private,Yes
330175,GUTHRIE CORTLAND REGIONAL MEDICAL CENTER,CORTLAND,NY,13045,CORTLAND,186.0,182.0,302.0,371.0,1.0,,medium,Acute Care Hospitals,Voluntary non-profit - Private,Yes
330180,"SAMARITAN HOSPITAL OF TROY, NEW YORK",TROY,NY,12180,RENSSELAER,245.0,228.0,375.0,461.0,4.0,72.0,high,Acute Care Hospitals,Voluntary non-profit - Private,Yes
330181,NORTHWELL HOSPITAL GLEN COVE,GLEN COVE,NY,11542,NASSAU,150.0,145.0,215.0,,0.0,,medium,Acute Care Hospitals,Voluntary non-profit - Private,Yes
330182,ST FRANCIS HOSPITAL - THE HEART CENTER,ROSLYN,NY,11576,NASSAU,222.0,224.0,,,0.0,,medium,Acute Care Hospitals,Voluntary non-profit - Church,Yes
330184,MONTEFIORE NEW ROCHELLE HOSPITAL,NEW ROCHELLE,NY,10802,WESTCHESTER,183.0,178.0,279.0,,1.0,,medium,Acute Care Hospitals,Voluntary non-profit - Private,Yes
330185,JOHN T MATHER MEMORIAL HOSPITAL  OF PORT JEFFERSON,PORT JEFFERSON,NY,11777,SUFFOLK,241.0,235.0,274.0,330.0,1.0,,medium,Acute Care Hospitals,Voluntary non-profit - Private,Yes
330188,MOUNT ST. MARY'S HOSPITAL & HEALTH CENTER,LEWISTON,NY,14092,NIAGARA,162.0,156.0,,282.0,1.0,90.0,high,Acute Care Hospitals,Voluntary non-profit - Private,Yes
330191,GLENS FALLS HOSPITAL,GLENS FALLS,NY,12801,WARREN,266.0,260.0,396.0,,4.0,71.0,high,Acute Care Hospitals,Voluntary non-profit - Private,Yes
330193,FLUSHING HOSPITAL MEDICAL CENTER,FLUSHING,NY,11355,QUEENS,222.0,220.0,239.0,,2.0,,medium,Acute Care Hospitals,Voluntary non-profit - Private,Yes
330194,MAIMONIDES MEDICAL CENTER,BROOKLYN,NY,11219,KINGS,216.0,208.0,372.0,,1.0,,very high,Acute Care Hospitals,Voluntary non-profit - Private,Yes
330195,LONG ISLAND JEWISH MEDICAL CENTER,NEW HYDE PARK,NY,11040,NASSAU,252.0,252.0,280.0,,2.0,74.0,very high,Acute Care Hospitals,Voluntary non-profit - Private,Yes
330196,SOUTH BROOKLYN HEALTH,BROOKLYN,NY,11235,KINGS,159.0,160.0,152.0,,1.0,,very high,Acute Care Hospitals,Voluntary non-profit - Other,Yes
330197,CANTON-POTSDAM HOSPITAL,POTSDAM,NY,13676,ST. LAWRENCE,147.0,142.0,220.0,376.0,1.0,77.0,medium,Acute Care Hospitals,Voluntary non-profit - Private,Yes
330198,MOUNT SINAI SOUTH NASSAU,OCEANSIDE,NY,11572,NASSAU,224.0,219.0,349.0,,2.0,,very high,Acute Care Hospitals,Voluntary non-profit - Private,Yes
330199,METROPOLITAN HOSPITAL CENTER,NEW YORK,NY,10029,NEW YORK,173.0,171.0,189.0,,,,,Acute Care Hospitals,Government - Local,Yes
330202,KINGS COUNTY HOSPITAL CENTER,BROOKLYN,NY,11203,KINGS,271.0,261.0,634.0,,,,,Acute Care Hospitals,Government - Local,Yes
330203,CROUSE HOSPITAL,SYRACUSE,NY,13210,ONONDAGA,221.0,220.0,230.0,,0.0,65.0,very high,Acute Care Hospitals,Voluntary non-profit - Private,Yes
330204,BELLEVUE HOSPITAL CENTER,NEW YORK,NY,10016,NEW YORK,186.0,181.0,296.0,,1.0,,very high,Acute Care Hospitals,Government - Local,Yes
330205,ST ANTHONY COMMUNITY HOSPITAL,WARWICK,NY,10990,ORANGE,170.0,162.0,,382.0,1.0,,low,Acute Care Hospitals,Voluntary non-profit - Church,No
330208,ST JOHN'S RIVERSIDE HOSPITAL,YONKERS,NY,10701,WESTCHESTER,219.0,218.0,,314.0,1.0,33.0,medium,Acute Care Hospitals,Voluntary non-profit - Private,Yes
330214,NYU LANGONE HOSPITALS,NEW YORK,NY,10016,NEW YORK,204.0,203.0,292.0,,1.0,95.0,very high,Acute Care Hospitals,Voluntary non-profit - Private,Yes
330215,"ROME MEMORIAL HOSPITAL, INC",ROME,NY,13440,ONEIDA,181.0,173.0,271.0,412.0,2.0,73.0,medium,Acute Care Hospitals,Voluntary non-profit - Private,Yes
330218,OSWEGO HOSPITAL,OSWEGO,NY,13069,OSWEGO,210.0,204.0,263.0,373.0,8.0,,medium,Acute Care Hospitals,Voluntary non-profit - Private,Yes
330219,ERIE COUNTY MEDICAL CENTER,BUFFALO,NY,14215,ERIE,322.0,325.0,320.0,,8.0,,medium,Acute Care Hospitals,Voluntary non-profit - Private,Yes
330221,WYCKOFF HEIGHTS MEDICAL CENTER,BROOKLYN,NY,11237,KINGS,219.0,218.0,244.0,,2.0,,very high,Acute Care Hospitals,Voluntary non-profit - Private,Yes
330222,SARATOGA HOSPITAL,SARATOGA SPRINGS,NY,12866,SARATOGA,307.0,296.0,579.0,316.0,5.0,76.0,high,Acute Care Hospitals,Voluntary non-profit - Private,Yes
330224,HEALTHALLIANCE HOSPITAL MARYS AVENUE CAMPUS,KINGSTON,NY,12401,ULSTER,238.0,222.0,450.0,350.0,2.0,72.0,medium,Acute Care Hospitals,Voluntary non-profit - Private,Yes
330226,UNITY HOSPITAL,ROCHESTER,NY,14626,MONROE,300.0,299.0,320.0,376.0,1.0,,high,Acute Care Hospitals,Voluntary non-profit - Private,Yes
330229,"BROOKS-TLC HOSPITAL SYSTEM, INC",DUNKIRK,NY,14048,CHAUTAUQUA,164.0,156.0,176.0,343.0,3.0,42.0,low,Acute Care Hospitals,Voluntary non-profit - Private,Yes
330231,QUEENS HOSPITAL CENTER,JAMAICA,NY,11432,QUEENS,250.0,245.0,450.0,,1.0,64.0,very high,Acute Care Hospitals,Voluntary non-profit - Other,Yes
330233,BROOKDALE HOSPITAL MEDICAL CENTER,BROOKLYN,NY,11212,KINGS,228.0,228.0,257.0,,3.0,,very high,Acute Care Hospitals,Voluntary non-profit - Private,Yes
330234,WESTCHESTER MEDICAL CENTER,VALHALLA,NY,10595,WESTCHESTER,240.0,235.0,346.0,,2.0,,very high,Acute Care Hospitals,Voluntary non-profit - Other,Yes
330235,AUBURN  COMMUNITY  HOSPITAL,AUBURN,NY,13021,CAYUGA,220.0,224.0,126.0,274.0,3.0,,medium,Acute Care Hospitals,Voluntary non-profit - Private,Yes
330238,NICHOLAS H NOYES MEMORIAL HOSPITAL,DANSVILLE,NY,14437,LIVINGSTON,207.0,202.0,218.0,372.0,5.0,,low,Acute Care Hospitals,Voluntary non-profit - Private,Yes
330239,UPMC CHAUTAUQUA AT WCA,JAMESTOWN,NY,14701,CHAUTAUQUA,172.0,171.0,184.0,246.0,2.0,39.0,medium,Acute Care Hospitals,Voluntary non-profit - Private,Yes
330240,HARLEM HOSPITAL CENTER,NEW YORK,NY,10037,NEW YORK,147.0,144.0,301.0,,3.0,,very high,Acute Care Hospitals,Government - State,Yes
330241,UNIVERSITY HOSPITAL S U N Y HEALTH SCIENCE CENTER,SYRACUSE,NY,13210,ONONDAGA,291.0,291.0,269.0,,9.0,,very high,Acute Care Hospitals,Government - State,Yes
330246,ST CHARLES HOSPITAL,PORT JEFFERSON,NY,11777,SUFFOLK,235.0,228.0,351.0,,1.0,,low,Acute Care Hospitals,Voluntary non-profit - Church,Yes
330250,THE UNIVERSITY OF VERMONT HEALTH NETWORK  - CHAMPL,PLATTSBURGH,NY,12901,CLINTON,223.0,223.0,398.0,,2.0,48.0,high,Acute Care Hospitals,Voluntary non-profit - Private,Yes
330259,MERCY MEDICAL CENTER,ROCKVILLE CENTRE,NY,11571,NASSAU,246.0,238.0,396.0,,1.0,,medium,Acute Care Hospitals,Voluntary non-profit - Church,Yes
33025F,Keller ACH (West Point),West Point,NY,10996,ORANGE,,67.0,,,0.0,,low,Acute Care - Department of Defense,Department of Defense,Yes
330261,PHELPS HOSPITAL,SLEEPY HOLLOW,NY,10591,WESTCHESTER,202.0,202.0,192.0,,0.0,,medium,Acute Care Hospitals,Voluntary non-profit - Private,Yes
330264,MONTEFIORE ST LUKE'S CORNWALL,NEWBURGH,NY,12550,ORANGE,198.0,194.0,359.0,446.0,1.0,73.0,high,Acute Care Hospitals,Voluntary non-profit - Private,Yes
330265,CLIFTON SPRINGS HOSPITAL AND CLINIC,CLIFTON SPRINGS,NY,14432,ONTARIO,173.0,168.0,228.0,314.0,1.0,,low,Acute Care Hospitals,Voluntary non-profit - Private,Yes
330267,HUDSON VALLEY HOSPITAL CENTER,CORTLANDT MANOR,NY,10567,WESTCHESTER,202.0,202.0,201.0,,2.0,,high,Acute Care Hospitals,Voluntary non-profit - Private,Yes
330270,HOSPITAL FOR SPECIAL SURGERY,NEW YORK,NY,10021,NEW YORK,,,,,,,,Acute Care Hospitals,Voluntary non-profit - Private,No
330273,PUTNAM HOSPITAL CENTER,CARMEL,NY,10512,PUTNAM,172.0,170.0,269.0,366.0,1.0,,medium,Acute Care Hospitals,Voluntary non-profit - Private,Yes
330276,NATHAN LITTAUER HOSPITAL,GLOVERSVILLE,NY,12078,FULTON,178.0,169.0,,372.0,2.0,38.0,medium,Acute Care Hospitals,Voluntary non-profit - Private,Yes
330277,CORNING HOSPITAL,CORNING,NY,14830,STEUBEN,216.0,210.0,273.0,540.0,2.0,82.0,medium,Acute Care Hospitals,Voluntary non-profit - Private,Yes
330279,MERCY HOSPITAL OF BUFFALO,BUFFALO,NY,14220,ERIE,306.0,307.0,,,3.0,,very high,Acute Care Hospitals,Voluntary non-profit - Private,Yes
330285,STRONG MEMORIAL HOSPITAL,ROCHESTER,NY,14642,MONROE,250.0,247.0,278.0,,5.0,,very high,Acute Care Hospitals,Voluntary non-profit - Private,Yes
330286,GOOD SAMARITAN HOSPITAL MEDICAL CENTER,WEST ISLIP,NY,11795,SUFFOLK,228.0,224.0,396.0,,1.0,,very high,Acute Care Hospitals,Voluntary non-profit - Private,Yes
330304,WHITE PLAINS HOSPITAL CENTER,WHITE PLAINS,NY,10601,WESTCHESTER,174.0,167.0,330.0,,0.0,,very high,Acute Care Hospitals,Voluntary non-profit - Private,Yes
330307,CAYUGA MEDICAL CENTER AT ITHACA,ITHACA,NY,14850,TOMPKINS,255.0,244.0,382.0,597.0,2.0,67.0,medium,Acute Care Hospitals,Voluntary non-profit - Private,Yes
330331,PLAINVIEW HOSPITAL,PLAINVIEW,NY,11803,NASSAU,249.0,245.0,,310.0,2.0,78.0,medium,Acute Care Hospitals,Voluntary non-profit - Private,Yes
330332,CHSLI ST JOSEPH HOSPITAL,BETHPAGE,NY,11714,NASSAU,215.0,214.0,343.0,276.0,1.0,100.0,medium,Acute Care Hospitals,Voluntary non-profit - Private,Yes
330350,SUNY/DOWNSTATE UNIVERSITY HOSPITAL OF BROOKLYN,BROOKLYN,NY,11203,KINGS,166.0,164.0,265.0,,1.0,,high,Acute Care Hospitals,Government - State,Yes
330386,GARNET HEALTH  MEDICAL CENTER CATSKILLS,HARRIS,NY,12742,SULLIVAN,197.0,183.0,260.0,450.0,1.0,54.0,medium,Acute Care Hospitals,Voluntary non-profit - Private,Yes
330393,SUNY/STONY BROOK UNIVERSITY HOSPITAL,STONY BROOK,NY,11794,SUFFOLK,230.0,223.0,612.0,,1.0,,very high,Acute Care Hospitals,Government - State,Yes
330394,"UNITED HEALTH SERVICES HOSPITALS, INC",BINGHAMTON,NY,13903,BROOME,232.0,222.0,394.0,,3.0,,very high,Acute Care Hospitals,Voluntary non-profit - Private,Yes
330395,ST JOHN'S EPISCOPAL HOSPITAL AT SOUTH SHORE,FAR ROCKAWAY,NY,11691,QUEENS,241.0,233.0,461.0,,2.0,,high,Acute Care Hospitals,Voluntary non-profit - Private,Yes
330396,WOODHULL MEDICAL & MENTAL HEALTH CENTER,BROOKLYN,NY,11206,KINGS,209.0,198.0,417.0,,5.0,100.0,very high,Acute Care Hospitals,Government - Local,Yes
330399,ST BARNABAS HOSPITAL,BRONX,NY,10457,BRONX,326.0,301.0,495.0,,8.0,,very high,Acute Care Hospitals,Voluntary non-profit - Private,Yes
330401,ST CATHERINE OF SIENA HOSPITAL,SMITHTOWN,NY,11787,SUFFOLK,210.0,206.0,327.0,293.0,1.0,,medium,Acute Care Hospitals,Voluntary non-profit - Church,Yes
330405,HELEN HAYES HOSPITAL,WEST HAVERSTRAW,NY,10993,ROCKLAND,,,,,,,,Acute Care Hospitals,Government - State,No
330406,SUNNYVIEW HOSPITAL AND REHABILITATION CENTER,SCHENECTADY,NY,12308,SCHENECTADY,,,,,,,,Acute Care Hospitals,Voluntary non-profit - Private,No
330411,UNITY SPECIALTY HOSPITAL,ROCHESTER,NY,14611,MONROE,,,,,,,,Acute Care Hospitals,Voluntary non-profit - Private,No
330799,CLIFTON-FINE HOSPITAL,STAR LAKE,NY,13690,ST. LAWRENCE,,,,,,,,Rural Emergency Hospital,Voluntary non-profit - Other,Yes
330800,IRA DAVENPORT MEMORIAL HOSPITAL,BATH,NY,14810,STEUBEN,,,,,,,,Rural Emergency Hospital,Voluntary non-profit - Private,Yes
330801,"WESTFIELD MEMORIAL HOSPITAL, INC",WESTFIELD,NY,14787,CHAUTAUQUA,,,,,,,,Rural Emergency Hospital,Voluntary non-profit - Private,Yes
331301,"CUBA MEMORIAL HOSPITAL, INC",CUBA,NY,14727,ALLEGANY,54.0,48.0,,,0.0,,low,Critical Access Hospitals,Voluntary non-profit - Private,No
331302,ELIZABETHTOWN COMMUNITY HOSPITAL,ELIZABETHTOWN,NY,12932,ESSEX,113.0,109.0,,238.0,1.0,0.0,low,Critical Access Hospitals,Voluntary non-profit - Private,Yes
331303,GARNET HEALTH MEDICAL CENTER CATSKILLS,CALLICOON,NY,12723,SULLIVAN,84.0,81.0,,319.0,15.0,,low,Critical Access Hospitals,Voluntary non-profit - Private,Yes
331304,MARGARETVILLE MEMORIAL HOSPITAL,MARGARETVILLE,NY,12455,DELAWARE,,,,,,,,Critical Access Hospitals,Voluntary non-profit - Private,Yes
331305,O'CONNOR HOSPITAL,DELHI,NY,13753,DELAWARE,104.0,95.0,,401.0,0.0,,low,Critical Access Hospitals,Voluntary non-profit - Private,Yes
331309,RIVER HOSPITAL CLINICS,ALEXANDRIA BAY,NY,13607,JEFFERSON,,,,,,,,Critical Access Hospitals,Voluntary non-profit - Private,Yes
331310,ELLENVILLE REGIONAL HOSPITAL,ELLENVILLE,NY,12428,ULSTER,92.0,92.0,,,2.0,,low,Critical Access Hospitals,Voluntary non-profit - Private,Yes
331311,LITTLE FALLS HOSPITAL,LITTLE FALLS,NY,13365,HERKIMER,119.0,109.0,,398.0,2.0,,low,Critical Access Hospitals,Voluntary non-profit - Private,Yes
331312,"DELAWARE VALLEY HOSPITAL, INC",WALTON,NY,13856,DELAWARE,117.0,114.0,169.0,308.0,1.0,,low,Critical Access Hospitals,Voluntary non-profit - Private,Yes
331313,SCHUYLER HOSPITAL,MONTOUR FALLS,NY,14865,SCHUYLER,114.0,111.0,,223.0,,,,Critical Access Hospitals,Voluntary non-profit - Private,Yes
331314,SOLDIERS AND SAILORS MEMORIAL HOSPITAL OF YATES,PENN YAN,NY,14527,YATES,117.0,113.0,221.0,290.0,1.0,,low,Critical Access Hospitals,Voluntary non-profit - Private,Yes
331315,GOUVERNEUR HOSPITAL,GOUVERNEUR,NY,13642,ST. LAWRENCE,76.0,73.0,127.0,316.0,1.0,,low,Critical Access Hospitals,Voluntary non-profit - Private,Yes
331316,"COMMUNITY MEMORIAL HOSPITAL, INC",HAMILTON,NY,13346,MADISON,160.0,155.0,222.0,317.0,2.0,,low,Critical Access Hospitals,Voluntary non-profit - Private,Yes
331317,LEWIS COUNTY GENERAL HOSPITAL,LOWVILLE,NY,13367,LEWIS,,,,,,,,Critical Access Hospitals,Government - Local,Yes
331318,"CARTHAGE AREA HOSPITAL, INC",CARTHAGE,NY,13619,JEFFERSON,,,,,,,,Critical Access Hospitals,Voluntary non-profit - Private,Yes
331319,MEDINA MEMORIAL HOSPITAL,MEDINA,NY,14103,ORLEANS,127.0,122.0,,262.0,1.0,,low,Critical Access Hospitals,Voluntary non-profit - Private,Yes
331320,COBLESKILL REGIONAL HOSPITAL,COBLESKILL,NY,12043,SCHOHARIE,118.0,111.0,173.0,243.0,2.0,,low,Critical Access Hospitals,Voluntary non-profit - Private,Yes
331321,THE UNIVERSITY OF VERMONT HEALTH NETWORK-ALICE HY,MALONE,NY,12953,FRANKLIN,162.0,158.0,301.0,,1.0,5.0,low,Critical Access Hospitals,Voluntary non-profit - Private,Yes
331322,"SLHS MASSENA, INC",MASSENA,NY,13662,ST. LAWRENCE,123.0,116.0,181.0,330.0,1.0,,low,Critical Access Hospitals,Voluntary non-profit - Private,Yes
331323,WYOMING COUNTY,WARSAW,NY,14569,WYOMING,149.0,145.0,181.0,276.0,0.0,,low,Critical Access Hospitals,Government - Local,Yes
331324,"CARTHAGE AREA HOSPITAL, INC",OGDENSBURG,NY,13669,ST. LAWRENCE,,,,,,,,Critical Access Hospitals,Voluntary non-profit - Private,Yes
333301,BLYTHEDALE CHILDREN'S HOSPITAL,VALHALLA,NY,10595,WESTCHESTER,,,,,,,,Childrens,Voluntary non-profit - Private,No
340001,CAROLINAS MEDICAL CENTER-NORTHEAST,CONCORD,NC,28025,CABARRUS,186.0,186.0,,,1.0,50.0,very high,Acute Care Hospitals,Government - Hospital District or Authority,Yes
340002,MEMORIAL MISSION HOSPITAL AND ASHEVILLE SURGERY CE,ASHEVILLE,NC,28801,BUNCOMBE,166.0,163.0,307.0,,0.0,,very high,Acute Care Hospitals,Voluntary non-profit - Private,Yes
340003,NORTHERN REGIONAL HOSPITAL,MOUNT AIRY,NC,27030,SURRY,215.0,192.0,,420.0,2.0,96.0,medium,Acute Care Hospitals,Government - Hospital District or Authority,Yes
340004,HIGH POINT REGIONAL HEALTH SYSTEM,HIGH POINT,NC,27261,GUILFORD,250.0,247.0,240.0,,2.0,37.0,high,Acute Care Hospitals,Voluntary non-profit - Private,Yes
340008,SCOTLAND MEMORIAL HOSPITAL,LAURINBURG,NC,28352,SCOTLAND,203.0,195.0,,,4.0,,high,Acute Care Hospitals,Voluntary non-profit - Private,Yes
340010,UNC HEALTH CARE WAYNE,GOLDSBORO,NC,27534,WAYNE,200.0,190.0,625.0,610.0,2.0,,very high,Acute Care Hospitals,Voluntary non-profit - Private,Yes
340013,RUTHERFORD REGIONAL MEDICAL CENTER,RUTHERFORDTON,NC,28139,RUTHERFORD,152.0,144.0,288.0,275.0,0.0,,medium,Acute Care Hospitals,Proprietary,Yes
340014,NOVANT HEALTH FORSYTH MEDICAL CENTER,WINSTON-SALEM,NC,27103,FORSYTH,208.0,206.0,284.0,,1.0,76.0,very high,Acute Care Hospitals,Voluntary non-profit - Private,Yes
340015,NOVANT HEALTH ROWAN MEDICAL CENTER,SALISBURY,NC,28144,ROWAN,223.0,205.0,918.0,,1.0,92.0,high,Acute Care Hospitals,Voluntary non-profit - Private,Yes
340016,HARRIS REGIONAL HOSPITAL,SYLVA,NC,28779,JACKSON,191.0,174.0,505.0,489.0,3.0,,medium,Acute Care Hospitals,Proprietary,Yes
340017,PARDEE HOSPITAL HENDERSON COUNTY,HENDERSONVILLE,NC,28791,HENDERSON,160.0,158.0,183.0,,5.0,56.0,medium,Acute Care Hospitals,Government - Local,Yes
340020,CENTRAL CAROLINA HOSPITAL,SANFORD,NC,27330,LEE,182.0,172.0,352.0,508.0,3.0,59.0,medium,Acute Care Hospitals,Voluntary non-profit - Private,Yes
340021,ATRIUM HEALTH CLEVELAND,SHELBY,NC,28150,CLEVELAND,160.0,160.0,158.0,,2.0,62.0,very high,Acute Care Hospitals,Government - Hospital District or Authority,Yes
340023,ADVENTHEALTH HENDERSONVILLE,HENDERSONVILLE,NC,28792,HENDERSON,165.0,164.0,,,1.0,,medium,Acute Care Hospitals,Voluntary non-profit - Private,Yes
340024,SAMPSON REGIONAL MEDICAL CENTER,CLINTON,NC,28328,SAMPSON,132.0,127.0,155.0,579.0,1.0,,medium,Acute Care Hospitals,Government - Local,Yes
340027,UNC LENOIR HEALTH CARE,KINSTON,NC,28501,LENOIR,198.0,194.0,,,1.0,85.0,high,Acute Care Hospitals,Voluntary non-profit - Private,Yes
340028,CAPE FEAR VALLEY MEDICAL CENTER,FAYETTEVILLE,NC,28302,CUMBERLAND,230.0,216.0,852.0,,1.0,55.0,very high,Acute Care Hospitals,Voluntary non-profit - Private,Yes
340030,DUKE UNIVERSITY HOSPITAL,DURHAM,NC,27705,DURHAM,318.0,317.0,417.0,,5.0,73.0,very high,Acute Care Hospitals,Proprietary,Yes
340032,CAROMONT REGIONAL MEDICAL CENTER,GASTONIA,NC,28052,GASTON,195.0,192.0,290.0,,1.0,94.0,very high,Acute Care Hospitals,Voluntary non-profit - Private,Yes
340039,IREDELL MEMORIAL HOSPITAL INC,STATESVILLE,NC,28677,IREDELL,190.0,186.0,274.0,,2.0,85.0,high,Acute Care Hospitals,Voluntary non-profit - Private,Yes
340040,ECU HEALTH MEDICAL CENTER,GREENVILLE,NC,27834,PITT,298.0,289.0,848.0,,3.0,43.0,very high,Acute Care Hospitals,Voluntary non-profit - Private,Yes
340041,CALDWELL MEMORIAL HOSPITAL,LENOIR,NC,28645,CALDWELL,213.0,205.0,297.0,390.0,2.0,69.0,medium,Acute Care Hospitals,Voluntary non-profit - Other,Yes
340042,ONSLOW MEMORIAL HOSPITAL,JACKSONVILLE,NC,28546,ONSLOW,198.0,187.0,488.0,462.0,4.0,80.0,high,Acute Care Hospitals,Government - Hospital District or Authority,Yes
340047,NORTH CAROLINA BAPTIST HOSPITAL,WINSTON-SALEM,NC,27157,FORSYTH,183.0,183.0,256.0,,4.0,,very high,Acute Care Hospitals,Voluntary non-profit - Private,Yes
340049,NORTH CAROLINA SPECIALTY HOSPITAL,DURHAM,NC,27704,DURHAM,,,,,,,,Acute Care Hospitals,Proprietary,No
340050,SOUTHEASTERN REGIONAL MEDICAL CENTER,LUMBERTON,NC,28359,ROBESON,260.0,248.0,306.0,407.0,2.0,73.0,high,Acute Care Hospitals,Voluntary non-profit - Private,Yes
340051,WATAUGA MEDICAL CENTER,BOONE,NC,28607,WATAUGA,197.0,192.0,211.0,453.0,1.0,60.0,medium,Acute Care Hospitals,Government - Local,Yes
340053,NOVANT HEALTH PRESBYTERIAN MEDICAL CENTER,CHARLOTTE,NC,28233,MECKLENBURG,174.0,162.0,621.0,,2.0,77.0,very high,Acute Care Hospitals,Voluntary non-profit - Private,Yes
340060,UNC ROCKINGHAM,EDEN,NC,27288,ROCKINGHAM,191.0,187.0,481.0,534.0,2.0,67.0,medium,Acute Care Hospitals,Voluntary non-profit - Private,Yes
340061,UNC HOSPITALS,CHAPEL HILL,NC,27514,ORANGE,268.0,268.0,301.0,,4.0,,very high,Acute Care Hospitals,Government - State,Yes
340064,WILKES REGIONAL MEDICAL CENTER,NORTH WILKESBORO,NC,28659,WILKES,164.0,164.0,115.0,376.0,3.0,67.0,medium,Acute Care Hospitals,Government - Local,Yes
340068,COLUMBUS REGIONAL HEALTHCARE SYSTEM,WHITEVILLE,NC,28472,COLUMBUS,182.0,177.0,303.0,408.0,3.0,76.0,medium,Acute Care Hospitals,Voluntary non-profit - Other,Yes
340069,"WAKEMED, RALEIGH CAMPUS",RALEIGH,NC,27610,WAKE,208.0,204.0,586.0,,3.0,62.0,very high,Acute Care Hospitals,Voluntary non-profit - Private,Yes
340070,ALAMANCE REGIONAL MEDICAL CENTER,BURLINGTON,NC,27216,ALAMANCE,237.0,228.0,370.0,,4.0,63.0,very high,Acute Care Hospitals,Voluntary non-profit - Private,Yes
340071,BETSY JOHNSON REGIONAL HOSPITAL,DUNN,NC,28334,HARNETT,214.0,210.0,285.0,,5.0,76.0,high,Acute Care Hospitals,Voluntary non-profit - Private,Yes
340075,"BLUE RIDGE HEALTHCARE HOSPITALS, INC",MORGANTON,NC,28655,BURKE,177.0,173.0,311.0,,3.0,89.0,high,Acute Care Hospitals,Proprietary,Yes
340084,ATRIUM HEALTH ANSON,WADESBORO,NC,28170,ANSON,121.0,118.0,702.0,467.0,1.0,79.0,low,Acute Care Hospitals,Government - Hospital District or Authority,Yes
340085,NOVANT HEALTH THOMASVILLE MEDICAL CENTER,THOMASVILLE,NC,27360,DAVIDSON,184.0,176.0,972.0,,2.0,87.0,medium,Acute Care Hospitals,Voluntary non-profit - Private,Yes
340087,THE MCDOWELL HOSPITAL,MARION,NC,28752,MC DOWELL,160.0,144.0,640.0,394.0,1.0,68.0,medium,Acute Care Hospitals,Voluntary non-profit - Private,Yes
340090,JOHNSTON HEALTH,SMITHFIELD,NC,27577,JOHNSTON,187.0,187.0,,221.0,4.0,87.0,very high,Acute Care Hospitals,Government - Hospital District or Authority,Yes
340091,"MOSES H. CONE MEMORIAL HOSPITAL, THE",GREENSBORO,NC,27401,GUILFORD,226.0,224.0,,,3.0,42.0,very high,Acute Care Hospitals,Voluntary non-profit - Private,Yes
340096,LEXINGTON MEMORIAL HOSPITAL INC,LEXINGTON,NC,27293,DAVIDSON,159.0,154.0,133.0,293.0,2.0,62.0,medium,Acute Care Hospitals,Voluntary non-profit - Private,Yes
340097,HUGH CHATHAM MEMORIAL HOSPITAL,ELKIN,NC,28621,SURRY,172.0,168.0,688.0,400.0,0.0,83.0,medium,Acute Care Hospitals,Voluntary non-profit - Private,Yes
340098,ATRIUM HEALTH PINEVILLE,CHARLOTTE,NC,28210,MECKLENBURG,163.0,160.0,316.0,,2.0,64.0,very high,Acute Care Hospitals,Government - Hospital District or Authority,Yes
340099,VIDANT ROANOKE CHOWAN HOSPITAL,AHOSKIE,NC,27910,HERTFORD,148.0,140.0,,849.0,2.0,73.0,medium,Acute Care Hospitals,Voluntary non-profit - Private,Yes
340107,VIDANT EDGECOMBE HOSPITAL,TARBORO,NC,27886,EDGECOMBE,245.0,239.0,280.0,501.0,4.0,92.0,medium,Acute Care Hospitals,Government - Local,Yes
340109,SENTARA ALBEMARLE MEDICAL CENTER,ELIZABETH CITY,NC,27909,PASQUOTANK,153.0,148.0,250.0,462.0,3.0,65.0,high,Acute Care Hospitals,Government - Hospital District or Authority,Yes
340113,CAROLINAS MEDICAL CENTER/BEHAV HEALTH,CHARLOTTE,NC,28203,MECKLENBURG,206.0,196.0,316.0,,2.0,,very high,Acute Care Hospitals,Government - Hospital District or Authority,Yes
340114,REX HOSPITAL,RALEIGH,NC,27607,WAKE,206.0,202.0,297.0,,1.0,27.0,very high,Acute Care Hospitals,Government - State,Yes
340115,FIRSTHEALTH MOORE REGIONAL HOSPITAL,PINEHURST,NC,28374,MOORE,203.0,201.0,292.0,508.0,4.0,70.0,very high,Acute Care Hospitals,Voluntary non-profit - Private,Yes
340116,FRYE REGIONAL MEDICAL CENTER,HICKORY,NC,28601,CATAWBA,176.0,174.0,215.0,,2.0,94.0,medium,Acute Care Hospitals,Proprietary,Yes
340119,STANLY REGIONAL MEDICAL CENTER,ALBEMARLE,NC,28001,STANLY,148.0,144.0,125.0,464.0,1.0,87.0,medium,Acute Care Hospitals,Voluntary non-profit - Private,Yes
34011F,NMC Camp Lejeune,Camp Lejeune,NC,28547,ONSLOW,,201.0,,,3.0,,high,Acute Care - Department of Defense,Department of Defense,Yes
340120,VIDANT DUPLIN HOSPITAL,KENANSVILLE,NC,28349,DUPLIN,175.0,170.0,238.0,,3.0,100.0,medium,Acute Care Hospitals,Government - Local,Yes
340123,RANDOLPH HOSPITAL,ASHEBORO,NC,27203,RANDOLPH,216.0,216.0,196.0,,6.0,78.0,medium,Acute Care Hospitals,Voluntary non-profit - Private,Yes
340126,WILSON MEDICAL CENTER,WILSON,NC,27893,WILSON,196.0,191.0,471.0,386.0,5.0,67.0,medium,Acute Care Hospitals,Voluntary non-profit - Private,Yes
340127,GRANVILLE HEALTH SYSTEMS,OXFORD,NC,27565,GRANVILLE,198.0,191.0,432.0,355.0,3.0,38.0,medium,Acute Care Hospitals,Government - Local,Yes
340129,DUKE HEALTH LAKE NORMAN HOSPITAL,MOORESVILLE,NC,28117,IREDELL,195.0,190.0,304.0,,2.0,67.0,medium,Acute Care Hospitals,Proprietary,Yes
340130,ATRIUM HEALTH UNION,MONROE,NC,28112,UNION,134.0,132.0,157.0,,1.0,84.0,very high,Acute Care Hospitals,Government - Hospital District or Authority,Yes
340131,CAROLINA EAST MEDICAL CENTER,NEW BERN,NC,28560,CRAVEN,224.0,216.0,427.0,,2.0,81.0,very high,Acute Care Hospitals,Government - Hospital District or Authority,Yes
340132,MARIA PARHAM MEDICAL CENTER,HENDERSON,NC,27536,VANCE,178.0,168.0,690.0,,2.0,86.0,high,Acute Care Hospitals,Proprietary,Yes
340141,NOVANT HEALTH NEW HANOVER REGIONAL MEDICAL CENTER,WILMINGTON,NC,28402,NEW HANOVER,220.0,204.0,351.0,,2.0,,very high,Acute Care Hospitals,Government - Local,Yes
340142,CARTERET GENERAL HOSPITAL,MOREHEAD CITY,NC,28557,CARTERET,233.0,225.0,1212.0,266.0,2.0,80.0,high,Acute Care Hospitals,Proprietary,Yes
340143,CATAWBA VALLEY MEDICAL CENTER,HICKORY,NC,28602,CATAWBA,231.0,228.0,303.0,,5.0,72.0,high,Acute Care Hospitals,Voluntary non-profit - Other,Yes
340145,ATRIUM HEALTH LINCOLN,LINCOLNTON,NC,28092,LINCOLN,178.0,177.0,,,3.0,69.0,high,Acute Care Hospitals,Government - Hospital District or Authority,Yes
340147,UNC HEALTH NASH,ROCKY MOUNT,NC,27804,NASH,203.0,200.0,440.0,,2.0,69.0,very high,Acute Care Hospitals,Government - Hospital District or Authority,Yes
340148,NOVANT HEALTH MEDICAL PARK HOSPITAL,WINSTON-SALEM,NC,27103,FORSYTH,,,,,,,,Acute Care Hospitals,Voluntary non-profit - Other,No
34014F,Womack AMC (FT Bragg),Fort Bragg,NC,28310,CUMBERLAND,,166.0,,,,,,Acute Care - Department of Defense,Department of Defense,Yes
340151,ECU HEALTH NORTH HOSPITAL,ROANOKE RAPIDS,NC,27870,HALIFAX,220.0,212.0,378.0,502.0,3.0,81.0,medium,Acute Care Hospitals,Voluntary non-profit - Private,Yes
340155,DUKE REGIONAL HOSPITAL,DURHAM,NC,27704,DURHAM,263.0,255.0,358.0,,3.0,,very high,Acute Care Hospitals,Government - Local,Yes
340156,CHEROKEE INDIAN HOSPITAL AUTHORITY,CHEROKEE,NC,28719,SWAIN,,,,,,,,Acute Care Hospitals,Government - Federal,Yes
340158,NOVANT HEALTH BRUNSWICK MEDICAL CENTER,SUPPLY,NC,28462,BRUNSWICK,186.0,181.0,533.0,,2.0,55.0,medium,Acute Care Hospitals,Voluntary non-profit - Other,Yes
340159,PERSON MEMORIAL HOSPITAL,ROXBORO,NC,27573,PERSON,203.0,192.0,282.0,656.0,2.0,,low,Acute Care Hospitals,Proprietary,Yes
340166,ATRIUM HEALTH UNIVERSITY CITY,CHARLOTTE,NC,28262,MECKLENBURG,151.0,148.0,194.0,441.0,2.0,64.0,very high,Acute Care Hospitals,Government - Hospital District or Authority,Yes
340168,WILMINGTON TREATMENT CENTER,WILMINGTON,NC,28401,NEW HANOVER,,,,,,,,Acute Care Hospitals,Voluntary non-profit - Private,No
340171,NOVANT HEALTH MATTHEWS MEDICAL CENTER,MATTHEWS,NC,28106,MECKLENBURG,248.0,244.0,,291.0,2.0,74.0,medium,Acute Care Hospitals,Voluntary non-profit - Other,Yes
340173,"WAKEMED, CARY HOSPITAL",CARY,NC,27518,WAKE,200.0,196.0,609.0,,2.0,80.0,very high,Acute Care Hospitals,Voluntary non-profit - Private,Yes
340183,NOVANT HEALTH HUNTERSVILLE MEDICAL CENTER,HUNTERSVILLE,NC,28078,MECKLENBURG,209.0,204.0,,,3.0,81.0,high,Acute Care Hospitals,Voluntary non-profit - Private,Yes
340184,HAYWOOD REGIONAL MEDICAL CENTER,CLYDE,NC,28721,HAYWOOD,197.0,193.0,222.0,,2.0,,medium,Acute Care Hospitals,Government - Hospital District or Authority,Yes
340188,CAPE FEAR VALLEY HOKE HOSPITAL,RAEFORD,NC,28376,HOKE,212.0,205.0,,514.0,3.0,69.0,high,Acute Care Hospitals,Voluntary non-profit - Private,Yes
340190,NOVANT HEALTH MINT HILL MEDICAL CENTER,CHARLOTTE,NC,28215,MECKLENBURG,197.0,190.0,378.0,286.0,1.0,67.0,medium,Acute Care Hospitals,Voluntary non-profit - Private,Yes
340195,NOVANT HEALTH BALLANTYNE MEDICAL CENTER,CHARLOTTE,NC,28277,MECKLENBURG,196.0,192.0,313.0,326.0,2.0,,low,Acute Care Hospitals,Voluntary non-profit - Private,Yes
341303,FIRSTHEALTH MONTGOMERY MEMORIAL HOSP,TROY,NC,27371,MONTGOMERY,106.0,99.0,244.0,355.0,,,,Critical Access Hospitals,Voluntary non-profit - Private,Yes
341304,ECU HEALTH BERTIE HOSPITAL,WINDSOR,NC,27983,BERTIE,184.0,166.0,504.0,613.0,2.0,100.0,low,Critical Access Hospitals,Voluntary non-profit - Private,Yes
341305,DLP SWAIN COUNTY HOSPITAL LLC,BRYSON CITY,NC,28713,SWAIN,84.0,81.0,,222.0,1.0,,low,Critical Access Hospitals,Voluntary non-profit - Private,Yes
341307,PENDER MEMORIAL HOSPITAL,BURGAW,NC,28425,PENDER,,,,,2.0,,medium,Critical Access Hospitals,Government - Local,Yes
341311,CHATHAM HOSPITAL INC,SILER CITY,NC,27344,CHATHAM,234.0,222.0,,526.0,,,,Critical Access Hospitals,Voluntary non-profit - Private,Yes
341314,WASHINGTON COUNTY HOSP INC,PLYMOUTH,NC,27962,WASHINGTON,,,,,,,,Critical Access Hospitals,Proprietary,Yes
341315,CAPE FEAR VALLEY-BLADEN COUNTY HOSPITAL,ELIZABETHTOWN,NC,28337,BLADEN,216.0,193.0,752.0,638.0,5.0,,low,Critical Access Hospitals,Voluntary non-profit - Private,Yes
341316,HIGHLANDS CASHIERS HOSPITAL,HIGHLANDS,NC,28741,MACON,110.0,104.0,,306.0,0.0,,low,Critical Access Hospitals,Voluntary non-profit - Private,Yes
341317,LIFEBRITE COMMUNITY HOSPITAL OF STOKES,DANBURY,NC,27016,STOKES,,,,,,,,Critical Access Hospitals,Proprietary,Yes
341318,VIDANT CHOWAN HOSPITAL,EDENTON,NC,27932,CHOWAN,169.0,164.0,,447.0,1.0,,low,Critical Access Hospitals,Government - Local,Yes
341319,"TRANSYLVANIA REGIONAL HOSPITAL, INC",BREVARD,NC,28712,TRANSYLVANIA,115.0,98.0,260.0,340.0,0.0,71.0,low,Critical Access Hospitals,Voluntary non-profit - Private,Yes
341320,ALLEGHANY  MEMORIAL HOSPITAL,SPARTA,NC,28675,ALLEGHANY,,,,,,,,Critical Access Hospitals,Voluntary non-profit - Private,Yes
341322,ADVENT HEALTH POLK,COLUMBUS,NC,28722,POLK,142.0,136.0,,252.0,,,,Critical Access Hospitals,Voluntary non-profit - Private,Yes
341323,CHARLES A CANNON JR MEMORIAL HOSPITAL,LINVILLE,NC,28646,AVERY,124.0,112.0,249.0,245.0,0.0,,low,Critical Access Hospitals,Voluntary non-profit - Private,Yes
341324,"THE OUTER BANKS HOSPITAL, INC",NAGS HEAD,NC,27959,DARE,215.0,208.0,246.0,360.0,2.0,80.0,medium,Critical Access Hospitals,Voluntary non-profit - Private,Yes
341325,ASHE MEMORIAL HOSPITAL,JEFFERSON,NC,28640,ASHE,190.0,178.0,263.0,531.0,3.0,,low,Critical Access Hospitals,Voluntary non-profit - Private,Yes
341326,ANGEL MEDICAL CENTER,FRANKLIN,NC,28734,MACON,124.0,120.0,,352.0,0.0,93.0,medium,Critical Access Hospitals,Voluntary non-profit - Private,Yes
341327,J ARTHUR DOSHER MEMORIAL HOSPITAL,SOUTHPORT,NC,28461,BRUNSWICK,127.0,122.0,,,1.0,,low,Critical Access Hospitals,Voluntary non-profit - Other,Yes
341328,ERLANGER MURPHY MEDICAL CENTER,MURPHY,NC,28906,CHEROKEE,193.0,177.0,264.0,454.0,3.0,,low,Critical Access Hospitals,Voluntary non-profit - Private,Yes
341329,BLUE RIDGE REGIONAL HOSPITAL,SPRUCE PINE,NC,28777,MITCHELL,123.0,115.0,245.0,370.0,0.0,55.0,low,Critical Access Hospitals,Voluntary non-profit - Private,Yes
350002,CHI ST ALEXIUS HEALTH,BISMARCK,ND,58501,BURLEIGH,177.0,176.0,184.0,,1.0,,low,Acute Care Hospitals,Voluntary non-profit - Church,Yes
350006,TRINITY HOSPITALS,MINOT,ND,58701,WARD,252.0,247.0,429.0,,8.0,,medium,Acute Care Hospitals,Voluntary non-profit - Private,Yes
350011,SANFORD MEDICAL CENTER FARGO,FARGO,ND,58122,CASS,189.0,181.0,344.0,,2.0,,very high,Acute Care Hospitals,Voluntary non-profit - Private,Yes
350015,SANFORD MEDICAL CENTER BISMARCK,BISMARCK,ND,58506,BURLEIGH,181.0,180.0,272.0,,6.0,,medium,Acute Care Hospitals,Voluntary non-profit - Private,Yes
350019,ALTRU HOSPITAL,GRAND FORKS,ND,58201,GRAND FORKS,178.0,177.0,190.0,,2.0,55.0,medium,Acute Care Hospitals,Government - Local,Yes
350063,P H S INDIAN HOSP AT BELCOURT-QUENTIN N BURDICK,BELCOURT,ND,58316,ROLETTE,,,,,,,,Acute Care Hospitals,Government - Federal,Yes
350070,ESSENTIA HEALTH,FARGO,ND,58104,CASS,108.0,108.0,150.0,,1.0,,medium,Acute Care Hospitals,Voluntary non-profit - Private,Yes
351300,TIOGA MEDICAL CENTER,TIOGA,ND,58852,WILLIAMS,88.0,82.0,,152.0,0.0,,low,Critical Access Hospitals,Voluntary non-profit - Private,Yes
351301,MOUNTRAIL COUNTY MEDICAL CENTER INC,STANLEY,ND,58784,MOUNTRAIL,92.0,83.0,,110.0,0.0,,low,Critical Access Hospitals,Voluntary non-profit - Private,Yes
351302,MCKENZIE COUNTY HEALTHCARE SYSTEMS INC,WATFORD CITY,ND,58854,MCKENZIE,135.0,130.0,358.0,,0.0,,low,Critical Access Hospitals,Voluntary non-profit - Private,Yes
351303,GARRISON MEMORIAL HOSPITAL,GARRISON,ND,58540,MCLEAN,108.0,102.0,,160.0,0.0,,low,Critical Access Hospitals,Voluntary non-profit - Church,Yes
351304,CHI ST ALEXIUS HEALTH TURTLE LAKE,TURTLE LAKE,ND,58575,MCLEAN,108.0,104.0,144.0,148.0,0.0,,low,Critical Access Hospitals,Voluntary non-profit - Church,Yes
351305,TRINITY KENMARE COMMUNITY HOSPITAL,KENMARE,ND,58746,WARD,104.0,102.0,122.0,111.0,0.0,,low,Critical Access Hospitals,Voluntary non-profit - Private,Yes
351306,COOPERSTOWN MEDICAL CENTER,COOPERSTOWN,ND,58425,GRIGGS,126.0,121.0,,,1.0,,low,Critical Access Hospitals,Voluntary non-profit - Private,Yes
351307,ST ANDREW'S HOSPITAL,BOTTINEAU,ND,58318,BOTTINEAU,108.0,105.0,,167.0,0.0,,low,Critical Access Hospitals,Voluntary non-profit - Church,Yes
351308,NELSON COUNTY HEALTH SYSTEM,MCVILLE,ND,58254,NELSON,96.0,91.0,121.0,113.0,0.0,,low,Critical Access Hospitals,Voluntary non-profit - Private,Yes
351309,SANFORD MAYVILLE,MAYVILLE,ND,58257,TRAILL,106.0,99.0,106.0,170.0,0.0,,low,Critical Access Hospitals,Voluntary non-profit - Private,Yes
351310,SAKAKAWEA MEDICAL CENTER - CAH,HAZEN,ND,58545,MERCER,118.0,112.0,158.0,140.0,0.0,,low,Critical Access Hospitals,Voluntary non-profit - Private,Yes
351311,LISBON AREA HEALTH SERVICES,LISBON,ND,58054,RANSOM,116.0,110.0,253.0,212.0,0.0,,low,Critical Access Hospitals,Voluntary non-profit - Private,Yes
351312,NORTHWOOD DEACONESS HEALTH CENTER,NORTHWOOD,ND,58267,GRAND FORKS,92.0,86.0,128.0,110.0,0.0,,low,Critical Access Hospitals,Voluntary non-profit - Church,Yes
351313,SOUTHWEST HEALTHCARE SERVICES,BOWMAN,ND,58623,BOWMAN,135.0,118.0,180.0,216.0,0.0,,low,Critical Access Hospitals,Voluntary non-profit - Private,Yes
351314,JACOBSON MEMORIAL HOSPITAL CARE CENTER,ELGIN,ND,58533,GRANT,116.0,111.0,164.0,179.0,0.0,,low,Critical Access Hospitals,Voluntary non-profit - Private,Yes
351315,CHI OAKES HOSPITAL,OAKES,ND,58474,DICKEY,115.0,107.0,214.0,196.0,0.0,,low,Critical Access Hospitals,Voluntary non-profit - Church,Yes
351316,PRESENTATION MEDICAL CENTER,ROLLA,ND,58367,ROLETTE,102.0,101.0,,236.0,4.0,,low,Critical Access Hospitals,Voluntary non-profit - Private,Yes
351318,CARRINGTON HEALTH CENTER,CARRINGTON,ND,58421,FOSTER,110.0,104.0,,228.0,0.0,,low,Critical Access Hospitals,Voluntary non-profit - Private,Yes
351319,PEMBINA COUNTY MEMORIAL HOSPITAL,CAVALIER,ND,58220,PEMBINA,84.0,79.0,115.0,95.0,0.0,,low,Critical Access Hospitals,Voluntary non-profit - Private,Yes
351320,UNITY MEDICAL CENTER,GRAFTON,ND,58237,WALSH,133.0,126.0,,167.0,0.0,,low,Critical Access Hospitals,Voluntary non-profit - Private,Yes
351321,SOUTH CENTRAL HEALTH,WISHEK,ND,58495,MCINTOSH,106.0,98.0,142.0,144.0,0.0,,low,Critical Access Hospitals,Government - Local,Yes
351322,ASHLEY MEDICAL CENTER,ASHLEY,ND,58413,MCINTOSH,91.0,86.0,120.0,148.0,0.0,,low,Critical Access Hospitals,Voluntary non-profit - Private,Yes
351323,CAVALIER COUNTY MEMORIAL HOSPITAL ASSOCIATION,LANGDON,ND,58249,CAVALIER,100.0,90.0,136.0,196.0,0.0,,low,Critical Access Hospitals,Voluntary non-profit - Private,Yes
351324,CHI MERCY HEALTH,VALLEY CITY,ND,58072,BARNES,104.0,100.0,140.0,161.0,0.0,,low,Critical Access Hospitals,Voluntary non-profit - Church,Yes
351325,ST LUKE'S HOSPITAL,CROSBY,ND,58730,DIVIDE,92.0,86.0,140.0,111.0,0.0,,low,Critical Access Hospitals,Voluntary non-profit - Private,Yes
351326,FIRST CARE HEALTH CENTER,PARK RIVER,ND,58270,WALSH,117.0,111.0,208.0,174.0,0.0,,low,Critical Access Hospitals,Voluntary non-profit - Private,Yes
351327,SMP HEALTH ST ALOISIUS,HARVEY,ND,58341,WELLS,81.0,76.0,96.0,182.0,0.0,,low,Critical Access Hospitals,Voluntary non-profit - Private,Yes
351328,LINTON HOSPITAL - CAH,LINTON,ND,58552,EMMONS,109.0,108.0,,133.0,0.0,,low,Critical Access Hospitals,Voluntary non-profit - Private,Yes
351329,SANFORD HILLSBORO,HILLSBORO,ND,58045,TRAILL,73.0,72.0,,113.0,0.0,,low,Critical Access Hospitals,Voluntary non-profit - Private,Yes
351330,WEST RIVER REGIONAL MEDICAL CENTER,HETTINGER,ND,58639,ADAMS,129.0,122.0,,207.0,0.0,,low,Critical Access Hospitals,Voluntary non-profit - Private,Yes
351331,TOWNER COUNTY MEDICAL CENTER,CANDO,ND,58324,TOWNER,68.0,68.0,73.0,,0.0,,low,Critical Access Hospitals,Voluntary non-profit - Private,Yes
351332,HEART OF AMERICA MEDICAL CENTER,RUGBY,ND,58368,PIERCE,119.0,104.0,174.0,236.0,0.0,,low,Critical Access Hospitals,Voluntary non-profit - Private,Yes
351333,CHI ST ALEXIUS HEALTH DEVILS LAKE,DEVILS LAKE,ND,58301,RAMSEY,144.0,133.0,188.0,230.0,2.0,,low,Critical Access Hospitals,Voluntary non-profit - Private,Yes
351334,CHI ST ALEXIUS HEALTH WILLISTON,WILLISTON,ND,58801,WILLIAMS,162.0,156.0,161.0,325.0,3.0,83.0,low,Critical Access Hospitals,Voluntary non-profit - Church,Yes
351335,JAMESTOWN REGIONAL MEDICAL CENTER,JAMESTOWN,ND,58401,STUTSMAN,118.0,109.0,150.0,218.0,1.0,,low,Critical Access Hospitals,Voluntary non-profit - Private,Yes
351336,CHI ST ALEXIUS HEALTH DICKINSON,DICKINSON,ND,58601,STARK,178.0,174.0,200.0,307.0,1.0,91.0,low,Critical Access Hospitals,Voluntary non-profit - Church,Yes
351364,STANDING ROCK SERVICE UNIT,"FORT YATES,",ND,58538,SIOUX,104.0,93.0,291.0,218.0,3.0,,low,Critical Access Hospitals,Government - Federal,Yes
360001,MERCY HEALTH-ANDERSON HOSPITAL,CINCINNATI,OH,45255,HAMILTON,163.0,159.0,,,0.0,83.0,medium,Acute Care Hospitals,Voluntary non-profit - Private,Yes
360002,UNIVERSITY HOSPITALS SAMARITAN MEDICAL CENTER,ASHLAND,OH,44805,ASHLAND,150.0,142.0,223.0,410.0,0.0,100.0,low,Acute Care Hospitals,Voluntary non-profit - Other,No
360003,"UNIVERSITY OF CINCINNATI MEDICAL CENTER, LLC",CINCINNATI,OH,45219,HAMILTON,258.0,250.0,267.0,422.0,0.0,,high,Acute Care Hospitals,Voluntary non-profit - Private,Yes
360006,RIVERSIDE METHODIST HOSPITAL,COLUMBUS,OH,43214,FRANKLIN,236.0,230.0,340.0,,1.0,33.0,very high,Acute Care Hospitals,Voluntary non-profit - Private,Yes
360008,SOUTHERN OHIO MEDICAL CENTER,PORTSMOUTH,OH,45662,SCIOTO,236.0,226.0,337.0,298.0,4.0,75.0,medium,Acute Care Hospitals,Voluntary non-profit - Other,Yes
360009,LIMA MEMORIAL HEALTH SYSTEM,LIMA,OH,45804,ALLEN,169.0,164.0,386.0,,1.0,,medium,Acute Care Hospitals,Voluntary non-profit - Other,Yes
360010,UNION HOSPITAL,DOVER,OH,44622,TUSCARAWAS,226.0,216.0,266.0,330.0,2.0,85.0,medium,Acute Care Hospitals,Voluntary non-profit - Other,Yes
360011,MARION GENERAL HOSPITAL,MARION,OH,43302,MARION,197.0,187.0,217.0,294.0,3.0,88.0,high,Acute Care Hospitals,Voluntary non-profit - Private,Yes
360012,MOUNT CARMEL ST ANN'S,WESTERVILLE,OH,43081,FRANKLIN,167.0,167.0,271.0,,1.0,82.0,very high,Acute Care Hospitals,Voluntary non-profit - Private,Yes
360013,WILSON MEMORIAL HOSPITAL,SIDNEY,OH,45365,SHELBY,174.0,162.0,251.0,284.0,2.0,74.0,low,Acute Care Hospitals,Voluntary non-profit - Private,Yes
360014,OHIOHEALTH O'BLENESS HOSPITAL,ATHENS,OH,45701,ATHENS,209.0,202.0,375.0,,1.0,,medium,Acute Care Hospitals,Voluntary non-profit - Other,Yes
360016,THE JEWISH HOSPITAL-MERCY HEALTH,CINCINNATI,OH,45236,HAMILTON,142.0,140.0,193.0,,1.0,,high,Acute Care Hospitals,Voluntary non-profit - Private,Yes
360017,GRANT MEDICAL CENTER,COLUMBUS,OH,43215,FRANKLIN,162.0,158.0,190.0,220.0,3.0,,very high,Acute Care Hospitals,Voluntary non-profit - Church,Yes
360020,SUMMA HEALTH SYSTEM,AKRON,OH,44309,SUMMIT,200.0,186.0,368.0,258.0,4.0,64.0,very high,Acute Care Hospitals,Voluntary non-profit - Private,Yes
360025,FIRELANDS REGIONAL MEDICAL CENTER,SANDUSKY,OH,44870,ERIE,192.0,177.0,253.0,,3.0,84.0,high,Acute Care Hospitals,Voluntary non-profit - Private,Yes
360026,KETTERING HEALTH GREENE MEMORIAL,XENIA,OH,45385,GREENE,125.0,109.0,262.0,328.0,2.0,,low,Acute Care Hospitals,Voluntary non-profit - Private,Yes
360027,AKRON GENERAL MEDICAL CENTER,AKRON,OH,44307,SUMMIT,178.0,166.0,422.0,347.0,1.0,62.0,very high,Acute Care Hospitals,Voluntary non-profit - Private,Yes
360029,WOOD COUNTY HOSPITAL,BOWLING GREEN,OH,43402,WOOD,164.0,158.0,292.0,403.0,2.0,,medium,Acute Care Hospitals,Voluntary non-profit - Private,Yes
360032,GRAND LAKE HEALTH SYSTEM,SAINT MARYS,OH,45885,AUGLAIZE,162.0,149.0,234.0,337.0,0.0,93.0,low,Acute Care Hospitals,Voluntary non-profit - Private,Yes
360035,MOUNT CARMEL EAST & WEST,COLUMBUS,OH,43213,FRANKLIN,152.0,147.0,310.0,,2.0,77.0,very high,Acute Care Hospitals,Voluntary non-profit - Private,Yes
360036,WOOSTER COMMUNITY HOSPITAL,WOOSTER,OH,44691,WAYNE,171.0,166.0,450.0,243.0,2.0,88.0,medium,Acute Care Hospitals,Government - Local,Yes
360039,GENESIS HOSPITAL,ZANESVILLE,OH,43701,MUSKINGUM,210.0,210.0,186.0,,2.0,50.0,very high,Acute Care Hospitals,Voluntary non-profit - Private,Yes
360040,KNOX COMMUNITY HOSPITAL,MOUNT VERNON,OH,43050,KNOX,204.0,198.0,248.0,452.0,2.0,70.0,medium,Acute Care Hospitals,Voluntary non-profit - Other,Yes
360041,PARMA COMMUNITY GENERAL HOSPITAL,PARMA,OH,44129,CUYAHOGA,213.0,208.0,456.0,,1.0,82.0,medium,Acute Care Hospitals,Voluntary non-profit - Private,No
360046,MCCULLOUGH-HYDE MEMORIAL HOSPITAL,OXFORD,OH,45056,BUTLER,135.0,132.0,232.0,267.0,1.0,,medium,Acute Care Hospitals,Voluntary non-profit - Private,Yes
360048,UNIVERSITY OF TOLEDO MEDICAL CENTER,TOLEDO,OH,43614,LUCAS,174.0,171.0,219.0,,3.0,,medium,Acute Care Hospitals,Government - State,Yes
360051,MIAMI VALLEY HOSPITAL,DAYTON,OH,45409,MONTGOMERY,162.0,159.0,181.0,,2.0,24.0,very high,Acute Care Hospitals,Voluntary non-profit - Private,Yes
360054,HOLZER MEDICAL CENTER,GALLIPOLIS,OH,45631,GALLIA,157.0,139.0,347.0,476.0,2.0,87.0,medium,Acute Care Hospitals,Voluntary non-profit - Private,Yes
360055,INSIGHT HOSPITAL AND MEDICAL CENTER TRUMBULL,WARREN,OH,44482,TRUMBULL,208.0,189.0,,,5.0,,medium,Acute Care Hospitals,Proprietary,Yes
360056,MERCY HEALTH - FAIRFIELD HOSPITAL,FAIRFIELD,OH,45014,BUTLER,168.0,162.0,,378.0,1.0,47.0,high,Acute Care Hospitals,Voluntary non-profit - Private,Yes
360058,MERCER COUNTY JOINT TOWNSHIP COMMUNITY HOSPITAL,COLDWATER,OH,45828,MERCER,119.0,115.0,244.0,344.0,0.0,57.0,low,Acute Care Hospitals,Government - Hospital District or Authority,No
360059,METROHEALTH SYSTEM,CLEVELAND,OH,44109,CUYAHOGA,158.0,156.0,208.0,,2.0,9.0,very high,Acute Care Hospitals,Voluntary non-profit - Other,Yes
360064,MH ST ELIZABETH YOUNGSTOWN HOSPITAL,YOUNGSTOWN,OH,44501,MAHONING,214.0,205.0,566.0,488.0,1.0,,very high,Acute Care Hospitals,Voluntary non-profit - Church,Yes
360065,FISHER-TITUS HOSPITAL,NORWALK,OH,44857,HURON,126.0,124.0,,,1.0,87.0,medium,Acute Care Hospitals,Voluntary non-profit - Private,Yes
360066,MERCY HEALTH ST RITAS MEDICAL CENTER,LIMA,OH,45801,ALLEN,159.0,159.0,144.0,,1.0,,very high,Acute Care Hospitals,Voluntary non-profit - Private,Yes
360068,PROMEDICA TOLEDO HOSPITAL,TOLEDO,OH,43606,LUCAS,182.0,180.0,,464.0,1.0,89.0,very high,Acute Care Hospitals,Voluntary non-profit - Private,Yes
36006F,88th Medical Group (Wright-Patterson AFB),Wright-Patterson AFB,OH,45433,GREENE,,101.0,,,0.0,,low,Acute Care - Department of Defense,Department of Defense,Yes
360070,MERCY MEDICAL CENTER,CANTON,OH,44708,STARK,268.0,265.0,335.0,,4.0,79.0,high,Acute Care Hospitals,Voluntary non-profit - Private,Yes
360071,VAN WERT COUNTY HOSPITAL,VAN WERT,OH,45891,VAN WERT,157.0,153.0,265.0,,1.0,,low,Acute Care Hospitals,Voluntary non-profit - Private,No
360072,FAIRFIELD MEDICAL CENTER,LANCASTER,OH,43130,FAIRFIELD,153.0,145.0,168.0,310.0,1.0,92.0,high,Acute Care Hospitals,Voluntary non-profit - Other,Yes
360075,UH REGIONAL HOSPITALS,CHARDON,OH,44024,GEAUGA,197.0,187.0,338.0,398.0,1.0,67.0,medium,Acute Care Hospitals,Proprietary,Yes
360076,ATRIUM MEDICAL CENTER,FRANKLIN,OH,45005,WARREN,166.0,163.0,198.0,,1.0,84.0,medium,Acute Care Hospitals,Voluntary non-profit - Private,Yes
360077,FAIRVIEW HOSPITAL,CLEVELAND,OH,44111,CUYAHOGA,249.0,242.0,327.0,,3.0,91.0,very high,Acute Care Hospitals,Voluntary non-profit - Private,Yes
360078,UNIVERSITY HOSPITALS PORTAGE MEDICAL CENTER,RAVENNA,OH,44266,PORTAGE,223.0,218.0,322.0,370.0,2.0,85.0,medium,Acute Care Hospitals,Voluntary non-profit - Private,Yes
360079,KETTERING HEALTH MAIN CAMPUS,KETTERING,OH,45429,MONTGOMERY,154.0,144.0,275.0,324.0,2.0,,very high,Acute Care Hospitals,Voluntary non-profit - Church,Yes
360080,EAST OHIO REGIONAL HOSPITAL,MARTINS FERRY,OH,43935,BELMONT,124.0,124.0,,,4.0,,low,Acute Care Hospitals,Voluntary non-profit - Other,No
360082,EUCLID HOSPITAL,EUCLID,OH,44119,CUYAHOGA,161.0,153.0,192.0,399.0,3.0,,high,Acute Care Hospitals,Voluntary non-profit - Other,No
360084,AULTMAN HOSPITAL,CANTON,OH,44710,STARK,232.0,220.0,444.0,307.0,3.0,64.0,high,Acute Care Hospitals,Voluntary non-profit - Other,Yes
360085,OHIO STATE UNIVERSITY STATE HEALTH SYSTEM,COLUMBUS,OH,43210,FRANKLIN,322.0,317.0,546.0,,6.0,,very high,Acute Care Hospitals,Government - State,Yes
360086,SPRINGFIELD REGIONAL MEDICAL CENTER,SPRINGFIELD,OH,45504,CLARK,155.0,146.0,314.0,,2.0,,high,Acute Care Hospitals,Voluntary non-profit - Private,Yes
360087,LUTHERAN HOSPITAL,CLEVELAND,OH,44113,CUYAHOGA,154.0,146.0,260.0,458.0,3.0,,medium,Acute Care Hospitals,Voluntary non-profit - Private,Yes
360089,MERCY HEALTH - TIFFIN HOSPITAL,TIFFIN,OH,44883,SENECA,138.0,128.0,130.0,408.0,2.0,44.0,low,Acute Care Hospitals,Voluntary non-profit - Church,Yes
360091,MEDINA HOSPITAL,MEDINA,OH,44256,MEDINA,193.0,186.0,216.0,321.0,1.0,100.0,medium,Acute Care Hospitals,Voluntary non-profit - Private,Yes
360092,MEMORIAL HOSPITAL,MARYSVILLE,OH,43040,UNION,156.0,149.0,,324.0,2.0,73.0,low,Acute Care Hospitals,Government - Local,Yes
360095,BLANCHARD VALLEY HOSPITAL,FINDLAY,OH,45840,HANCOCK,189.0,187.0,194.0,427.0,2.0,91.0,medium,Acute Care Hospitals,Voluntary non-profit - Other,No
360096,EAST LIVERPOOL CITY HOSPITAL,EAST LIVERPOOL,OH,43920,COLUMBIANA,138.0,132.0,166.0,352.0,2.0,,medium,Acute Care Hospitals,Voluntary non-profit - Private,Yes
360098,LAKE HEALTH,CONCORD,OH,44077,LAKE,177.0,168.0,387.0,320.0,1.0,66.0,high,Acute Care Hospitals,Voluntary non-profit - Private,Yes
360107,BELLEVUE HOSPITAL,BELLEVUE,OH,44811,SANDUSKY,129.0,127.0,275.0,,1.0,,low,Acute Care Hospitals,Voluntary non-profit - Other,No
360109,COSHOCTON REGIONAL MEDICAL CENTER,COSHOCTON,OH,43812,COSHOCTON,156.0,149.0,236.0,367.0,0.0,,low,Acute Care Hospitals,Voluntary non-profit - Private,Yes
360112,MERCY ST VINCENT MEDICAL CENTER,TOLEDO,OH,43608,LUCAS,157.0,156.0,154.0,305.0,1.0,44.0,very high,Acute Care Hospitals,Voluntary non-profit - Church,Yes
360118,OHIOHEALTH MANSFIELD HOSPITAL,MANSFIELD,OH,44903,RICHLAND,134.0,130.0,308.0,,2.0,,very high,Acute Care Hospitals,Voluntary non-profit - Private,Yes
360121,COMMUNITY HOSPITALS AND WELLNESS CENTERS,BRYAN,OH,43506,WILLIAMS,128.0,124.0,218.0,440.0,0.0,86.0,low,Acute Care Hospitals,Voluntary non-profit - Other,No
360123,UH ST JOHN MEDICAL CENTER,WESTLAKE,OH,44145,CUYAHOGA,234.0,231.0,300.0,,1.0,93.0,medium,Acute Care Hospitals,Voluntary non-profit - Private,Yes
360125,ASHTABULA COUNTY MEDICAL CENTER,ASHTABULA,OH,44004,ASHTABULA,200.0,194.0,308.0,437.0,3.0,82.0,medium,Acute Care Hospitals,Voluntary non-profit - Private,Yes
360131,ALLIANCE COMMUNITY HOSPITAL,ALLIANCE,OH,44601,STARK,177.0,171.0,336.0,347.0,3.0,,medium,Acute Care Hospitals,Voluntary non-profit - Private,Yes
360132,FORT HAMILTON HUGHES MEMORIAL HOSPITAL,HAMILTON,OH,45013,BUTLER,126.0,122.0,305.0,379.0,0.0,85.0,medium,Acute Care Hospitals,Voluntary non-profit - Private,Yes
360133,KETTERING HEALTH DAYTON,DAYTON,OH,45405,MONTGOMERY,130.0,127.0,147.0,392.0,3.0,74.0,very high,Acute Care Hospitals,Voluntary non-profit - Other,No
360134,GOOD SAMARITAN HOSPITAL,CINCINNATI,OH,45220,HAMILTON,158.0,157.0,238.0,,2.0,,high,Acute Care Hospitals,Voluntary non-profit - Private,Yes
360137,UH CLEVELAND MEDICAL CENTER,CLEVELAND,OH,44106,CUYAHOGA,245.0,241.0,500.0,,5.0,,very high,Acute Care Hospitals,Voluntary non-profit - Private,Yes
360143,MARYMOUNT HOSPITAL,GARFIELD HEIGHTS,OH,44125,CUYAHOGA,199.0,192.0,362.0,404.0,3.0,79.0,high,Acute Care Hospitals,Voluntary non-profit - Private,Yes
360144,SOUTH POINTE HOSPITAL,WARRENSVILLE HEIGHTS,OH,44122,CUYAHOGA,171.0,166.0,379.0,,3.0,,medium,Acute Care Hospitals,Voluntary non-profit - Other,No
360145,UNIVERSITY HOSPITALS - ELYRIA MEDICAL CENTER,ELYRIA,OH,44035,LORAIN,194.0,187.0,310.0,224.0,1.0,78.0,high,Acute Care Hospitals,Voluntary non-profit - Private,No
360147,MARIETTA MEMORIAL HOSPITAL,MARIETTA,OH,45750,WASHINGTON,163.0,149.0,126.0,250.0,1.0,88.0,very high,Acute Care Hospitals,Voluntary non-profit - Other,Yes
360148,POMERENE HOSPITAL,MILLERSBURG,OH,44654,HOLMES,189.0,178.0,331.0,374.0,2.0,,low,Acute Care Hospitals,Voluntary non-profit - Private,Yes
360150,SUMMA WESTERN RESERVE HOSPITAL,CUYAHOGA FALLS,OH,44223,SUMMIT,162.0,160.0,198.0,322.0,3.0,,medium,Acute Care Hospitals,Voluntary non-profit - Other,Yes
360152,DOCTORS HOSPITAL,COLUMBUS,OH,43228,FRANKLIN,183.0,178.0,460.0,,2.0,73.0,very high,Acute Care Hospitals,Voluntary non-profit - Church,Yes
360155,SOUTHWEST GENERAL HEALTH CENTER,MIDDLEBURG HEIGHTS,OH,44130,CUYAHOGA,199.0,199.0,204.0,,5.0,88.0,medium,Acute Care Hospitals,Voluntary non-profit - Private,Yes
360156,MEMORIAL HOSPITAL,FREMONT,OH,43420,SANDUSKY,134.0,128.0,177.0,430.0,2.0,87.0,medium,Acute Care Hospitals,Voluntary non-profit - Other,No
360159,ADENA REGIONAL MEDICAL CENTER,CHILLICOTHE,OH,45601,ROSS,202.0,199.0,248.0,387.0,1.0,88.0,high,Acute Care Hospitals,Voluntary non-profit - Private,Yes
360161,MH ST JOSEPH WARREN HOSPITAL,WARREN,OH,44484,TRUMBULL,192.0,187.0,306.0,,1.0,23.0,high,Acute Care Hospitals,Voluntary non-profit - Private,Yes
360163,CHRIST HOSPITAL,CINCINNATI,OH,45219,HAMILTON,177.0,172.0,270.0,,3.0,69.0,very high,Acute Care Hospitals,Voluntary non-profit - Private,Yes
360170,BERGER HOSPITAL,CIRCLEVILLE,OH,43113,PICKAWAY,206.0,201.0,298.0,,1.0,,medium,Acute Care Hospitals,Government - Local,Yes
360172,MERCY REGIONAL MEDICAL CENTER,LORAIN,OH,44053,LORAIN,159.0,155.0,453.0,,1.0,73.0,high,Acute Care Hospitals,Voluntary non-profit - Private,Yes
360174,UPPER VALLEY MEDICAL CENTER,TROY,OH,45373,MIAMI,160.0,157.0,172.0,238.0,1.0,73.0,medium,Acute Care Hospitals,Voluntary non-profit - Private,Yes
360175,TRIHEALTH CLINTON REGIONAL HOSPITAL,WILMINGTON,OH,45177,CLINTON,164.0,155.0,,356.0,2.0,69.0,low,Acute Care Hospitals,Government - Local,No
360179,BETHESDA NORTH,CINCINNATI,OH,45242,HAMILTON,159.0,155.0,275.0,,1.0,75.0,high,Acute Care Hospitals,Voluntary non-profit - Church,Yes
360180,CLEVELAND CLINIC,CLEVELAND,OH,44195,CUYAHOGA,198.0,189.0,250.0,414.0,3.0,79.0,very high,Acute Care Hospitals,Voluntary non-profit - Private,Yes
360185,SALEM REGIONAL MEDICAL CENTER,SALEM,OH,44460,COLUMBIANA,209.0,207.0,178.0,,4.0,,medium,Acute Care Hospitals,Voluntary non-profit - Private,Yes
360189,MADISON HEALTH,LONDON,OH,43140,MADISON,126.0,122.0,142.0,278.0,1.0,,low,Acute Care Hospitals,Voluntary non-profit - Private,Yes
360197,MARY RUTAN HOSPITAL,BELLEFONTAINE,OH,43311,LOGAN,175.0,169.0,466.0,325.0,2.0,50.0,low,Acute Care Hospitals,Voluntary non-profit - Private,Yes
360203,SOUTHEASTERN OHIO REGIONAL MEDICAL CENTER,CAMBRIDGE,OH,43725,GUERNSEY,190.0,184.0,288.0,486.0,2.0,,medium,Acute Care Hospitals,Voluntary non-profit - Private,Yes
360210,GRADY MEMORIAL HOSPITAL,DELAWARE,OH,43015,DELAWARE,159.0,154.0,376.0,383.0,2.0,,medium,Acute Care Hospitals,Voluntary non-profit - Private,Yes
360211,TRINITY MEDICAL CTR EAST &TRINITY MEDICAL CTR WEST,STEUBENVILLE,OH,43952,JEFFERSON,215.0,212.0,,,2.0,80.0,medium,Acute Care Hospitals,Voluntary non-profit - Other,Yes
360218,LICKING MEMORIAL HOSPITAL,NEWARK,OH,43055,LICKING,186.0,185.0,198.0,,4.0,84.0,high,Acute Care Hospitals,Voluntary non-profit - Private,Yes
360230,HILLCREST HOSPITAL,MAYFIELD HEIGHTS,OH,44124,CUYAHOGA,205.0,200.0,,446.0,2.0,72.0,very high,Acute Care Hospitals,Voluntary non-profit - Private,No
360234,MERCY HEALTH - WEST HOSPITAL,CINCINNATI,OH,45211,HAMILTON,144.0,142.0,,,1.0,57.0,very high,Acute Care Hospitals,Voluntary non-profit - Private,Yes
360236,MERCY HEALTH - CLERMONT HOSPITAL,BATAVIA,OH,45103,CLERMONT,153.0,144.0,378.0,569.0,1.0,89.0,high,Acute Care Hospitals,Voluntary non-profit - Church,Yes
360239,KETTERING HEALTH MIAMISBURG,MIAMISBURG,OH,45342,MONTGOMERY,114.0,108.0,174.0,292.0,1.0,,high,Acute Care Hospitals,Voluntary non-profit - Church,Yes
360245,GLENBEIGH HEALTH SOURCES,ROCK CREEK,OH,44084,ASHTABULA,,,,,,,,Acute Care Hospitals,Proprietary,No
360259,BAY PARK COMMUNITY HOSPITAL,OREGON,OH,43616,LUCAS,135.0,131.0,,262.0,1.0,,medium,Acute Care Hospitals,Voluntary non-profit - Other,Yes
360263,INSTITUTE FOR ORTHOPAEDIC SURGERY,LIMA,OH,45804,ALLEN,,,,,,,,Acute Care Hospitals,Proprietary,No
360266,MOUNT CARMEL NEW ALBANY SURGICAL HOSPITAL,NEW ALBANY,OH,43054,FRANKLIN,109.0,106.0,,238.0,0.0,,low,Acute Care Hospitals,Proprietary,No
360270,MERCY HEALTH - DEFIANCE HOSPITAL,DEFIANCE,OH,43512,DEFIANCE,137.0,127.0,243.0,334.0,1.0,,low,Acute Care Hospitals,Proprietary,Yes
360276,HMHP ST ELIZABETH BOARDMAN HEALTH CENTER,BOARDMAN,OH,44512,MAHONING,275.0,274.0,,,1.0,10.0,high,Acute Care Hospitals,Voluntary non-profit - Church,Yes
360348,DUBLIN METHODIST HOSPITAL,DUBLIN,OH,43016,FRANKLIN,230.0,229.0,260.0,,3.0,,medium,Acute Care Hospitals,Voluntary non-profit - Private,Yes
360351,CRYSTAL CLINIC ORTHOPAEDIC CENTER,AKRON,OH,44310,SUMMIT,,,,,,,,Acute Care Hospitals,Proprietary,No
360352,SURGICAL HOSPITAL AT SOUTHWOODS,YOUNGSTOWN,OH,44512,MAHONING,,,,,,,,Acute Care Hospitals,Proprietary,No
360354,WEST CHESTER HOSPITAL,WEST CHESTER,OH,45069,BUTLER,222.0,219.0,330.0,,0.0,67.0,medium,Acute Care Hospitals,Voluntary non-profit - Private,Yes
360355,OHIO VALLEY SURGICAL HOSPITAL,SPRINGFIELD,OH,45502,CLARK,,,,,,,,Acute Care Hospitals,Voluntary non-profit - Private,No
360358,DILEY RIDGE MEDICAL CENTER,CANAL WINCHESTER,OH,43110,FRANKLIN,114.0,109.0,,322.0,1.0,,medium,Acute Care Hospitals,Voluntary non-profit - Private,Yes
360359,UNIVERSITY HOSPITALS AHUJA MEDICAL CENTER,BEACHWOOD,OH,44122,CUYAHOGA,253.0,244.0,385.0,,2.0,84.0,high,Acute Care Hospitals,Voluntary non-profit - Private,Yes
360360,SOIN MEDICAL CENTER,BEAVER CREEK,OH,45431,GREENE,135.0,128.0,184.0,446.0,2.0,71.0,very high,Acute Care Hospitals,Voluntary non-profit - Private,Yes
360361,KINGS DAUGHTERS MEDICAL CENTER OHIO,PORTSMOUTH,OH,45662,SCIOTO,152.0,146.0,,205.0,1.0,,low,Acute Care Hospitals,Voluntary non-profit - Private,Yes
360364,CLEVELAND CLINIC AVON HOSPITAL,AVON,OH,44011,LORAIN,250.0,247.0,,347.0,3.0,87.0,high,Acute Care Hospitals,Voluntary non-profit - Private,Yes
360365,AVITA ONTARIO,ONTARIO,OH,44906,RICHLAND,154.0,148.0,,335.0,1.0,93.0,medium,Acute Care Hospitals,Voluntary non-profit - Private,Yes
360367,LAKE HEALTH BEACHWOOD MEDICAL CENTER,BEACHWOOD,OH,44122,CUYAHOGA,,,,,2.0,,low,Acute Care Hospitals,Proprietary,Yes
360368,KETTERING HEALTH TROY,TROY,OH,45373,MIAMI,134.0,127.0,209.0,383.0,2.0,,medium,Acute Care Hospitals,Voluntary non-profit - Private,Yes
360374,MERCY HEALTH KINGS MILLS HOSPITAL LLC,MASON,OH,45040,WARREN,138.0,134.0,261.0,327.0,0.0,,low,Acute Care Hospitals,Voluntary non-profit - Private,Yes
360375,MOUNT CARMEL DUBLIN,DUBLIN,OH,43016,FRANKLIN,126.0,125.0,,,,,,Acute Care Hospitals,Voluntary non-profit - Church,Yes
361300,PAULDING COUNTY HOSPITAL,PAULDING,OH,45879,PAULDING,74.0,74.0,,,,,,Critical Access Hospitals,Government - Local,Yes
361302,TWIN CITY MEDICAL CENTER,DENNISON,OH,44621,TUSCARAWAS,,,,,2.0,,low,Critical Access Hospitals,Voluntary non-profit - Church,Yes
361303,LODI COMMUNITY HOSPITAL,LODI,OH,44254,MEDINA,152.0,140.0,228.0,386.0,0.0,,low,Critical Access Hospitals,Voluntary non-profit - Private,Yes
361304,GREENFIELD AREA MEDICAL CENTER,GREENFIELD,OH,45123,HIGHLAND,115.0,109.0,159.0,421.0,1.0,,low,Critical Access Hospitals,Voluntary non-profit - Private,Yes
361306,MERCY ALLEN HOSPITAL,OBERLIN,OH,44074,LORAIN,108.0,103.0,148.0,311.0,0.0,,low,Critical Access Hospitals,Voluntary non-profit - Private,Yes
361307,UHHS MEMORIAL HOSPITAL OF GENEVA,GENEVA,OH,44041,ASHTABULA,204.0,188.0,225.0,591.0,1.0,94.0,low,Critical Access Hospitals,Voluntary non-profit - Private,Yes
361308,UNIVERSITY HOSPITALS CONNEAUT MEDICAL CENTER,CONNEAUT,OH,44030,ASHTABULA,137.0,131.0,431.0,398.0,0.0,,low,Critical Access Hospitals,Voluntary non-profit - Other,Yes
361309,"HENRY COUNTY HOSPITAL, INC",NAPOLEON,OH,43545,HENRY,114.0,104.0,258.0,308.0,1.0,,low,Critical Access Hospitals,Voluntary non-profit - Private,Yes
361310,MERCY HEALTH - WILLARD HOSPITAL,WILLARD,OH,44890,HURON,106.0,99.0,136.0,498.0,0.0,,low,Critical Access Hospitals,Voluntary non-profit - Private,Yes
361311,HARRISON COMMUNITY HOSPITAL,CADIZ,OH,43907,HARRISON,84.0,82.0,,434.0,,,,Critical Access Hospitals,Voluntary non-profit - Private,Yes
361312,MERCY HEALTH - URBANA HOSPITAL,URBANA,OH,43078,CHAMPAIGN,122.0,110.0,156.0,326.0,0.0,,low,Critical Access Hospitals,Voluntary non-profit - Private,Yes
361313,OHIOHEALTH MORROW COUNTY HOSPITAL,MOUNT GILEAD,OH,43338,MORROW,,,,,,,,Critical Access Hospitals,Government - Local,Yes
361314,MAGRUDER HOSPITAL,PORT CLINTON,OH,43452,OTTAWA,153.0,150.0,224.0,348.0,1.0,,low,Critical Access Hospitals,Voluntary non-profit - Private,Yes
361315,HARDIN MEMORIAL HOSPITAL,KENTON,OH,43326,HARDIN,,,,,0.0,,low,Critical Access Hospitals,Voluntary non-profit - Private,Yes
361316,BUCYRUS COMMUNITY HOSPITAL,BUCYRUS,OH,44820,CRAWFORD,124.0,118.0,165.0,266.0,0.0,82.0,low,Critical Access Hospitals,Voluntary non-profit - Other,Yes
361318,FOSTORIA COMMUNITY HOSPITAL,FOSTORIA,OH,44830,SENECA,,,,,0.0,,low,Critical Access Hospitals,Voluntary non-profit - Private,No
361319,SELBY GENERAL HOSPITAL,MARIETTA,OH,45750,WASHINGTON,116.0,113.0,,461.0,1.0,,low,Critical Access Hospitals,Voluntary non-profit - Private,Yes
361320,HOLZER MEDICAL CENTER JACKSON,JACKSON,OH,45640,JACKSON,162.0,137.0,251.0,486.0,1.0,67.0,low,Critical Access Hospitals,Voluntary non-profit - Private,Yes
361321,"BARNESVILLE HOSPITAL ASSOCIATION, INC",BARNESVILLE,OH,43713,BELMONT,122.0,115.0,242.0,539.0,,,,Critical Access Hospitals,Voluntary non-profit - Private,Yes
361322,BLUFFTON HOSPITAL,BLUFFTON,OH,45817,ALLEN,144.0,128.0,,328.0,0.0,,low,Critical Access Hospitals,Voluntary non-profit - Private,Yes
361323,AULTMAN ORRVILLE HOSPITAL,ORRVILLE,OH,44667,WAYNE,128.0,119.0,298.0,342.0,1.0,,low,Critical Access Hospitals,Voluntary non-profit - Private,Yes
361324,OHIOHEALTH SHELBY HOSPITAL,SHELBY,OH,44875,RICHLAND,,,,,0.0,,low,Critical Access Hospitals,Voluntary non-profit - Private,Yes
361325,GALION COMMUNITY HOSPITAL,GALION,OH,44833,CRAWFORD,136.0,131.0,,336.0,1.0,100.0,low,Critical Access Hospitals,Voluntary non-profit - Church,No
361326,ADAMS COUNTY REGIONAL MEDICAL CENTER,SEAMAN,OH,45679,ADAMS,200.0,189.0,264.0,424.0,,28.0,,Critical Access Hospitals,Government - Local,Yes
361327,COMMUNITY HOSPITALS AND WELLNESS CENTERS,MONTPELIER,OH,43543,WILLIAMS,100.0,91.0,202.0,375.0,0.0,,low,Critical Access Hospitals,Voluntary non-profit - Private,Yes
361328,PROMEDICA DEFIANCE REGIONAL HOSPITAL,DEFIANCE,OH,43512,DEFIANCE,,,,,1.0,62.0,low,Critical Access Hospitals,Voluntary non-profit - Private,Yes
361329,WYANDOT MEMORIAL HOSPITAL,UPPER SANDUSKY,OH,43351,WYANDOT,132.0,132.0,117.0,,1.0,,low,Critical Access Hospitals,Government - Hospital District or Authority,Yes
361330,HOCKING VALLEY COMMUNITY HOSPITAL,LOGAN,OH,43138,HOCKING,,,,,,,,Critical Access Hospitals,Voluntary non-profit - Other,Yes
361331,ADENA FAYETTE MEDICAL CENTER,WASHINGTON CH,OH,43160,FAYETTE,145.0,130.0,250.0,406.0,1.0,91.0,low,Critical Access Hospitals,Government - Local,Yes
361332,HIGHLAND DISTRICT HOSPITAL,HILLSBORO,OH,45133,HIGHLAND,116.0,115.0,,,3.0,82.0,low,Critical Access Hospitals,Government - Hospital District or Authority,Yes
361333,FULTON COUNTY HEALTH CENTER,WAUSEON,OH,43567,FULTON,143.0,137.0,292.0,372.0,,36.0,,Critical Access Hospitals,Voluntary non-profit - Private,Yes
361334,ADENA PIKE MEDICAL CENTER,WAVERLY,OH,45690,PIKE,110.0,92.0,208.0,323.0,1.0,,low,Critical Access Hospitals,Voluntary non-profit - Private,Yes
361335,WAYNE HOSPITAL,GREENVILLE,OH,45331,DARKE,144.0,136.0,236.0,335.0,2.0,69.0,low,Critical Access Hospitals,Voluntary non-profit - Private,Yes
363300,CINCINNATI CHILDREN'S HOSPITAL MEDICAL CENTER,CINCINNATI,OH,45229,HAMILTON,,,,,,,,Childrens,Voluntary non-profit - Private,Yes
363302,RAINBOW BABIES AND CHILDRENS HOSPITAL,CLEVELAND,OH,44106,CUYAHOGA,,,,,,,,Childrens,Voluntary non-profit - Other,No
363303,AKRON CHILDREN'S HOSPITAL,AKRON,OH,44308,SUMMIT,,,,,,,,Childrens,Voluntary non-profit - Private,No
363304,CLEVELAND CLINIC CHILDREN'S HOSPITAL FOR REHAB,CLEVELAND,OH,44104,CUYAHOGA,,,,,,,,Childrens,Voluntary non-profit - Private,No
363305,NATIONWIDE CHILDREN'S HOSPITAL,COLUMBUS,OH,43205,FRANKLIN,,,,,,,,Childrens,Voluntary non-profit - Private,Yes
363306,DAYTON CHILDRENS HOSPITAL,DAYTON,OH,45404,MONTGOMERY,,,,,,,,Childrens,Voluntary non-profit - Private,Yes
363308,SHRINERS HOSPITALS FOR CHILDREN,DAYTON,OH,45404,MONTGOMERY,,,,,,,,Childrens,Voluntary non-profit - Private,No
363309,"NATIONWIDE CHILDREN'S HOSPITAL TOLEDO, LLC",TOLEDO,OH,43608,LUCAS,,,,,,,,Childrens,Voluntary non-profit - Private,No
370001,HILLCREST MEDICAL CENTER,TULSA,OK,74104,TULSA,225.0,223.0,269.0,,5.0,,high,Acute Care Hospitals,Proprietary,Yes
370002,Integris Health Woodward Hospital,WOODWARD,OK,73801,WOODWARD,122.0,117.0,,262.0,1.0,,low,Acute Care Hospitals,Proprietary,Yes
370004,INTEGRIS MIAMI HOSPITAL,MIAMI,OK,74355,OTTAWA,94.0,92.0,,197.0,1.0,,low,Acute Care Hospitals,Voluntary non-profit - Other,Yes
370006,INTEGRIS HEALTH PONCA CITY,PONCA CITY,OK,74601,KAY,130.0,128.0,130.0,,3.0,,low,Acute Care Hospitals,Voluntary non-profit - Other,Yes
370008,NORMAN REGIONAL,NORMAN,OK,73072,CLEVELAND,134.0,131.0,270.0,,2.0,86.0,very high,Acute Care Hospitals,Government - Hospital District or Authority,Yes
370013,"MERCY HOSPITAL OKLAHOMA CITY, INC",OKLAHOMA CITY,OK,73120,OKLAHOMA,151.0,151.0,,,1.0,52.0,very high,Acute Care Hospitals,Voluntary non-profit - Church,Yes
370014,ALLIANCEHEALTH DURANT,DURANT,OK,74702,BRYAN,153.0,152.0,172.0,,2.0,,medium,Acute Care Hospitals,Proprietary,Yes
370015,HILLCREST HOSPITAL PRYOR,PRYOR,OK,74361,MAYES,99.0,91.0,184.0,233.0,1.0,,low,Acute Care Hospitals,Proprietary,Yes
370016,INTEGRIS HEALTH ENID HOSPITAL,ENID,OK,73701,GARFIELD,142.0,138.0,172.0,,3.0,,medium,Acute Care Hospitals,Voluntary non-profit - Private,Yes
370018,ASCENSION ST JOHN JANE PHILLIPS,BARTLESVILLE,OK,74006,WASHINGTON,188.0,182.0,232.0,350.0,,47.0,,Acute Care Hospitals,Voluntary non-profit - Private,Yes
370019,GREAT PLAINS REGIONAL MEDICAL CENTER,ELK CITY,OK,73644,BECKHAM,98.0,88.0,158.0,262.0,0.0,33.0,low,Acute Care Hospitals,Voluntary non-profit - Private,Yes
370020,MERCY HOSPITAL ADA,ADA,OK,74820,PONTOTOC,143.0,137.0,222.0,303.0,0.0,81.0,medium,Acute Care Hospitals,Voluntary non-profit - Private,Yes
370022,JACKSON COUNTY MEMORIAL HOSPITAL AUTHORITY,ALTUS,OK,73521,JACKSON,115.0,108.0,364.0,206.0,2.0,,low,Acute Care Hospitals,Voluntary non-profit - Other,Yes
370023,"DUNCAN REGIONAL HOSPITAL, INC",DUNCAN,OK,73533,STEPHENS,154.0,149.0,237.0,286.0,1.0,83.0,medium,Acute Care Hospitals,Voluntary non-profit - Private,Yes
370025,SAINT FRANCIS HOSPITAL MUSKOGEE,MUSKOGEE,OK,74401,MUSKOGEE,209.0,208.0,212.0,,2.0,75.0,medium,Acute Care Hospitals,Voluntary non-profit - Private,Yes
370026,ST MARY'S REGIONAL MEDICAL CENTER,ENID,OK,73701,GARFIELD,145.0,135.0,262.0,360.0,1.0,,low,Acute Care Hospitals,Proprietary,Yes
370028,"INTEGRIS BAPTIST MEDICAL CENTER, INC",OKLAHOMA CITY,OK,73112,OKLAHOMA,149.0,148.0,151.0,,3.0,,very high,Acute Care Hospitals,Voluntary non-profit - Private,Yes
370034,MCALESTER REGIONAL HEALTH CENTER,MCALESTER,OK,74501,PITTSBURG,159.0,155.0,157.0,273.0,2.0,69.0,medium,Acute Care Hospitals,Government - Hospital District or Authority,Yes
370037,SSM HEALTH ST ANTHONY HOSPITAL - OKLAHOMA CITY,OKLAHOMA CITY,OK,73101,OKLAHOMA,126.0,125.0,165.0,,2.0,,very high,Acute Care Hospitals,Voluntary non-profit - Church,Yes
370039,HILLCREST HOSPITAL CLAREMORE,CLAREMORE,OK,74017,ROGERS,143.0,134.0,177.0,221.0,2.0,,medium,Acute Care Hospitals,Proprietary,Yes
370047,"MERCY HOSPITAL ARDMORE, INC",ARDMORE,OK,73401,CARTER,139.0,134.0,298.0,388.0,1.0,,medium,Acute Care Hospitals,Voluntary non-profit - Church,Yes
370049,STILLWATER MEDICAL CENTER,STILLWATER,OK,74076,PAYNE,155.0,149.0,196.0,,2.0,86.0,medium,Acute Care Hospitals,Government - Hospital District or Authority,Yes
370054,GRADY MEMORIAL HOSPITAL,CHICKASHA,OK,73018,GRADY,117.0,113.0,,233.0,3.0,24.0,low,Acute Care Hospitals,Government - Hospital District or Authority,Yes
370056,MEMORIAL HEALTH,LAWTON,OK,73505,COMANCHE,120.0,121.0,,,1.0,,high,Acute Care Hospitals,Government - Hospital District or Authority,Yes
370057,MUSCOGEE (CREEK) NATION MEDICAL CENTER,OKMULGEE,OK,74447,OKMULGEE,158.0,127.0,,254.0,1.0,,medium,Acute Care Hospitals,Tribal,Yes
370078,OKLAHOMA STATE UNIVERSITY MEDICAL CENTER,TULSA,OK,74127,TULSA,105.0,105.0,111.0,,2.0,,high,Acute Care Hospitals,Government - Hospital District or Authority,Yes
370083,PUSHMATAHA HOSPITAL,ANTLERS,OK,74523,PUSHMATAHA,155.0,152.0,146.0,285.0,2.0,,low,Acute Care Hospitals,Government - Hospital District or Authority,Yes
370089,NORTHEASTERN HEALTH SYSTEM,TAHLEQUAH,OK,74465,CHEROKEE,138.0,126.0,276.0,289.0,2.0,,low,Acute Care Hospitals,Government - Hospital District or Authority,Yes
370091,"SAINT FRANCIS HOSPITAL, INC",TULSA,OK,74136,TULSA,230.0,230.0,274.0,,3.0,,very high,Acute Care Hospitals,Voluntary non-profit - Private,Yes
370093,O U MEDICAL CENTER,OKLAHOMA CITY,OK,73104,OKLAHOMA,202.0,202.0,232.0,,2.0,,very high,Acute Care Hospitals,Voluntary non-profit - Private,Yes
370094,SSM HEALTH ST ANTHONY HOSPITAL - MIDWEST,MIDWEST CITY,OK,73110,OKLAHOMA,150.0,150.0,124.0,,2.0,84.0,medium,Acute Care Hospitals,Voluntary non-profit - Private,Yes
370097,SOUTHWESTERN MEDICAL CENTER,LAWTON,OK,73505,COMANCHE,140.0,135.0,197.0,436.0,2.0,,medium,Acute Care Hospitals,Proprietary,Yes
370099,HILLCREST HOSPITAL CUSHING,CUSHING,OK,74023,PAYNE,108.0,98.0,112.0,253.0,0.0,,low,Acute Care Hospitals,Proprietary,Yes
370100,CHOCTAW MEMORIAL HOSPITAL,HUGO,OK,74743,CHOCTAW,148.0,144.0,,208.0,5.0,,low,Acute Care Hospitals,Voluntary non-profit - Other,Yes
370106,INTEGRIS SOUTHWEST MEDICAL CENTER,OKLAHOMA CITY,OK,73109,OKLAHOMA,99.0,95.0,214.0,,2.0,,very high,Acute Care Hospitals,Voluntary non-profit - Private,Yes
370112,SEQUOYAH COUNTY-CITY OF SALLISAW HOSPITAL AUTHORIT,SALLISAW,OK,74955,SEQUOYAH,132.0,124.0,155.0,240.0,5.0,,low,Acute Care Hospitals,Government - Local,Yes
370113,INTEGRIS GROVE HOSPITAL,GROVE,OK,74344,DELAWARE,126.0,123.0,195.0,279.0,1.0,91.0,low,Acute Care Hospitals,Voluntary non-profit - Private,Yes
370114,ASCENSION ST JOHN MEDICAL CENTER,TULSA,OK,74104,TULSA,204.0,197.0,273.0,339.0,,,,Acute Care Hospitals,Voluntary non-profit - Private,Yes
370149,SSM HEALTH ST ANTHONY HOSPITAL - SHAWNEE,SHAWNEE,OK,74801,POTTAWATOMIE,131.0,124.0,153.0,248.0,2.0,94.0,high,Acute Care Hospitals,Voluntary non-profit - Private,Yes
370158,PURCELL MUNICIPAL HOSPITAL,PURCELL,OK,73080,MCCLAIN,81.0,74.0,,207.0,1.0,,low,Acute Care Hospitals,Government - Local,Yes
370166,WAGONER COMMUNITY HOSPITAL,WAGONER,OK,74467,WAGONER,111.0,111.0,,,3.0,,low,Acute Care Hospitals,Government - Hospital District or Authority,Yes
370170,LAWTON INDIAN HOSPITAL,LAWTON,OK,73507,COMANCHE,,,,,,,,Acute Care Hospitals,Tribal,No
370171,CHEROKEE NATION W W HASTINGS INDIAN HOSPITAL,TAHLEQUAH,OK,74464,CHEROKEE,,,,,,,,Acute Care Hospitals,Voluntary non-profit - Other,Yes
370172,CHOCTAW NATION HEALTH SERVICES AUTHORITY,TALIHINA,OK,74571,LATIMER,,,,,,,,Acute Care Hospitals,Tribal,Yes
370173,CLAREMORE INDIAN HOSPITAL,CLAREMORE,OK,74017,ROGERS,,,,,,,,Acute Care Hospitals,Government - Federal,Yes
370178,MEMORIAL HOSPITAL,STILWELL,OK,74960,ADAIR,112.0,82.0,228.0,216.0,3.0,,low,Acute Care Hospitals,Voluntary non-profit - Private,Yes
370180,CHICKASAW NATION MEDICAL CENTER,ADA,OK,74820,PONTOTOC,,,,,,,,Acute Care Hospitals,Tribal,Yes
370183,HILLCREST HOSPITAL HENRYETTA,HENRYETTA,OK,74437,OKMULGEE,107.0,95.0,,203.0,1.0,,low,Acute Care Hospitals,Proprietary,Yes
370192,NORTHWEST SURGICAL HOSPITAL,OKLAHOMA CITY,OK,73120,OKLAHOMA,,,,,,,low,Acute Care Hospitals,Physician,Yes
370199,"LAKESIDE WOMEN'S HOSPITAL, A MEMBER OF INTEGRIS HE",OKLAHOMA CITY,OK,73120,OKLAHOMA,,,,,0.0,,low,Acute Care Hospitals,Voluntary non-profit - Private,Yes
370201,SURGICAL HOSPITAL OF OKLAHOMA,OKLAHOMA CITY,OK,73129,OKLAHOMA,,,,,,,,Acute Care Hospitals,Physician,Yes
370202,HILLCREST HOSPITAL SOUTH,TULSA,OK,74133,TULSA,184.0,185.0,,,2.0,,medium,Acute Care Hospitals,Proprietary,Yes
370203,"COMMUNITY HOSPITAL, LLC",OKLAHOMA CITY,OK,73159,OKLAHOMA,83.0,82.0,,,0.0,,low,Acute Care Hospitals,Physician,Yes
370206,OKLAHOMA SPINE HOSPITAL,OKLAHOMA CITY,OK,73134,OKLAHOMA,112.0,112.0,,,0.0,,low,Acute Care Hospitals,Physician,Yes
370210,"OKLAHOMA SURGICAL HOSPITAL, LLC",TULSA,OK,74137,TULSA,199.0,198.0,,,1.0,,low,Acute Care Hospitals,Physician,Yes
370211,INTEGRIS CANADIAN VALLEY HOSPITAL,YUKON,OK,73099,CANADIAN,147.0,144.0,150.0,,1.0,,medium,Acute Care Hospitals,Voluntary non-profit - Private,Yes
370212,OKLAHOMA CENTER FOR ORTHOPAEDIC & MULTI-SP,OKLAHOMA CITY,OK,73139,OKLAHOMA,,,,,,,low,Acute Care Hospitals,Physician,Yes
370214,LINDSAY MUNICIPAL HOSPITAL,LINDSAY,OK,73052,GARVIN,,,,,,,,Acute Care Hospitals,Government - Hospital District or Authority,Yes
370215,"OKLAHOMA HEART HOSPITAL, LLC",OKLAHOMA CITY,OK,73120,OKLAHOMA,154.0,154.0,,,0.0,,low,Acute Care Hospitals,Physician,Yes
370216,TULSA SPINE & SPECIALTY HOSPITAL,TULSA,OK,74132,TULSA,200.0,191.0,,,0.0,,low,Acute Care Hospitals,Proprietary,Yes
370218,"SAINT FRANCIS HOSPITAL SOUTH, LLC",TULSA,OK,74133,TULSA,174.0,168.0,,259.0,2.0,92.0,high,Acute Care Hospitals,Voluntary non-profit - Private,Yes
370220,ONECORE HEALTH,OKLAHOMA CITY,OK,73114,OKLAHOMA,,,,,,,,Acute Care Hospitals,Proprietary,Yes
370222,MCBRIDE ORTHOPEDIC HOSPITAL,OKLAHOMA CITY,OK,73114,OKLAHOMA,58.0,57.0,,,0.0,,low,Acute Care Hospitals,Physician,Yes
370225,"SUMMIT MEDICAL CENTER, LLC",EDMOND,OK,73034,OKLAHOMA,162.0,162.0,,,0.0,,low,Acute Care Hospitals,Physician,Yes
370227,ST JOHN OWASSO,OWASSO,OK,74055,TULSA,160.0,152.0,209.0,280.0,,27.0,,Acute Care Hospitals,Voluntary non-profit - Private,Yes
370228,"BAILEY MEDICAL CENTER, LLC",OWASSO,OK,74055,TULSA,161.0,155.0,,248.0,1.0,,low,Acute Care Hospitals,Proprietary,Yes
370234,"OKLAHOMA HEART HOSPITAL SOUTH, LLC",OKLAHOMA CITY,OK,73135,OKLAHOMA,140.0,140.0,,,1.0,,low,Acute Care Hospitals,Physician,Yes
370235,ASCENSION ST JOHN BROKEN ARROW,BROKEN ARROW,OK,74012,TULSA,184.0,175.0,,300.0,,18.0,,Acute Care Hospitals,Voluntary non-profit - Private,Yes
370236,INTEGRIS HEALTH EDMOND HOSPITAL,EDMOND,OK,73034,OKLAHOMA,131.0,126.0,251.0,278.0,1.0,,medium,Acute Care Hospitals,Voluntary non-profit - Private,Yes
370237,"SAINT FRANCIS HOSPITAL VINITA, INC",VINITA,OK,74301,CRAIG,100.0,100.0,,,0.0,,low,Acute Care Hospitals,Voluntary non-profit - Private,Yes
370240,INTEGRIS COMMUNITY HOSPITAL - COUNCIL CROSSING,OKLAHOMA CITY,OK,73162,OKLAHOMA,66.0,64.0,,,2.0,,very high,Acute Care Hospitals,Proprietary,No
370243,VALLEY COMMUNITY HOSPITAL,PAULS VALLEY,OK,73075,GARVIN,,,,,,,,Acute Care Hospitals,Proprietary,Yes
370244,COUNCIL OAK COMPREHENSIVE HEALTHCARE,TULSA,OK,74133,TULSA,,,,,,,,Acute Care Hospitals,Tribal,No
370245,CLINTON REGIONAL HOSPITAL,CLINTON,OK,73601,CUSTER,118.0,108.0,,236.0,0.0,,low,Acute Care Hospitals,Government - Local,Yes
370246,CARRUS LAKESIDE HOSPITAL,BRISTOW,OK,74010,CREEK,84.0,82.0,122.0,173.0,,,,Acute Care Hospitals,Proprietary,Yes
370247,EXCEPTIONAL COMMUNITY HOSPITAL ARDMORE,ARDMORE,OK,73401,CARTER,,,,,,,,Acute Care Hospitals,Proprietary,Yes
370779,STILLWATER MEDICAL - PERRY,PERRY,OK,73077,NOBLE,,,,,,,,Rural Emergency Hospital,Government - Hospital District or Authority,Yes
370780,STILLWATER MEDICAL-BLACKWELL,BLACKWELL,OK,74631,KAY,,,,,,,,Rural Emergency Hospital,Government - Hospital District or Authority,Yes
370781,HARPER COUNTY COMMUNITY HOSPITAL,BUFFALO,OK,73834,HARPER,,,,,,,,Rural Emergency Hospital,Government - Local,Yes
370783,ELKVIEW GENERAL HOSPITAL,HOBART,OK,73651,KIOWA,,,,,,,,Rural Emergency Hospital,Government - Hospital District or Authority,Yes
370784,CLINTON REGIONAL HOSPITAL,CLINTON,OK,73601,CUSTER,,,,,,,,Rural Emergency Hospital,Voluntary non-profit - Private,Yes
371300,ATOKA COUNTY MEDICAL CENTER,ATOKA,OK,74525,ATOKA,122.0,122.0,144.0,,3.0,,low,Critical Access Hospitals,Government - Local,Yes
371301,PRAGUE REGIONAL MEMORIAL HOSPITAL,PRAGUE,OK,74864,LINCOLN,108.0,106.0,,,0.0,,low,Critical Access Hospitals,Government - Local,Yes
371302,"MERCY HOSPITAL WATONGA, INC",WATONGA,OK,73772,BLAINE,99.0,92.0,280.0,300.0,0.0,,low,Critical Access Hospitals,Proprietary,Yes
371303,ROGER MILLS MEMORIAL HOSPITAL,CHEYENNE,OK,73628,ROGER MILLS,152.0,144.0,,233.0,1.0,,low,Critical Access Hospitals,Voluntary non-profit - Private,Yes
371304,MERCY HOSPITAL TISHOMINGO INC,TISHOMINGO,OK,73460,JOHNSTON,69.0,66.0,,261.0,0.0,,low,Critical Access Hospitals,Voluntary non-profit - Church,Yes
371305,ASCENSION ST JOHN NOWATA,NOWATA,OK,74048,NOWATA,95.0,92.0,,211.0,1.0,,low,Critical Access Hospitals,Voluntary non-profit - Private,Yes
371306,MERCY HOSPITAL MARIETTA,MARIETTA,OK,73448,LOVE,90.0,81.0,,,0.0,,low,Critical Access Hospitals,Government - Local,Yes
371307,CIMARRON MEMORIAL HOSPITAL,BOISE CITY,OK,73933,CIMARRON,106.0,107.0,,,,,,Critical Access Hospitals,Government - Hospital District or Authority,Yes
371309,"PAWHUSKA HOSPITAL, INC",PAWHUSKA,OK,74056,OSAGE,83.0,81.0,,,1.0,,low,Critical Access Hospitals,Voluntary non-profit - Private,Yes
371310,"MERCY HOSPITAL HEALDTON, INC.",HEALDTON,OK,73438,CARTER,73.0,68.0,,287.0,0.0,,low,Critical Access Hospitals,Voluntary non-profit - Private,Yes
371311,JEFFERSON COUNTY HOSPITAL,WAURIKA,OK,73573,JEFFERSON,96.0,89.0,158.0,218.0,0.0,,low,Critical Access Hospitals,Voluntary non-profit - Private,Yes
371312,ASCENSION ST JOHN SAPULPA,SAPULPA,OK,74066,CREEK,146.0,137.0,,234.0,1.0,,low,Critical Access Hospitals,Voluntary non-profit - Private,Yes
371313,"MERCY HOSPITAL KINGFISHER, INC",KINGFISHER,OK,73750,KINGFISHER,83.0,79.0,82.0,212.0,0.0,,low,Critical Access Hospitals,Voluntary non-profit - Private,Yes
371314,THE PHYSICIANS' HOSPITAL IN ANADARKO,ANADARKO,OK,73005,CADDO,90.0,84.0,126.0,170.0,,,,Critical Access Hospitals,Proprietary,Yes
371316,RURAL WELLNESS STROUD HOSPITAL,STROUD,OK,74079,LINCOLN,110.0,99.0,,183.0,1.0,,low,Critical Access Hospitals,Proprietary,Yes
371317,MERCY HOSPITAL LOGAN COUNTY,GUTHRIE,OK,73044,LOGAN,71.0,68.0,76.0,224.0,0.0,,low,Critical Access Hospitals,Voluntary non-profit - Private,Yes
371318,RURAL WELLNESS FAIRFAX HOSPITAL,FAIRFAX,OK,74637,OSAGE,214.0,168.0,228.0,223.0,0.0,,low,Critical Access Hospitals,Proprietary,Yes
371319,"COAL COUNTY GENERAL HOSPITAL, INC.",COALGATE,OK,74538,COAL,101.0,100.0,,,0.0,,low,Critical Access Hospitals,Voluntary non-profit - Private,Yes
371320,CLEVELAND AREA HOSPITAL,CLEVELAND,OK,74020,PAWNEE,86.0,78.0,,204.0,,,,Critical Access Hospitals,Government - Hospital District or Authority,Yes
371321,HOLDENVILLE GENERAL HOSPITAL,HOLDENVILLE,OK,74848,HUGHES,129.0,99.0,,276.0,2.0,,low,Critical Access Hospitals,Government - Hospital District or Authority,Yes
371322,BEAVER COUNTY MEMORIAL HOSPITAL,BEAVER,OK,73932,BEAVER,124.0,114.0,323.0,,1.0,,low,Critical Access Hospitals,Government - Hospital District or Authority,Yes
371323,"WEATHERFORD REGIONAL HOSPITAL, INC OF WEATHERFORD",WEATHERFORD,OK,73096,CUSTER,134.0,128.0,,,2.0,,low,Critical Access Hospitals,Government - Hospital District or Authority,Yes
371325,CORDELL MEMORIAL HOSPITAL,CORDELL,OK,73632,WASHITA,143.0,134.0,,246.0,0.0,,low,Critical Access Hospitals,Government - Hospital District or Authority,Yes
371326,ALLIANCEHEALTH MADILL,MADILL,OK,73446,MARSHALL,80.0,75.0,,149.0,1.0,,low,Critical Access Hospitals,Voluntary non-profit - Other,Yes
371327,OKEENE MUNICIPAL HOSPITAL,OKEENE,OK,73763,BLAINE,140.0,127.0,333.0,215.0,0.0,,low,Critical Access Hospitals,Government - Local,Yes
371328,ARBUCKLE MEMORIAL HOSPITAL AUTHORITY,SULPHUR,OK,73086,MURRAY,115.0,113.0,,,,,,Critical Access Hospitals,Government - Local,Yes
371329,FAIRVIEW REGIONAL MEDICAL CENTER AUTHORITY,FAIRVIEW,OK,73737,MAJOR,110.0,105.0,,203.0,1.0,,low,Critical Access Hospitals,Government - Hospital District or Authority,Yes
371330,MANGUM REGIONAL MEDICAL CENTER,MANGUM,OK,73554,GREER,76.0,72.0,,,0.0,,low,Critical Access Hospitals,Government - Hospital District or Authority,Yes
371331,DRUMRIGHT REGIONAL HOSPITAL,DRUMRIGHT,OK,74030,CREEK,103.0,99.0,,224.0,,,,Critical Access Hospitals,Government - Local,Yes
371332,SEILING MUNICIPAL HOSPITAL,SEILING,OK,73663,DEWEY,96.0,95.0,,,,,,Critical Access Hospitals,Government - Hospital District or Authority,Yes
371333,CREEK NATION COMMUNITY HOSPITAL,OKEMAH,OK,74859,OKFUSKEE,100.0,87.0,,235.0,0.0,,low,Critical Access Hospitals,Tribal,Yes
371334,CARNEGIE TRI-COUNTY MUNICIPAL HOSPITAL,CARNEGIE,OK,73015,CADDO,81.0,78.0,,,1.0,,low,Critical Access Hospitals,Government - Hospital District or Authority,Yes
371335,"HASKELL REGIONAL HOSPITAL, INC",STIGLER,OK,74462,HASKELL,123.0,120.0,,,1.0,,low,Critical Access Hospitals,Voluntary non-profit - Private,Yes
371336,NEWMAN MEMORIAL HOSPITAL,SHATTUCK,OK,73858,ELLIS,129.0,125.0,280.0,242.0,0.0,,low,Critical Access Hospitals,Government - Hospital District or Authority,Yes
371337,EASTERN OKLAHOMA MEDICAL CENTER,POTEAU,OK,74953,LE FLORE,119.0,111.0,206.0,302.0,1.0,,low,Critical Access Hospitals,Government - Local,Yes
371338,HARMON MEMORIAL HOSPITAL,HOLLIS,OK,73550,HARMON,124.0,110.0,,224.0,0.0,,low,Critical Access Hospitals,Voluntary non-profit - Other,Yes
371340,MEMORIAL HOSPITAL OF TEXAS COUNTY AUTHORITY,GUYMON,OK,73942,TEXAS,152.0,146.0,190.0,355.0,1.0,,low,Critical Access Hospitals,Government - Hospital District or Authority,Yes
371341,SHARE MEDICAL CENTER,ALVA,OK,73717,WOODS,156.0,141.0,,284.0,0.0,,low,Critical Access Hospitals,Government - Hospital District or Authority,Yes
371342,MCCURTAIN MEMORIAL HOSPITAL,IDABEL,OK,74745,MCCURTAIN,84.0,84.0,,,,,,Critical Access Hospitals,Voluntary non-profit - Private,Yes
373300,J D MCCARTY CENTER FOR CHILDREN,NORMAN,OK,73071,CLEVELAND,,,,,,,,Childrens,Government - State,No
373303,"THE CHILDREN'S CENTER, INC",BETHANY,OK,73008,OKLAHOMA,,,,,,,,Childrens,Voluntary non-profit - Private,Yes
380001,MID-COLUMBIA MEDICAL CENTER,THE DALLES,OR,97058,WASCO,131.0,126.0,162.0,285.0,3.0,,low,Acute Care Hospitals,Voluntary non-profit - Other,Yes
380002,ASANTE THREE RIVERS MEDICAL CENTER,GRANTS PASS,OR,97527,JOSEPHINE,218.0,203.0,234.0,272.0,5.0,69.0,high,Acute Care Hospitals,Voluntary non-profit - Other,Yes
380004,PROVIDENCE ST VINCENT MEDICAL CENTER,PORTLAND,OR,97225,WASHINGTON,239.0,230.0,393.0,,4.0,71.0,very high,Acute Care Hospitals,Voluntary non-profit - Private,Yes
380005,ASANTE ASHLAND COMMUNITY HOSPITAL,ASHLAND,OR,97520,JACKSON,159.0,144.0,185.0,257.0,3.0,,low,Acute Care Hospitals,Government - Local,Yes
380007,LEGACY EMANUEL MEDICAL CENTER,PORTLAND,OR,97227,MULTNOMAH,174.0,170.0,267.0,,3.0,,very high,Acute Care Hospitals,Voluntary non-profit - Private,Yes
380009,OHSU HOSPITAL AND CLINICS,PORTLAND,OR,97239,MULTNOMAH,228.0,224.0,242.0,,4.0,,high,Acute Care Hospitals,Voluntary non-profit - Other,Yes
380014,GOOD SAMARITAN REGIONAL MEDICAL CENTER,CORVALLIS,OR,97339,BENTON,208.0,207.0,278.0,,4.0,73.0,medium,Acute Care Hospitals,Voluntary non-profit - Private,Yes
380017,LEGACY GOOD SAMARITAN MEDICAL CENTER,PORTLAND,OR,97210,MULTNOMAH,182.0,183.0,162.0,,4.0,,medium,Acute Care Hospitals,Voluntary non-profit - Private,Yes
380018,ASANTE ROGUE REGIONAL MEDICAL CENTER,MEDFORD,OR,97504,JACKSON,246.0,243.0,272.0,286.0,3.0,21.0,high,Acute Care Hospitals,Voluntary non-profit - Private,Yes
380020,MCKENZIE-WILLAMETTE MEDICAL CENTER,SPRINGFIELD,OR,97477,LANE,172.0,172.0,118.0,,3.0,,very high,Acute Care Hospitals,Voluntary non-profit - Private,Yes
380021,HILLSBORO MEDICAL CENTER,HILLSBORO,OR,97123,WASHINGTON,200.0,200.0,148.0,,4.0,,high,Acute Care Hospitals,Voluntary non-profit - Private,Yes
380022,SAMARITAN ALBANY GENERAL HOSPITAL,ALBANY,OR,97321,LINN,186.0,180.0,198.0,496.0,6.0,87.0,medium,Acute Care Hospitals,Voluntary non-profit - Church,Yes
380025,LEGACY MOUNT HOOD MEDICAL CENTER,GRESHAM,OR,97030,MULTNOMAH,158.0,154.0,202.0,,3.0,60.0,high,Acute Care Hospitals,Voluntary non-profit - Private,Yes
380027,MERCY MEDICAL CENTER,ROSEBURG,OR,97471,DOUGLAS,203.0,202.0,234.0,,3.0,83.0,high,Acute Care Hospitals,Government - Hospital District or Authority,Yes
380029,LEGACY SILVERTON MEDICAL CENTER,SILVERTON,OR,97381,MARION,144.0,142.0,127.0,462.0,3.0,,medium,Acute Care Hospitals,Voluntary non-profit - Private,Yes
380037,PROVIDENCE NEWBERG MEDICAL CENTER,NEWBERG,OR,97132,YAMHILL,189.0,185.0,340.0,,4.0,100.0,medium,Acute Care Hospitals,Voluntary non-profit - Church,Yes
380038,PROVIDENCE WILLAMETTE FALLS MEDICAL CENTER,OREGON CITY,OR,97045,CLACKAMAS,240.0,238.0,471.0,,7.0,,medium,Acute Care Hospitals,Voluntary non-profit - Private,Yes
380047,ST CHARLES MEDICAL CENTER - BEND,BEND,OR,97701,DESCHUTES,174.0,173.0,259.0,,2.0,66.0,very high,Acute Care Hospitals,Voluntary non-profit - Private,Yes
380050,SKY LAKES MEDICAL CENTER,KLAMATH FALLS,OR,97601,KLAMATH,212.0,204.0,332.0,,7.0,27.0,medium,Acute Care Hospitals,Voluntary non-profit - Private,Yes
380051,SALEM HOSPITAL,SALEM,OR,97301,MARION,237.0,234.0,285.0,,4.0,81.0,very high,Acute Care Hospitals,Voluntary non-profit - Other,Yes
380052,SAINT ALPHONSUS MEDICAL CENTER ONTARIO,ONTARIO,OR,97914,MALHEUR,118.0,112.0,208.0,295.0,1.0,53.0,low,Acute Care Hospitals,Voluntary non-profit - Church,Yes
380056,SANTIAM HOSPITAL & CLINICS,STAYTON,OR,97383,MARION,110.0,110.0,,,2.0,45.0,medium,Acute Care Hospitals,Voluntary non-profit - Private,Yes
380060,ADVENTIST HEALTH PORTLAND,PORTLAND,OR,97216,MULTNOMAH,207.0,205.0,353.0,,1.0,80.0,high,Acute Care Hospitals,Voluntary non-profit - Church,Yes
380061,PROVIDENCE PORTLAND MEDICAL CENTER,PORTLAND,OR,97213,MULTNOMAH,216.0,215.0,284.0,,4.0,74.0,very high,Acute Care Hospitals,Voluntary non-profit - Private,Yes
380071,WILLAMETTE VALLEY MEDICAL CENTER,MCMINNVILLE,OR,97128,YAMHILL,180.0,174.0,274.0,,2.0,59.0,medium,Acute Care Hospitals,Voluntary non-profit - Private,Yes
380075,PROVIDENCE MEDFORD MEDICAL CENTER,MEDFORD,OR,97504,JACKSON,208.0,208.0,194.0,,13.0,,medium,Acute Care Hospitals,Voluntary non-profit - Church,Yes
380082,PROVIDENCE MILWAUKIE HOSPITAL,MILWAUKIE,OR,97222,CLACKAMAS,178.0,174.0,324.0,,4.0,,medium,Acute Care Hospitals,Voluntary non-profit - Church,No
380089,LEGACY MERIDIAN PARK MEDICAL CENTER,TUALATIN,OR,97062,WASHINGTON,178.0,177.0,197.0,,2.0,74.0,high,Acute Care Hospitals,Voluntary non-profit - Private,Yes
380090,BAY AREA HOSPITAL,COOS BAY,OR,97420,COOS,159.0,157.0,182.0,349.0,0.0,85.0,medium,Acute Care Hospitals,Government - Hospital District or Authority,Yes
380091,KAISER SUNNYSIDE MEDICAL CENTER,CLACKAMAS,OR,97015,CLACKAMAS,,,,,,,,Acute Care Hospitals,Voluntary non-profit - Other,Yes
380102,SACRED HEART MEDICAL CENTER - RIVERBEND,SPRINGFIELD,OR,97477,LANE,244.0,242.0,419.0,,3.0,42.0,very high,Acute Care Hospitals,Voluntary non-profit - Private,Yes
380103,KAISER FOUNDATION HOSPITAL WESTSIDE,HILLSBORO,OR,97124,WASHINGTON,,,,,,,,Acute Care Hospitals,Voluntary non-profit - Private,Yes
381301,PEACEHEALTH COTTAGE GROVE COMMUNITY MEDICAL CENTER,COTTAGE GROVE,OR,97424,LANE,127.0,123.0,,226.0,2.0,,low,Critical Access Hospitals,Voluntary non-profit - Church,Yes
381302,SAMARITAN NORTH LINCOLN HOSPITAL,LINCOLN CITY,OR,97367,LINCOLN,165.0,157.0,310.0,268.0,2.0,81.0,low,Critical Access Hospitals,Voluntary non-profit - Private,Yes
381303,PROVIDENCE SEASIDE HOSPITAL,SEASIDE,OR,97138,CLATSOP,154.0,148.0,165.0,301.0,2.0,,low,Critical Access Hospitals,Voluntary non-profit - Church,Yes
381304,SOUTHERN COOS HOSPITAL & HEALTH CENTER,BANDON,OR,97411,COOS,104.0,100.0,126.0,337.0,1.0,,low,Critical Access Hospitals,Government - Hospital District or Authority,Yes
381305,BLUE MOUNTAIN HOSPITAL,JOHN DAY,OR,97845,GRANT,103.0,99.0,137.0,344.0,1.0,,low,Critical Access Hospitals,Government - Hospital District or Authority,Yes
381306,WALLOWA MEMORIAL HOSPITAL,ENTERPRISE,OR,97828,WALLOWA,106.0,105.0,,,0.0,64.0,low,Critical Access Hospitals,Government - Hospital District or Authority,Yes
381307,HARNEY DISTRICT HOSPITAL,BURNS,OR,97720,HARNEY,98.0,94.0,107.0,224.0,2.0,,low,Critical Access Hospitals,Government - Hospital District or Authority,Yes
381308,SALEM HEALTH WEST VALLEY,DALLAS,OR,97338,POLK,119.0,114.0,,300.0,,,,Critical Access Hospitals,Voluntary non-profit - Private,Yes
381309,LAKE DISTRICT HOSPITAL,LAKEVIEW,OR,97630,LAKE,120.0,117.0,,,2.0,,low,Critical Access Hospitals,Government - Hospital District or Authority,Yes
381310,PIONEER MEMORIAL HOSPITAL,HEPPNER,OR,97836,MORROW,128.0,124.0,,,1.0,,low,Critical Access Hospitals,Government - Hospital District or Authority,Yes
381311,LOWER UMPQUA HOSPITAL DISTRICT,REEDSPORT,OR,97467,DOUGLAS,108.0,102.0,,316.0,0.0,,low,Critical Access Hospitals,Government - Hospital District or Authority,Yes
381312,COQUILLE VALLEY HOSPITAL,COQUILLE,OR,97423,COOS,124.0,119.0,122.0,267.0,,,,Critical Access Hospitals,Government - Hospital District or Authority,Yes
381313,ST CHARLES MEDICAL CENTER PRINEVILLE,PRINEVILLE,OR,97754,CROOK,135.0,126.0,,272.0,2.0,87.0,low,Critical Access Hospitals,Voluntary non-profit - Private,Yes
381314,SAMARITAN PACIFIC COMMUNITY HOSPITAL,NEWPORT,OR,97365,LINCOLN,207.0,200.0,309.0,329.0,2.0,84.0,low,Critical Access Hospitals,Voluntary non-profit - Private,Yes
381315,ST. ALPHONSUS MEDICAL CENTER - BAKER CITY,BAKER CITY,OR,97814,BAKER,100.0,92.0,130.0,193.0,1.0,,low,Critical Access Hospitals,Voluntary non-profit - Church,Yes
381316,PEACE HARBOR MEDICAL CENTER,FLORENCE,OR,97439,LANE,122.0,117.0,222.0,315.0,1.0,45.0,low,Critical Access Hospitals,Voluntary non-profit - Church,Yes
381317,ADVENTIST HEALTH TILLAMOOK,TILLAMOOK,OR,97141,TILLAMOOK,,,,,1.0,,low,Critical Access Hospitals,Voluntary non-profit - Church,Yes
381318,PROVIDENCE HOOD RIVER MEMORIAL HOSPITAL,HOOD RIVER,OR,97031,HOOD RIVER,105.0,103.0,,,1.0,,low,Critical Access Hospitals,Voluntary non-profit - Church,Yes
381319,ST ANTHONY HOSPITAL,PENDLETON,OR,97801,UMATILLA,154.0,149.0,278.0,292.0,3.0,61.0,low,Critical Access Hospitals,Voluntary non-profit - Church,Yes
381320,COLUMBIA MEMORIAL HOSPITAL,ASTORIA,OR,97103,CLATSOP,127.0,123.0,183.0,318.0,1.0,25.0,low,Critical Access Hospitals,Proprietary,Yes
381321,GRANDE RONDE HOSPITAL,LA GRANDE,OR,97850,UNION,97.0,95.0,99.0,242.0,1.0,76.0,low,Critical Access Hospitals,Voluntary non-profit - Private,Yes
381322,CURRY GENERAL HOSPITAL,GOLD BEACH,OR,97444,CURRY,128.0,113.0,206.0,304.0,1.0,89.0,low,Critical Access Hospitals,Government - Hospital District or Authority,Yes
381323,SAMARITAN LEBANON COMMUNITY HOSPITAL,LEBANON,OR,97355,LINN,189.0,179.0,,463.0,7.0,74.0,medium,Critical Access Hospitals,Voluntary non-profit - Church,Yes
381324,ST CHARLES MADRAS,MADRAS,OR,97741,JEFFERSON,138.0,126.0,242.0,304.0,2.0,,low,Critical Access Hospitals,Voluntary non-profit - Private,Yes
381325,GOOD SHEPHERD MEDICAL CENTER,HERMISTON,OR,97838,UMATILLA,155.0,151.0,183.0,459.0,2.0,,medium,Critical Access Hospitals,Voluntary non-profit - Private,Yes
383300,SHRINERS HOSPITAL FOR CHILDREN - PORTLAND,PORTLAND,OR,97239,MULTNOMAH,,,,,,,,Childrens,Voluntary non-profit - Private,No
390001,GEISINGER-COMMUNITY MEDICAL CENTER,SCRANTON,PA,18510,LACKAWANNA,207.0,211.0,156.0,,1.0,85.0,high,Acute Care Hospitals,Voluntary non-profit - Private,Yes
390002,UPMC MCKEESPORT HOSPITAL,MC KEESPORT,PA,15132,ALLEGHENY,219.0,205.0,222.0,438.0,4.0,,medium,Acute Care Hospitals,Voluntary non-profit - Private,Yes
390003,GEISINGER-BLOOMSBURG HOSPITAL,BLOOMSBURG,PA,17815,COLUMBIA,166.0,162.0,294.0,305.0,1.0,,medium,Acute Care Hospitals,Voluntary non-profit - Private,Yes
390004,PENN STATE HEALTH HOLY SPIRIT MEDICAL CENTER,CAMP HILL,PA,17011,CUMBERLAND,259.0,252.0,410.0,,2.0,,medium,Acute Care Hospitals,Voluntary non-profit - Private,Yes
390006,GEISINGER MEDICAL CENTER,DANVILLE,PA,17822,MONTOUR,172.0,165.0,380.0,,1.0,,very high,Acute Care Hospitals,Voluntary non-profit - Private,Yes
390009,SAINT VINCENT HOSPITAL,ERIE,PA,16544,ERIE,219.0,219.0,167.0,,1.0,61.0,high,Acute Care Hospitals,Voluntary non-profit - Private,Yes
390012,JEFFERSON LANSDALE HOSPITAL,LANSDALE,PA,19446,MONTGOMERY,241.0,234.0,585.0,378.0,2.0,,medium,Acute Care Hospitals,Voluntary non-profit - Private,Yes
390013,WELLSPAN EVANGELICAL COMMUNITY HOSPITAL,LEWISBURG,PA,17837,UNION,261.0,256.0,,350.0,2.0,69.0,medium,Acute Care Hospitals,Voluntary non-profit - Private,Yes
390016,UPMC JAMESON,NEW CASTLE,PA,16105,LAWRENCE,172.0,169.0,258.0,356.0,3.0,76.0,medium,Acute Care Hospitals,Voluntary non-profit - Other,Yes
390025,KENSINGTON HOSPITAL,PHILADELPHIA,PA,19122,PHILADELPHIA,,,,,,,,Acute Care Hospitals,Voluntary non-profit - Other,No
390026,TEMPLE HEALTH - CHESTNUT HILL HOSPITAL,PHILADELPHIA,PA,19118,PHILADELPHIA,236.0,234.0,,,3.0,89.0,high,Acute Care Hospitals,Voluntary non-profit - Private,Yes
390027,TEMPLE UNIVERSITY HOSPITAL,PHILADELPHIA,PA,19140,PHILADELPHIA,248.0,243.0,314.0,598.0,11.0,,very high,Acute Care Hospitals,Voluntary non-profit - Private,Yes
390028,UPMC MERCY,PITTSBURGH,PA,15219,ALLEGHENY,227.0,225.0,244.0,,1.0,,high,Acute Care Hospitals,Voluntary non-profit - Private,Yes
390030,SCHUYLKILL MEDICAL CENTER - SOUTH JACKSON STREET,POTTSVILLE,PA,17901,SCHUYLKILL,187.0,172.0,959.0,693.0,1.0,76.0,medium,Acute Care Hospitals,Voluntary non-profit - Private,Yes
390032,ALLEGHENY VALLEY HOSPITAL,NATRONA,PA,15065,ALLEGHENY,212.0,203.0,443.0,431.0,1.0,86.0,medium,Acute Care Hospitals,Voluntary non-profit - Private,Yes
390035,ST LUKE'S HOSPITAL - UPPER BUCKS CAMPUS,QUAKERTOWN,PA,18951,BUCKS,183.0,179.0,252.0,348.0,2.0,,medium,Acute Care Hospitals,Proprietary,Yes
390036,HERITAGE VALLEY BEAVER,BEAVER,PA,15009,BEAVER,187.0,185.0,581.0,,3.0,96.0,medium,Acute Care Hospitals,Voluntary non-profit - Private,Yes
390037,HERITAGE VALLEY SEWICKLEY,SEWICKLEY,PA,15143,ALLEGHENY,137.0,135.0,,,1.0,100.0,high,Acute Care Hospitals,Voluntary non-profit - Private,Yes
390039,UPMC SOMERSET,SOMERSET,PA,15501,SOMERSET,227.0,220.0,239.0,428.0,2.0,64.0,low,Acute Care Hospitals,Voluntary non-profit - Private,Yes
390041,UNIONTOWN HOSPITAL,UNIONTOWN,PA,15401,FAYETTE,190.0,186.0,,368.0,2.0,69.0,high,Acute Care Hospitals,Voluntary non-profit - Private,Yes
390042,"WASHINGTON HOSPITAL, THE",WASHINGTON,PA,15301,WASHINGTON,244.0,242.0,278.0,,3.0,58.0,medium,Acute Care Hospitals,Voluntary non-profit - Private,Yes
390044,READING HOSPITAL,WEST READING,PA,19611,BERKS,231.0,230.0,306.0,,2.0,,very high,Acute Care Hospitals,Voluntary non-profit - Private,Yes
390045,UPMC WILLIAMSPORT,WILLIAMSPORT,PA,17701,LYCOMING,148.0,146.0,236.0,,1.0,27.0,high,Acute Care Hospitals,Voluntary non-profit - Private,Yes
390046,WELLSPAN YORK HOSPITAL,YORK,PA,17403,YORK,267.0,254.0,501.0,,1.0,,very high,Acute Care Hospitals,Voluntary non-profit - Private,Yes
390048,GEISINGER-LEWISTOWN HOSPITAL,LEWISTOWN,PA,17044,MIFFLIN,184.0,181.0,250.0,242.0,2.0,92.0,medium,Acute Care Hospitals,Voluntary non-profit - Private,Yes
390049,ST LUKES HOSPITAL,BETHLEHEM,PA,18015,NORTHAMPTON,136.0,132.0,276.0,286.0,1.0,75.0,very high,Acute Care Hospitals,Voluntary non-profit - Private,Yes
390050,ALLEGHENY GENERAL HOSPITAL,PITTSBURGH,PA,15212,ALLEGHENY,278.0,274.0,283.0,,3.0,,high,Acute Care Hospitals,Voluntary non-profit - Private,Yes
390056,PENN HIGHLANDS HUNTINGDON,HUNTINGDON,PA,16652,HUNTINGDON,139.0,136.0,,,1.0,,low,Acute Care Hospitals,Voluntary non-profit - Private,Yes
390057,ST LUKE'S HOSPITAL - GRAND VIEW CAMPUS,SELLERSVILLE,PA,18960,BUCKS,234.0,229.0,480.0,,2.0,,medium,Acute Care Hospitals,Voluntary non-profit - Other,Yes
390058,UPMC CARLISLE,CARLISLE,PA,17015,CUMBERLAND,216.0,211.0,350.0,307.0,0.0,79.0,medium,Acute Care Hospitals,Voluntary non-profit - Private,Yes
390062,CONEMAUGH NASON MEDICAL CENTER,ROARING SPRING,PA,16673,BLAIR,143.0,141.0,,318.0,4.0,,low,Acute Care Hospitals,Voluntary non-profit - Other,Yes
390063,UPMC HAMOT,ERIE,PA,16550,ERIE,194.0,193.0,228.0,176.0,2.0,,very high,Acute Care Hospitals,Voluntary non-profit - Private,Yes
390065,GETTYSBURG HOSPITAL,GETTYSBURG,PA,17325,ADAMS,155.0,149.0,382.0,318.0,0.0,78.0,medium,Acute Care Hospitals,Voluntary non-profit - Private,Yes
390066,WELLSPAN GOOD SAMARITAN HOSPITAL,LEBANON,PA,17042,LEBANON,206.0,197.0,486.0,,1.0,83.0,high,Acute Care Hospitals,Voluntary non-profit - Private,Yes
390067,UPMC PINNACLE HOSPITALS,HARRISBURG,PA,17104,DAUPHIN,221.0,215.0,324.0,,1.0,43.0,very high,Acute Care Hospitals,Voluntary non-profit - Private,Yes
390068,UPMC LITITZ,LITITZ,PA,17543,LANCASTER,164.0,164.0,133.0,,1.0,,low,Acute Care Hospitals,Voluntary non-profit - Other,Yes
390070,LOWER BUCKS HOSPITAL,BRISTOL,PA,19007,BUCKS,154.0,150.0,266.0,,1.0,,medium,Acute Care Hospitals,Voluntary non-profit - Private,Yes
390073,UPMC ALTOONA,ALTOONA,PA,16601,BLAIR,214.0,210.0,213.0,497.0,1.0,55.0,high,Acute Care Hospitals,Voluntary non-profit - Private,Yes
390079,ROBERT PACKER HOSPITAL,SAYRE,PA,18840,BRADFORD,168.0,163.0,462.0,,1.0,71.0,medium,Acute Care Hospitals,Voluntary non-profit - Private,Yes
390086,PENN HIGHLANDS DUBOIS,DUBOIS,PA,15801,CLEARFIELD,172.0,164.0,378.0,,2.0,,high,Acute Care Hospitals,Voluntary non-profit - Private,Yes
390090,WEST PENN HOSPITAL,PITTSBURGH,PA,15224,ALLEGHENY,208.0,208.0,,,2.0,,medium,Acute Care Hospitals,Voluntary non-profit - Private,Yes
390091,UPMC NORTHWEST,SENECA,PA,16346,VENANGO,144.0,136.0,356.0,376.0,1.0,38.0,medium,Acute Care Hospitals,Voluntary non-profit - Other,Yes
390093,INDEPENDENCE HEALTH SYSTEM CLARION HOSPITAL,CLARION,PA,16214,CLARION,180.0,166.0,370.0,357.0,1.0,,low,Acute Care Hospitals,Voluntary non-profit - Private,Yes
390096,PENN STATE HEALTH ST. JOSEPH,READING,PA,19605,BERKS,232.0,232.0,218.0,,2.0,,high,Acute Care Hospitals,Voluntary non-profit - Private,Yes
390097,HOLY REDEEMER HOSPITAL AND MEDICAL CENTER,MEADOWBROOK,PA,19046,MONTGOMERY,220.0,195.0,,284.0,4.0,,medium,Acute Care Hospitals,Voluntary non-profit - Church,Yes
390100,LANCASTER GENERAL HOSPITAL,LANCASTER,PA,17602,LANCASTER,210.0,209.0,308.0,,0.0,75.0,very high,Acute Care Hospitals,Voluntary non-profit - Private,Yes
390101,UPMC MEMORIAL,YORK,PA,17408,YORK,269.0,266.0,300.0,434.0,1.0,,medium,Acute Care Hospitals,Voluntary non-profit - Private,Yes
390102,UPMC ST MARGARET,PITTSBURGH,PA,15215,ALLEGHENY,234.0,233.0,304.0,218.0,1.0,25.0,medium,Acute Care Hospitals,Voluntary non-profit - Private,Yes
390107,UPMC PASSAVANT,PITTSBURGH,PA,15237,ALLEGHENY,199.0,197.0,498.0,288.0,1.0,35.0,very high,Acute Care Hospitals,Voluntary non-profit - Private,Yes
390110,CONEMAUGH MEMORIAL MEDICAL CENTER,JOHNSTOWN,PA,15905,CAMBRIA,180.0,176.0,237.0,,1.0,93.0,medium,Acute Care Hospitals,Proprietary,Yes
390111,HOSPITAL OF UNIV OF PENNSYLVANIA,PHILADELPHIA,PA,19104,PHILADELPHIA,293.0,290.0,325.0,,6.0,83.0,very high,Acute Care Hospitals,Voluntary non-profit - Private,Yes
390112,CHAN SOON- SHIONG MEDICAL CENTER AT WINDBER,WINDBER,PA,15963,SOMERSET,146.0,141.0,178.0,507.0,6.0,,low,Acute Care Hospitals,Voluntary non-profit - Private,Yes
390113,MEADVILLE MEDICAL CENTER,MEADVILLE,PA,16335,CRAWFORD,205.0,202.0,216.0,297.0,4.0,85.0,medium,Acute Care Hospitals,Voluntary non-profit - Private,Yes
390114,MAGEE WOMENS HOSPITAL OF UPMC HEALTH SYSTEM,PITTSBURGH,PA,15213,ALLEGHENY,201.0,200.0,,,1.0,,medium,Acute Care Hospitals,Voluntary non-profit - Other,Yes
390115,JEFFERSON HEALTH- NORTHEAST,PHILADELPHIA,PA,19114,PHILADELPHIA,320.0,316.0,,,5.0,,very high,Acute Care Hospitals,Voluntary non-profit - Private,Yes
390116,SUBURBAN COMMUNITY HOSPITAL,NORRISTOWN,PA,19401,MONTGOMERY,171.0,167.0,313.0,,0.0,,low,Acute Care Hospitals,Voluntary non-profit - Private,Yes
390117,UPMC BEDFORD MEMORIAL,EVERETT,PA,15537,BEDFORD,155.0,142.0,290.0,602.0,1.0,,low,Acute Care Hospitals,Voluntary non-profit - Private,Yes
390123,POTTSTOWN HOSPITAL,POTTSTOWN,PA,19464,MONTGOMERY,197.0,195.0,268.0,244.0,1.0,88.0,medium,Acute Care Hospitals,Voluntary non-profit - Private,Yes
390125,WAYNE MEMORIAL HOSPITAL,HONESDALE,PA,18431,WAYNE,217.0,212.0,,257.0,2.0,71.0,medium,Acute Care Hospitals,Voluntary non-profit - Private,Yes
390127,PHOENIXVILLE HOSPITAL,PHOENIXVILLE,PA,19460,CHESTER,180.0,178.0,399.0,,1.0,85.0,medium,Acute Care Hospitals,Voluntary non-profit - Private,Yes
390133,LEHIGH VALLEY HOSPITAL,ALLENTOWN,PA,18103,LEHIGH,182.0,181.0,311.0,,1.0,54.0,very high,Acute Care Hospitals,Voluntary non-profit - Private,Yes
390137,WILKES-BARRE GENERAL HOSPITAL,WILKES-BARRE,PA,18764,LUZERNE,216.0,209.0,575.0,,2.0,100.0,medium,Acute Care Hospitals,Proprietary,Yes
390138,WELLSPAN WAYNESBORO HOSPITAL,WAYNESBORO,PA,17268,FRANKLIN,146.0,145.0,152.0,318.0,1.0,,medium,Acute Care Hospitals,Voluntary non-profit - Private,Yes
390139,BRYN MAWR HOSPITAL,BRYN MAWR,PA,19010,MONTGOMERY,221.0,214.0,392.0,,1.0,,high,Acute Care Hospitals,Voluntary non-profit - Private,Yes
390142,JEFFERSON EINSTEIN PHILADELPHIA HOSPITAL,PHILADELPHIA,PA,19141,PHILADELPHIA,258.0,268.0,134.0,151.0,11.0,,very high,Acute Care Hospitals,Voluntary non-profit - Other,Yes
390145,EXCELA HEALTH WESTMORELAND REGIONAL HOSPITAL,GREENSBURG,PA,15601,WESTMORELAND,192.0,190.0,220.0,220.0,2.0,83.0,medium,Acute Care Hospitals,Voluntary non-profit - Other,Yes
390146,WARREN GENERAL HOSPITAL,WARREN,PA,16365,WARREN,227.0,194.0,222.0,542.0,3.0,25.0,low,Acute Care Hospitals,Voluntary non-profit - Private,Yes
390147,PENN HIGHLANDS MON VALLEY,MONONGAHELA,PA,15063,WASHINGTON,176.0,173.0,308.0,265.0,3.0,,medium,Acute Care Hospitals,Voluntary non-profit - Private,Yes
390150,UPMC GREENE,WAYNESBURG,PA,15370,GREENE,130.0,120.0,415.0,388.0,2.0,,low,Acute Care Hospitals,Voluntary non-profit - Private,Yes
390151,WELLSPAN CHAMBERSBURG HOSPITAL,CHAMBERSBURG,PA,17201,FRANKLIN,181.0,178.0,348.0,,1.0,48.0,high,Acute Care Hospitals,Voluntary non-profit - Private,Yes
390153,PAOLI HOSPITAL,PAOLI,PA,19301,CHESTER,223.0,220.0,498.0,,0.0,,high,Acute Care Hospitals,Voluntary non-profit - Private,Yes
390156,MERCY CATHOLIC MEDICAL CENTER- MERCY FITZGERALD,DARBY,PA,19023,DELAWARE,223.0,223.0,,,1.0,59.0,high,Acute Care Hospitals,Voluntary non-profit - Private,Yes
390160,CANONSBURG GENERAL HOSPITAL,CANONSBURG,PA,15317,WASHINGTON,160.0,155.0,,353.0,1.0,,medium,Acute Care Hospitals,Voluntary non-profit - Private,Yes
390162,ST LUKE'S HOSPITAL - EASTON CAMPUS,EASTON,PA,18042,NORTHAMPTON,104.0,101.0,366.0,,0.0,,medium,Acute Care Hospitals,Voluntary non-profit - Private,Yes
390163,ACMH HOSPITAL,KITTANNING,PA,16201,ARMSTRONG,200.0,195.0,209.0,330.0,1.0,,medium,Acute Care Hospitals,Voluntary non-profit - Private,Yes
390164,UPMC PRESBYTERIAN SHADYSIDE,PITTSBURGH,PA,15213,ALLEGHENY,236.0,234.0,289.0,224.0,1.0,,very high,Acute Care Hospitals,Voluntary non-profit - Private,Yes
390168,INDEPENDENCE HEALTH SYSTEM BUTLER MEMORIAL HOSPITA,BUTLER,PA,16001,BUTLER,196.0,194.0,167.0,350.0,3.0,77.0,medium,Acute Care Hospitals,Voluntary non-profit - Private,Yes
390173,INDIANA REGIONAL MEDICAL CENTER,INDIANA,PA,15701,INDIANA,178.0,170.0,303.0,315.0,1.0,67.0,medium,Acute Care Hospitals,Voluntary non-profit - Private,Yes
390174,THOMAS JEFFERSON UNIVERSITY HOSPITAL,PHILADELPHIA,PA,19107,PHILADELPHIA,242.0,236.0,268.0,,2.0,,very high,Acute Care Hospitals,Voluntary non-profit - Private,Yes
390178,UPMC HORIZON,GREENVILLE,PA,16125,MERCER,172.0,156.0,484.0,455.0,2.0,67.0,medium,Acute Care Hospitals,Voluntary non-profit - Private,Yes
390179,CHESTER COUNTY HOSPITAL,WEST CHESTER,PA,19380,CHESTER,247.0,241.0,410.0,,2.0,52.0,very high,Acute Care Hospitals,Voluntary non-profit - Private,Yes
390180,CROZER CHESTER MEDICAL CENTER,UPLAND,PA,19013,DELAWARE,333.0,331.0,,,2.0,,high,Acute Care Hospitals,Voluntary non-profit - Other,Yes
390183,ST LUKE'S MINERS MEMORIAL HOSPITAL,COALDALE,PA,18218,SCHUYLKILL,151.0,145.0,,421.0,0.0,,medium,Acute Care Hospitals,Voluntary non-profit - Private,Yes
390184,PENN HIGHLANDS CONNELLSVILLE,CONNELLSVILLE,PA,15425,FAYETTE,76.0,68.0,,343.0,1.0,,low,Acute Care Hospitals,Voluntary non-profit - Private,Yes
390185,LEHIGH VALLEY HOSPITAL - HAZLETON,HAZLETON,PA,18201,LUZERNE,202.0,194.0,534.0,320.0,1.0,85.0,medium,Acute Care Hospitals,Voluntary non-profit - Other,Yes
390195,MAIN LINE HOSPITAL LANKENAU,WYNNEWOOD,PA,19096,MONTGOMERY,300.0,299.0,,,4.0,78.0,very high,Acute Care Hospitals,Voluntary non-profit - Private,Yes
390198,LECOM MEDICAL CENTER AND BEHAVIORAL HEALTH PAV,ERIE,PA,16509,ERIE,135.0,131.0,156.0,,3.0,,low,Acute Care Hospitals,Voluntary non-profit - Private,Yes
390199,PUNXSUTAWNEY AREA HOSPITAL,PUNXSUTAWNEY,PA,15767,JEFFERSON,138.0,136.0,,404.0,0.0,,low,Acute Care Hospitals,Voluntary non-profit - Private,Yes
390201,LEHIGH VALLEY HOSPITAL - POCONO,EAST STROUDSBURG,PA,18301,MONROE,242.0,232.0,741.0,655.0,1.0,72.0,medium,Acute Care Hospitals,Voluntary non-profit - Private,Yes
390203,DOYLESTOWN HOSPITAL,DOYLESTOWN,PA,18901,BUCKS,240.0,228.0,385.0,,1.0,,high,Acute Care Hospitals,Voluntary non-profit - Private,Yes
390204,NAZARETH HOSPITAL,PHILADELPHIA,PA,19152,PHILADELPHIA,224.0,222.0,372.0,,4.0,80.0,high,Acute Care Hospitals,Voluntary non-profit - Private,Yes
390211,SHARON REGIONAL MEDICAL CENTER,SHARON,PA,16146,MERCER,139.0,132.0,416.0,,3.0,,low,Acute Care Hospitals,Proprietary,Yes
390217,EXCELA HEALTH - FRICK HOSPITAL,MOUNT PLEASANT,PA,15666,WESTMORELAND,127.0,124.0,,356.0,1.0,93.0,medium,Acute Care Hospitals,Voluntary non-profit - Other,Yes
390219,EXCELA HEALTH LATROBE HOSPITAL,LATROBE,PA,15650,WESTMORELAND,192.0,190.0,180.0,260.0,1.0,,medium,Acute Care Hospitals,Voluntary non-profit - Private,Yes
390222,RIDDLE MEMORIAL HOSPITAL,MEDIA,PA,19063,DELAWARE,306.0,302.0,531.0,,3.0,75.0,high,Acute Care Hospitals,Voluntary non-profit - Private,Yes
390223,PENN PRESBYTERIAN MEDICAL CENTER,PHILADELPHIA,PA,19104,PHILADELPHIA,326.0,326.0,256.0,,5.0,73.0,high,Acute Care Hospitals,Voluntary non-profit - Other,Yes
390225,WELLSPAN EPHRATA COMMUNITY HOSPITAL,EPHRATA,PA,17522,LANCASTER,192.0,184.0,287.0,407.0,1.0,67.0,medium,Acute Care Hospitals,Voluntary non-profit - Other,Yes
390226,PENNSYLVANIA HOSPITAL,PHILADELPHIA,PA,19107,PHILADELPHIA,278.0,280.0,215.0,,3.0,73.0,high,Acute Care Hospitals,Voluntary non-profit - Private,Yes
390228,ST CLAIR HOSPITAL,PITTSBURGH,PA,15243,ALLEGHENY,202.0,200.0,269.0,,2.0,78.0,high,Acute Care Hospitals,Voluntary non-profit - Private,Yes
390231,JEFFERSON ABINGTON HOSPITAL,ABINGTON,PA,19001,MONTGOMERY,258.0,256.0,472.0,,4.0,,very high,Acute Care Hospitals,Voluntary non-profit - Private,Yes
390233,UPMC HANOVER,HANOVER,PA,17331,YORK,229.0,225.0,828.0,278.0,1.0,88.0,medium,Acute Care Hospitals,Voluntary non-profit - Private,Yes
390237,REGIONAL HOSPITAL OF SCRANTON,SCRANTON,PA,18501,LACKAWANNA,191.0,187.0,440.0,,3.0,,medium,Acute Care Hospitals,Proprietary,Yes
390256,MILTON S HERSHEY MEDICAL CENTER,HERSHEY,PA,17033,DAUPHIN,264.0,261.0,368.0,,2.0,,very high,Acute Care Hospitals,Voluntary non-profit - Private,Yes
390258,ST MARY MEDICAL CENTER,LANGHORNE,PA,19047,BUCKS,240.0,237.0,323.0,,2.0,,high,Acute Care Hospitals,Voluntary non-profit - Private,Yes
390265,JEFFERSON HOSPITAL,JEFFERSON HILLS,PA,15025,ALLEGHENY,174.0,170.0,280.0,256.0,0.0,78.0,high,Acute Care Hospitals,Voluntary non-profit - Private,Yes
390266,GROVE CITY MEDICAL CENTER,GROVE CITY,PA,16127,MERCER,158.0,150.0,,529.0,2.0,,low,Acute Care Hospitals,Voluntary non-profit - Private,Yes
390267,FORBES HOSPITAL,MONROEVILLE,PA,15146,ALLEGHENY,256.0,261.0,213.0,,3.0,83.0,high,Acute Care Hospitals,Voluntary non-profit - Private,Yes
390268,MOUNT NITTANY MEDICAL CENTER,STATE COLLEGE,PA,16803,CENTRE,191.0,188.0,498.0,,1.0,76.0,high,Acute Care Hospitals,Voluntary non-profit - Private,Yes
390270,GEISINGER WYOMING VALLEY MEDICAL CENTER,WILKES BARRE,PA,18711,LUZERNE,204.0,200.0,334.0,,2.0,,very high,Acute Care Hospitals,Voluntary non-profit - Private,Yes
390272,VALLEY FORGE MEDICAL CENTER,NORRISTOWN,PA,19403,MONTGOMERY,,,,,,,,Acute Care Hospitals,Proprietary,No
390278,EAGLEVILLE HOSPITAL,EAGLEVILLE,PA,19403,MONTGOMERY,,,,,,,,Acute Care Hospitals,Voluntary non-profit - Private,No
390304,ROXBOROUGH MEMORIAL HOSPITAL,PHILADELPHIA,PA,19128,PHILADELPHIA,188.0,186.0,377.0,,3.0,,medium,Acute Care Hospitals,Proprietary,Yes
390307,EDGEWOOD SURGICAL HOSPITAL,TRANSFER,PA,16154,MERCER,,,,,,,,Acute Care Hospitals,Physician,No
390316,SURGICAL INSTITUTE OF READING,WYOMISSING,PA,19610,BERKS,,,,,,,,Acute Care Hospitals,Physician,No
390322,ROTHMAN ORTHOPAEDIC SPECIALTY HOSPITAL,BENSALEM,PA,19020,BUCKS,,,,,,,,Acute Care Hospitals,Proprietary,No
390323,ADVANCED SURGICAL HOSPITAL,WASHINGTON,PA,15301,WASHINGTON,,,,,,,,Acute Care Hospitals,Physician,No
390324,PHYSICIANS CARE SURGICAL HOSPITAL,ROYERSFORD,PA,19468,MONTGOMERY,,,,,,,,Acute Care Hospitals,Physician,No
390325,OSS ORTHOPAEDIC HOSPITAL,YORK,PA,17402,YORK,,,,,,,,Acute Care Hospitals,Proprietary,No
390327,WELLSPAN SURGERY AND REHABILITATION HOSPITAL,YORK,PA,17403,YORK,,,,,,,,Acute Care Hospitals,Voluntary non-profit - Private,No
390328,UPMC EAST,MONROEVILLE,PA,15146,ALLEGHENY,249.0,245.0,356.0,304.0,2.0,59.0,high,Acute Care Hospitals,Voluntary non-profit - Private,Yes
390329,JEFFERSON EINSTEIN MONTGOMERY HOSPITAL,EAST NORRITON,PA,19403,MONTGOMERY,303.0,297.0,417.0,,3.0,,medium,Acute Care Hospitals,Voluntary non-profit - Private,Yes
390330,ST LUKE'S HOSPITAL - MONROE CAMPUS,STROUDSBURG,PA,18360,MONROE,174.0,170.0,,,1.0,,high,Acute Care Hospitals,Voluntary non-profit - Private,Yes
390331,WILLS EYE HOSPITAL,PHILADELPHIA,PA,19107,PHILADELPHIA,,,,,,,,Acute Care Hospitals,Voluntary non-profit - Private,No
390332,GEISINGER ST. LUKE'S  HOSPITAL,ORWIGSBURG,PA,17961,SCHUYLKILL,130.0,124.0,,291.0,0.0,,medium,Acute Care Hospitals,Voluntary non-profit - Private,No
390333,"AHN EMERUS WESTMORELAND, LLC",GREENSBURG,PA,15601,WESTMORELAND,97.0,96.0,,305.0,1.0,79.0,very high,Acute Care Hospitals,Proprietary,Yes
390334,AHN WEXFORD HOSPITAL,WEXFORD,PA,15090,ALLEGHENY,184.0,184.0,,356.0,0.0,77.0,medium,Acute Care Hospitals,Voluntary non-profit - Private,Yes
390335,ST LUKE'S HOSPITAL - CARBON CAMPUS,LEHIGHTON,PA,18235,CARBON,152.0,149.0,394.0,134.0,0.0,,medium,Acute Care Hospitals,Voluntary non-profit - Private,Yes
390336,PENN STATE HEALTH HAMPDEN MEDICAL CENTER,ENOLA,PA,17025,CUMBERLAND,202.0,196.0,542.0,,1.0,64.0,medium,Acute Care Hospitals,Voluntary non-profit - Private,Yes
390338,LEHIGH VALLEY HOSPITAL - DICKSON CITY,DICKSON CITY,PA,18519,LACKAWANNA,166.0,160.0,422.0,,1.0,,medium,Acute Care Hospitals,Voluntary non-profit - Private,Yes
390339,PENN STATE HEALTH LANCASTER MEDICAL CENTER,LANCASTER,PA,17601,LANCASTER,233.0,231.0,416.0,,4.0,,medium,Acute Care Hospitals,Voluntary non-profit - Private,Yes
390430,LEHIGH VALLEY HOSPITAL - MACUNGIE,MACUNGIE,PA,18062,LEHIGH,119.0,112.0,,402.0,,,,Acute Care Hospitals,Proprietary,Yes
391300,GEISINGER JERSEY SHORE HOSPITAL,JERSEY SHORE,PA,17740,LYCOMING,128.0,122.0,233.0,206.0,0.0,,low,Critical Access Hospitals,Voluntary non-profit - Private,Yes
391301,UPMC MUNCY,MUNCY,PA,17756,LYCOMING,134.0,115.0,244.0,358.0,1.0,,low,Critical Access Hospitals,Voluntary non-profit - Private,Yes
391302,CONEMAUGH MEYERSDALE MEDICAL CENTER,MEYERSDALE,PA,15552,SOMERSET,90.0,84.0,,310.0,0.0,,low,Critical Access Hospitals,Proprietary,Yes
391303,FULTON COUNTY MEDICAL CENTER,MCCONNELLSBURG,PA,17233,FULTON,107.0,102.0,235.0,247.0,1.0,,low,Critical Access Hospitals,Voluntary non-profit - Private,Yes
391304,BUCKTAIL MEDICAL CENTER,RENOVO,PA,17764,CLINTON,83.0,82.0,,,0.0,,low,Critical Access Hospitals,Voluntary non-profit - Private,Yes
391305,TROY COMMUNITY HOSPITAL,TROY,PA,16947,BRADFORD,150.0,140.0,313.0,313.0,0.0,,low,Critical Access Hospitals,Voluntary non-profit - Private,Yes
391306,ENDLESS MOUNTAINS HEALTH SYSTEMS,MONTROSE,PA,18801,SUSQUEHANNA,125.0,120.0,189.0,207.0,,,,Critical Access Hospitals,Voluntary non-profit - Private,Yes
391307,PENN HIGHLANDS TYRONE,TYRONE,PA,16686,BLAIR,107.0,104.0,133.0,,1.0,,low,Critical Access Hospitals,Voluntary non-profit - Private,Yes
391308,LECOM HEALTH CORRY MEMORIAL HOSPITAL,CORRY,PA,16407,ERIE,164.0,155.0,,470.0,2.0,,low,Critical Access Hospitals,Government - Hospital District or Authority,Yes
391309,BARNES-KASSON COUNTY HOSPITAL,SUSQUEHANNA,PA,18847,SUSQUEHANNA,88.0,80.0,,156.0,0.0,,low,Critical Access Hospitals,Voluntary non-profit - Private,Yes
391312,PENN HIGHLANDS BROOKVILLE,BROOKVILLE,PA,15825,JEFFERSON,142.0,135.0,244.0,337.0,1.0,,low,Critical Access Hospitals,Voluntary non-profit - Private,Yes
391313,UPMC COLE,COUDERSPORT,PA,16915,POTTER,151.0,147.0,,,1.0,,low,Critical Access Hospitals,Voluntary non-profit - Private,Yes
391314,TITUSVILLE AREA HOSPITAL,TITUSVILLE,PA,16354,CRAWFORD,140.0,138.0,,344.0,0.0,,low,Critical Access Hospitals,Voluntary non-profit - Private,Yes
391315,PENN HIGHLANDS ELK,SAINT MARYS,PA,15857,ELK,197.0,188.0,420.0,509.0,3.0,,low,Critical Access Hospitals,Voluntary non-profit - Private,Yes
391316,UPMC WELLSBORO,WELLSBORO,PA,16901,TIOGA,204.0,192.0,504.0,429.0,2.0,,low,Critical Access Hospitals,Voluntary non-profit - Private,Yes
391317,CONEMAUGH MINERS MEDICAL CENTER,HASTINGS,PA,16646,CAMBRIA,207.0,126.0,,282.0,0.0,,low,Critical Access Hospitals,Proprietary,Yes
391318,UPMC KANE,KANE,PA,16735,MC KEAN,110.0,102.0,,448.0,,,,Critical Access Hospitals,Voluntary non-profit - Private,Yes
393302,UPMC CHILDREN'S HOSPITAL OF PITTSBURGH,PITTSBURGH,PA,15224,ALLEGHENY,,,,,,,,Childrens,Voluntary non-profit - Other,Yes
393303,CHILDREN'S HOSPITAL OF PHILADELPHIA,PHILADELPHIA,PA,19104,PHILADELPHIA,,,,,,,,Childrens,Voluntary non-profit - Private,Yes
393304,CHILDREN'S HOME OF PITTSBURGH,PITTSBURGH,PA,15224,ALLEGHENY,,,,,,,,Childrens,Voluntary non-profit - Private,No
393307,ST CHRISTOPHER'S HOSPITAL FOR CHILDREN,PHILADELPHIA,PA,19134,PHILADELPHIA,,,,,,,,Childrens,Proprietary,Yes
393309,SHRINERS HOSPITALS FOR CHILDREN - PHILADELPHIA,PHILADELPHIA,PA,19104,PHILADELPHIA,,,,,,,,Childrens,Voluntary non-profit - Other,No
400001,PRESBYTERIAN COMMUNITY HOSPITAL,SAN JUAN,PR,907,SAN JUAN,,,,,,,,Acute Care Hospitals,Voluntary non-profit - Private,Yes
400003,HOSPITAL METROPOLITANO DR PILA,PONCE,PR,717,PONCE,,,,,,,,Acute Care Hospitals,Proprietary,Yes
400004,"ASOCIACION HOSPITAL DEL MAESTRO, INC",SAN JUAN,PR,918,SAN JUAN,,,,,,,,Acute Care Hospitals,Voluntary non-profit - Private,Yes
400005,HOPE MEDICAL CENTER,HUMACAO,PR,791,HUMACAO,,,,,,,,Acute Care Hospitals,Voluntary non-profit - Other,Yes
400006,DOCTORS' CENTER HOSPITAL SAN JUAN,SANTURCE,PR,909,SAN JUAN,,,,,1.0,,medium,Acute Care Hospitals,Proprietary,Yes
400007,RYDER MEMORIAL HOSPITAL INC,HUMACAO,PR,791,HUMACAO,,,,,,,,Acute Care Hospitals,Voluntary non-profit - Private,Yes
400010,HOSPITAL GENERAL DE CASTANER,CASTANER,PR,631,LARES,,,,,,,,Acute Care Hospitals,Voluntary non-profit - Private,Yes
400011,"HOSPITAL MENONITA HUMACAO, INC",HUMACAO,PR,792,HUMACAO,,,,,,,,Acute Care Hospitals,Proprietary,Yes
400012,HOSPITAL ONCOLOGICO DR ISAAC GONZALEZ MARTINEZ,SAN JUAN,PR,936,SAN JUAN,,,,,,,,Acute Care Hospitals,Voluntary non-profit - Private,No
400013,HOSPITAL MENONITA DE CAYEY,CAYEY,PR,737,CAYEY,,,,,,,,Acute Care Hospitals,Voluntary non-profit - Private,Yes
400014,BELLA VISTA HOSPITAL,MAYAGUEZ,PR,681,MAYAGUEZ,,,,,,,,Acute Care Hospitals,Voluntary non-profit - Church,Yes
400015,SAN JUAN MUNICIPALITY HOSPITAL,RIO PIEDRAS,PR,926,SAN JUAN,,,,,,,,Acute Care Hospitals,Government - Local,Yes
400016,AUXILIO MUTUO HOSPITAL,SAN JUAN,PR,918,SAN JUAN,,,,,,,,Acute Care Hospitals,Voluntary non-profit - Private,Yes
400018,HOSPITAL MENONITA DE AIBONITO,AIBONITO,PR,705,AIBONITO,,,,,,,,Acute Care Hospitals,Voluntary non-profit - Private,Yes
400019,HOSPITAL PAVIA SANTURCE,SAN JUAN,PR,910,SAN JUAN,,,,,,,,Acute Care Hospitals,Proprietary,Yes
400021,HOSPITAL DE LA CONCEPCION,SAN GERMAN,PR,683,SAN GERMAN,,,,,,,,Acute Care Hospitals,Voluntary non-profit - Private,Yes
400022,HOSPITAL DAMAS INC,PONCE,PR,717,PONCE,205.0,205.0,233.0,,,,,Acute Care Hospitals,Voluntary non-profit - Private,Yes
400032,BAYAMON MEDICAL CENTER,BAYAMON,PR,960,BAYAMON,279.0,279.0,227.0,,2.0,0.0,medium,Acute Care Hospitals,Proprietary,Yes
400044,HOSPITAL EPISCOPAL SAN LUCAS II,PONCE,PR,716,PONCE,,,,,,,,Acute Care Hospitals,Voluntary non-profit - Private,Yes
400048,HOSPITAL MENONITA GUAYAMA,GUAYAMA,PR,785,GUAYANILLA,280.0,277.0,315.0,446.0,,30.0,,Acute Care Hospitals,Voluntary non-profit - Private,Yes
400061,HOSPITAL UNIVERSITARIO DE ADULTO,RIO PIEDRAS,PR,927,SAN JUAN,,,,,,,,Acute Care Hospitals,Government - State,Yes
400079,HOSPITAL  COMUNITARIO BUEN SAMARITANO INC,AGUADILLA,PR,603,AGUADILLA,,,,,,,,Acute Care Hospitals,Voluntary non-profit - Private,Yes
400087,HOSPITAL PAVIA ARECIBO,ARECIBO,PR,612,ARECIBO,,,,,,,,Acute Care Hospitals,Proprietary,Yes
400098,HOSPITAL SAN FRANCISCO,SAN JUAN,PR,923,SAN JUAN,,,,,,,,Acute Care Hospitals,Proprietary,Yes
400102,DOCTORS' CENTER BAYAMON,BAYAMON,PR,960,BAYAMON,,,,,1.0,,medium,Acute Care Hospitals,Proprietary,Yes
400103,MAYAGUEZ MEDICAL CENTER DR RAMON EMETERIO BETANCES,MAYAGUEZ,PR,682,MAYAGUEZ,,,,,,,,Acute Care Hospitals,Proprietary,Yes
400104,HOSPITAL MENONITA CAGUAS INC,CAGUAS,PR,726,CAGUAS,,,,,,,,Acute Care Hospitals,Voluntary non-profit - Private,Yes
400105,HOSPITAL UNIVERSITARIO DR RUIZ ARNAU,BAYAMON,PR,956,BAYAMON,,,,,,,,Acute Care Hospitals,Government - State,Yes
400106,METROPOLITAN HOSPITAL,SAN JUAN,PR,915,SAN JUAN,,,,,,,,Acute Care Hospitals,Proprietary,Yes
400109,HOSPITAL ESPANOL AUXILIO MUTUO SAN PABLO,BAYAMON,PR,961,BAYAMON,,,,,,,,Acute Care Hospitals,Voluntary non-profit - Private,Yes
400110,HOSPITAL PAVIA YAUCO,YAUCO,PR,698,YAUCO,,,,,,,,Acute Care Hospitals,Proprietary,Yes
400111,HOSPITAL SAN CARLOS BORROMEO,MOCA,PR,676,MOCA,,,,,,,,Acute Care Hospitals,Voluntary non-profit - Private,Yes
400112,"HOSPITAL UPR, DR  FEDERICO TRILLA",CAROLINA,PR,984,CAROLINA,,,,,,,,Acute Care Hospitals,Voluntary non-profit - Private,Yes
400113,HOSPITAL MENONITA PONCE,PONCE,PR,780,PONCE,,,,,,,,Acute Care Hospitals,Voluntary non-profit - Private,Yes
400114,MANATI MEDICAL CENTER DR OTERO LOPEZ,MANATI,PR,674,MANATI,422.0,381.0,581.0,536.0,1.0,94.0,medium,Acute Care Hospitals,Voluntary non-profit - Private,Yes
400115,CENTRO MEDICO WILMA N VAZQUEZ,VEGA BAJA,PR,693,VEGA BAJA,,,,,,,,Acute Care Hospitals,Proprietary,Yes
400117,HOSPITAL METROPOLITANO  DR SUSONI,ARECIBO,PR,612,ARECIBO,,,,,,,,Acute Care Hospitals,Voluntary non-profit - Private,Yes
400118,"DOCTORS' CENTER HOSPITAL, INC",MANATI,PR,674,MANATI,,,,,1.0,,high,Acute Care Hospitals,Proprietary,Yes
400120,HOSPITAL PAVIA CAGUAS,CAGUAS,PR,725,CAGUAS,,,,,,,,Acute Care Hospitals,Proprietary,Yes
400122,PROFESSIONAL HOSPITAL GUAYNABO INC,GUAYNABO,PR,970,GUAYNABO,,,,,,,,Acute Care Hospitals,Proprietary,Yes
400123,HOSPITAL PEREA,MAYAGUEZ,PR,681,MAYAGUEZ,,,,,,,,Acute Care Hospitals,Voluntary non-profit - Private,Yes
400124,CENTRO CARDIOVASCULAR DE PUERTO RICO Y EL CARIBE,SAN JUAN,PR,936,SAN JUAN,,,,,,,,Acute Care Hospitals,Government - State,Yes
400127,ASEM,SAN JUAN,PR,935,SAN JUAN,,,,,,,,Acute Care Hospitals,Government - State,Yes
400128,"HOSPITAL PAVIA HATO REY, INC",HATO REY,PR,919,SAN JUAN,,,,,,,,Acute Care Hospitals,Proprietary,Yes
400130,HOSPITAL METROPOLITANO DE LA MONTANA,BDA NUEVA,PR,641,UTUADO,,,,,,,,Acute Care Hospitals,Proprietary,Yes
400131,CARIBBEAN MEDICAL CENTER,FAJARDO,PR,738,FAJARDO,,,,,,,,Acute Care Hospitals,Proprietary,Yes
400132,DOCTORS CENTER HOSPITAL  CAROLINA LLC,CAROLINA,PR,979,SAN JUAN,350.0,347.0,,,,,,Acute Care Hospitals,Proprietary,Yes
400134,THE SAN JORGE HOSPITAL INC,SAN JUAN,PR,912,SAN JUAN,,,,,,,,Acute Care Hospitals,Proprietary,Yes
400135,HOSPITAL  CENTRO COMPRENSIVO DEL CANCER,SAN JUAN,PR,927,SAN JUAN,,,,,,,,Acute Care Hospitals,Government - State,Yes
400137,DOCTORS CENTER HOSPITAL ORLANDO HEALTH DORADO,DORADO,PR,646,DORADO,330.0,328.0,,,2.0,,medium,Acute Care Hospitals,Proprietary,Yes
400138,PUERTO RICO WOMEN AND CHILDREN HOSPITAL LLC,BAYAMON,PR,959,BAYAMON,84.0,84.0,,,0.0,,low,Acute Care Hospitals,Proprietary,Yes
400139,HOSPITAL EPISCOPAL  SAN LUCAS METRO,SAN JUAN,PR,928,SAN JUAN,,,,,,,,Acute Care Hospitals,Voluntary non-profit - Private,Yes
400141,CENTRO MEDICO DEL NORESTE,FAJARDO,PR,738,FAJARDO,,,,,,,,Acute Care Hospitals,Proprietary,Yes
403301,UNIVERSITY PEDIATRIC HOSPITAL,SAN JUAN,PR,935,SAN JUAN,,,,,,,,Childrens,Government - State,Yes
410004,ROGER WILLIAMS MEDICAL CENTER,PROVIDENCE,RI,2908,PROVIDENCE,233.0,212.0,372.0,395.0,5.0,,medium,Acute Care Hospitals,Proprietary,Yes
410005,OUR LADY OF FATIMA HOSPITAL,NORTH PROVIDENCE,RI,2904,PROVIDENCE,200.0,193.0,290.0,,2.0,,medium,Acute Care Hospitals,Proprietary,Yes
410006,NEWPORT HOSPITAL,NEWPORT,RI,2840,NEWPORT,173.0,172.0,140.0,314.0,1.0,91.0,medium,Acute Care Hospitals,Voluntary non-profit - Private,Yes
410007,RHODE ISLAND HOSPITAL,PROVIDENCE,RI,2902,PROVIDENCE,260.0,258.0,311.0,,6.0,59.0,very high,Acute Care Hospitals,Voluntary non-profit - Private,Yes
410008,SOUTH COUNTY HOSPITAL INC,WAKEFIELD,RI,2879,WASHINGTON,211.0,197.0,446.0,318.0,2.0,,medium,Acute Care Hospitals,Voluntary non-profit - Private,Yes
410009,KENT COUNTY MEMORIAL HOSPITAL,WARWICK,RI,2886,KENT,274.0,262.0,655.0,,4.0,79.0,high,Acute Care Hospitals,Proprietary,Yes
410010,WOMEN & INFANTS HOSPITAL OF RHODE ISLAND,PROVIDENCE,RI,2905,PROVIDENCE,234.0,234.0,401.0,286.0,3.0,,medium,Acute Care Hospitals,Voluntary non-profit - Private,Yes
410011,LANDMARK MEDICAL CENTER,WOONSOCKET,RI,2895,PROVIDENCE,232.0,225.0,490.0,,3.0,55.0,medium,Acute Care Hospitals,Voluntary non-profit - Private,Yes
410012,THE MIRIAM HOSPITAL,PROVIDENCE,RI,2906,PROVIDENCE,293.0,294.0,228.0,,5.0,65.0,very high,Acute Care Hospitals,Voluntary non-profit - Private,Yes
410013,WESTERLY HOSPITAL,WESTERLY,RI,2891,WASHINGTON,143.0,142.0,87.0,,1.0,,medium,Acute Care Hospitals,Voluntary non-profit - Private,Yes
420002,PIEDMONT MEDICAL CENTER,ROCK HILL,SC,29732,YORK,187.0,184.0,390.0,,3.0,73.0,very high,Acute Care Hospitals,Proprietary,Yes
420004,MUSC MEDICAL CENTER,CHARLESTON,SC,29425,CHARLESTON,208.0,205.0,261.0,,4.0,89.0,very high,Acute Care Hospitals,Government - Hospital District or Authority,Yes
420005,MCLEOD MEDICAL CENTER - DILLON,DILLON,SC,29536,DILLON,182.0,170.0,268.0,507.0,4.0,,medium,Acute Care Hospitals,Voluntary non-profit - Private,Yes
420007,SPARTANBURG MEDICAL CENTER,SPARTANBURG,SC,29303,SPARTANBURG,183.0,179.0,402.0,,3.0,80.0,very high,Acute Care Hospitals,Government - Hospital District or Authority,Yes
420009,PRISMA HEALTH OCONEE MEMORIAL HOSPITAL,SENECA,SC,29672,OCONEE,159.0,156.0,259.0,,0.0,,high,Acute Care Hospitals,Voluntary non-profit - Private,Yes
420010,CAROLINA PINES REGIONAL MEDICAL CENTER,HARTSVILLE,SC,29550,DARLINGTON,141.0,142.0,68.0,,1.0,93.0,medium,Acute Care Hospitals,Proprietary,Yes
420011,CANNON MEMORIAL HOSPITAL,PICKENS,SC,29671,PICKENS,124.0,120.0,125.0,355.0,1.0,,low,Acute Care Hospitals,Voluntary non-profit - Private,Yes
420015,PRISMA HEALTH BAPTIST EASLEY HOSPITAL,EASLEY,SC,29640,PICKENS,187.0,178.0,336.0,,1.0,,medium,Acute Care Hospitals,Voluntary non-profit - Private,Yes
420018,PRISMA HEALTH RICHLAND HOSPITAL,COLUMBIA,SC,29203,RICHLAND,227.0,225.0,348.0,,1.0,,very high,Acute Care Hospitals,Voluntary non-profit - Private,Yes
420019,MUSC HEALTH CHESTER MEDICAL CENTER,CHESTER,SC,29706,CHESTER,150.0,148.0,,403.0,1.0,,low,Acute Care Hospitals,Proprietary,Yes
420020,TIDELANDS GEORGETOWN MEMORIAL HOSPITAL,GEORGETOWN,SC,29440,GEORGETOWN,154.0,151.0,,381.0,3.0,82.0,medium,Acute Care Hospitals,Voluntary non-profit - Private,Yes
420023,ST FRANCIS-DOWNTOWN,GREENVILLE,SC,29601,GREENVILLE,168.0,163.0,235.0,308.0,1.0,23.0,very high,Acute Care Hospitals,Voluntary non-profit - Private,Yes
420026,MUSC HEALTH COLUMBIA MEDICAL CENTER DOWNTOWN,COLUMBIA,SC,29204,RICHLAND,136.0,134.0,,,0.0,75.0,very high,Acute Care Hospitals,Voluntary non-profit - Private,Yes
420027,ANMED HEALTH,ANDERSON,SC,29621,ANDERSON,249.0,246.0,519.0,,4.0,61.0,very high,Acute Care Hospitals,Voluntary non-profit - Private,Yes
420030,COLLETON MEDICAL CENTER,WALTERBORO,SC,29488,COLLETON,130.0,124.0,200.0,276.0,0.0,75.0,medium,Acute Care Hospitals,Proprietary,Yes
420033,PRISMA HEALTH GREER MEMORIAL HOSPITAL,SPARTANBURG,SC,29306,SPARTANBURG,212.0,208.0,316.0,472.0,3.0,,high,Acute Care Hospitals,Voluntary non-profit - Private,Yes
420036,MUSC HEALTH LANCASTER MEDICAL CENTER,LANCASTER,SC,29720,LANCASTER,142.0,134.0,332.0,287.0,1.0,,medium,Acute Care Hospitals,Proprietary,Yes
420037,PRISMA HEALTH HILLCREST HOSPITAL,SIMPSONVILLE,SC,29681,GREENVILLE,176.0,175.0,321.0,197.0,2.0,,medium,Acute Care Hospitals,Voluntary non-profit - Private,Yes
420038,PRISMA HEALTH LAURENS COUNTY HOSPITAL,CLINTON,SC,29325,LAURENS,157.0,148.0,250.0,401.0,1.0,,medium,Acute Care Hospitals,Voluntary non-profit - Private,Yes
420043,CHEROKEE MEDICAL CENTER,GAFFNEY,SC,29340,CHEROKEE,164.0,161.0,279.0,232.0,2.0,89.0,medium,Acute Care Hospitals,Government - Hospital District or Authority,Yes
420048,KERSHAWHEALTH,CAMDEN,SC,29020,KERSHAW,169.0,160.0,293.0,405.0,2.0,57.0,medium,Acute Care Hospitals,Proprietary,Yes
420049,CONWAY MEDICAL CENTER,CONWAY,SC,29526,HORRY,138.0,134.0,247.0,,1.0,88.0,high,Acute Care Hospitals,Voluntary non-profit - Private,Yes
420051,MCLEOD REGIONAL MEDICAL CENTER-PEE DEE,FLORENCE,SC,29506,FLORENCE,242.0,238.0,650.0,,4.0,100.0,very high,Acute Care Hospitals,Voluntary non-profit - Private,Yes
420053,NEWBERRY COUNTY MEMORIAL HOSPITAL,NEWBERRY,SC,29108,NEWBERRY,113.0,110.0,186.0,332.0,2.0,,medium,Acute Care Hospitals,Voluntary non-profit - Other,Yes
420055,MUSC HEALTH MARION MEDICAL CENTER,MULLINS,SC,29574,MARION,126.0,118.0,418.0,352.0,1.0,64.0,medium,Acute Care Hospitals,Government - State,Yes
420065,BON SECOURS-ST FRANCIS XAVIER HOSPITAL,CHARLESTON,SC,29414,CHARLESTON,157.0,153.0,215.0,340.0,2.0,53.0,high,Acute Care Hospitals,Voluntary non-profit - Private,Yes
420067,BEAUFORT COUNTY MEMORIAL HOSPITAL,BEAUFORT,SC,29902,BEAUFORT,221.0,221.0,339.0,216.0,3.0,81.0,high,Acute Care Hospitals,Government - Local,Yes
420070,PRISMA HEALTH TUOMEY HOSPITAL,SUMTER,SC,29150,SUMTER,177.0,170.0,269.0,239.0,6.0,79.0,high,Acute Care Hospitals,Voluntary non-profit - Private,Yes
420071,SELF REGIONAL HEALTHCARE,GREENWOOD,SC,29646,GREENWOOD,202.0,199.0,263.0,,3.0,81.0,high,Acute Care Hospitals,Voluntary non-profit - Private,Yes
420072,HAMPTON REGIONAL MEDICAL CENTER,VARNVILLE,SC,29944,HAMPTON,188.0,178.0,,478.0,4.0,,low,Acute Care Hospitals,Voluntary non-profit - Private,Yes
420073,LEXINGTON MEDICAL CENTER,WEST COLUMBIA,SC,29169,LEXINGTON,222.0,223.0,171.0,,10.0,75.0,very high,Acute Care Hospitals,Voluntary non-profit - Private,Yes
420078,PRISMA HEALTH GREENVILLE MEMORIAL HOSPITAL,GREENVILLE,SC,29605,GREENVILLE,231.0,234.0,158.0,,1.0,89.0,very high,Acute Care Hospitals,Voluntary non-profit - Private,No
420079,TRIDENT MEDICAL CENTER,CHARLESTON,SC,29406,CHARLESTON,128.0,126.0,749.0,,0.0,57.0,very high,Acute Care Hospitals,Proprietary,Yes
420080,NOVANT HEALTH HILTON HEAD MEDICAL CENTER,HILTON HEAD ISLAND,SC,29926,BEAUFORT,168.0,166.0,273.0,236.0,0.0,89.0,medium,Acute Care Hospitals,Voluntary non-profit - Other,Yes
420082,AIKEN REGIONAL MEDICAL CENTER,AIKEN,SC,29801,AIKEN,166.0,162.0,325.0,,1.0,80.0,very high,Acute Care Hospitals,Proprietary,Yes
420085,GRAND STRAND REGIONAL MEDICAL CENTER,MYRTLE BEACH,SC,29572,HORRY,131.0,130.0,244.0,,1.0,25.0,very high,Acute Care Hospitals,Proprietary,Yes
420086,PRISMA HEALTH BAPTIST,COLUMBIA,SC,29220,RICHLAND,156.0,153.0,195.0,,1.0,,high,Acute Care Hospitals,Voluntary non-profit - Private,Yes
420087,ROPER HOSPITAL,CHARLESTON,SC,29401,CHARLESTON,100.0,96.0,,191.0,1.0,74.0,very high,Acute Care Hospitals,Voluntary non-profit - Private,Yes
420089,NOVANT HEALTH EAST COOPER MEDICAL CENTER,MOUNT PLEASANT,SC,29464,CHARLESTON,143.0,143.0,198.0,,1.0,,low,Acute Care Hospitals,Proprietary,Yes
420091,MUSC HEALTH FLORENCE MEDICAL CENTER,FLORENCE,SC,29505,FLORENCE,178.0,176.0,222.0,,2.0,82.0,very high,Acute Care Hospitals,Government - State,Yes
420098,TIDELANDS WACCAMAW COMMUNITY HOSPITAL,MURRELLS INLET,SC,29576,HORRY,180.0,178.0,351.0,280.0,3.0,91.0,medium,Acute Care Hospitals,Voluntary non-profit - Private,Yes
42009F,NH Beaufort,Beaufort,SC,29902,BEAUFORT,,,,,,,,Acute Care - Department of Defense,Department of Defense,No
420101,COASTAL CAROLINA HOSPITAL,HARDEEVILLE,SC,29927,JASPER,133.0,130.0,,216.0,0.0,88.0,medium,Acute Care Hospitals,Proprietary,Yes
420102,PRISMA HEALTH  PATEWOOD HOSPITAL,GREENVILLE,SC,29615,GREENVILLE,,,,,,,,Acute Care Hospitals,Voluntary non-profit - Private,No
420103,PELHAM MEDICAL CENTER,GREER,SC,29651,GREENVILLE,183.0,177.0,589.0,290.0,2.0,76.0,medium,Acute Care Hospitals,Government - Hospital District or Authority,Yes
420104,MOUNT PLEASANT HOSPITAL,MOUNT PLEASANT,SC,29466,CHARLESTON,141.0,132.0,205.0,271.0,1.0,42.0,medium,Acute Care Hospitals,Voluntary non-profit - Private,Yes
420105,MCLEOD LORIS  HOSPITAL,LORIS,SC,29569,HORRY,142.0,138.0,,,1.0,66.0,very high,Acute Care Hospitals,Voluntary non-profit - Private,No
420106,PRISMA HEALTH BAPTIST PARKRIDGE,COLUMBIA,SC,29212,LEXINGTON,166.0,162.0,244.0,299.0,1.0,,medium,Acute Care Hospitals,Voluntary non-profit - Private,Yes
420107,MCLEOD HEALTH CHERAW,CHERAW,SC,29520,CHESTERFIELD,151.0,140.0,345.0,340.0,2.0,85.0,medium,Acute Care Hospitals,Voluntary non-profit - Private,Yes
420108,UNION MEDICAL CENTER,UNION,SC,29379,UNION,160.0,155.0,210.0,278.0,2.0,91.0,medium,Acute Care Hospitals,Voluntary non-profit - Other,Yes
420109,MCLEOD HEALTH CLARENDON,MANNING,SC,29102,CLARENDON,221.0,212.0,276.0,450.0,8.0,69.0,medium,Acute Care Hospitals,Voluntary non-profit - Private,Yes
420110,ROPER ST FRANCIS HOSPITAL-BERKELEY INC,SUMMERVILLE,SC,29486,DORCHESTER,151.0,140.0,,331.0,2.0,55.0,high,Acute Care Hospitals,Voluntary non-profit - Private,Yes
421300,ALLENDALE COUNTY HOSPITAL,FAIRFAX,SC,29827,ALLENDALE,,,,,,,,Critical Access Hospitals,Government - Local,Yes
421301,ABBEVILLE AREA MEDICAL CENTER,ABBEVILLE,SC,29620,ABBEVILLE,131.0,128.0,,286.0,0.0,,low,Critical Access Hospitals,Voluntary non-profit - Other,Yes
421304,EDGEFIELD COUNTY HEALTHCARE AN AFFILIATE OF SELF R,EDGEFIELD,SC,29384,LAURENS,82.0,80.0,,270.0,0.0,,low,Critical Access Hospitals,Voluntary non-profit - Private,Yes
423300,SHRINERS HOSPITALS FOR CHILDREN,GREENVILLE,SC,29605,GREENVILLE,,,,,,,,Childrens,Voluntary non-profit - Private,No
430005,"PRAIRIE LAKES HEALTHCARE SYSTEM, INC",WATERTOWN,SD,57201,CODINGTON,123.0,117.0,108.0,200.0,1.0,31.0,low,Acute Care Hospitals,Voluntary non-profit - Private,Yes
430008,BROOKINGS HEALTH SYSTEM,BROOKINGS,SD,57006,BROOKINGS,100.0,97.0,148.0,150.0,0.0,,low,Acute Care Hospitals,Government - Local,Yes
430012,AVERA SACRED HEART HOSPITAL,YANKTON,SD,57078,YANKTON,119.0,117.0,134.0,201.0,0.0,,low,Acute Care Hospitals,Voluntary non-profit - Private,Yes
430014,AVERA ST LUKES,ABERDEEN,SD,57401,BROWN,127.0,126.0,124.0,,0.0,,low,Acute Care Hospitals,Voluntary non-profit - Church,Yes
430015,AVERA ST MARY'S HOSPITAL,PIERRE,SD,57501,HUGHES,132.0,127.0,161.0,299.0,1.0,36.0,low,Acute Care Hospitals,Voluntary non-profit - Private,Yes
430016,AVERA MCKENNAN HOSPITAL & UNIVERSITY HEALTH CENTER,SIOUX FALLS,SD,57117,MINNEHAHA,112.0,112.0,82.0,,0.0,71.0,high,Acute Care Hospitals,Voluntary non-profit - Private,Yes
430027,SANFORD USD MEDICAL CENTER,SIOUX FALLS,SD,57117,MINNEHAHA,210.0,207.0,232.0,,4.0,,high,Acute Care Hospitals,Voluntary non-profit - Private,Yes
430048,MONUMENT HEALTH SPEARFISH HOSPITAL,SPEARFISH,SD,57783,LAWRENCE,149.0,144.0,179.0,226.0,1.0,,low,Acute Care Hospitals,Voluntary non-profit - Private,Yes
430077,MONUMENT HEALTH RAPID CITY HOSPITAL,RAPID CITY,SD,57701,PENNINGTON,174.0,172.0,192.0,,1.0,,high,Acute Care Hospitals,Voluntary non-profit - Private,Yes
430084,PHS INDIAN HOSPITAL AT ROSEBUD,ROSEBUD,SD,57570,TODD,,,,,,,,Acute Care Hospitals,Government - Federal,Yes
430089,DUNES SURGICAL HOSPITAL,DAKOTA DUNES,SD,57049,UNION,,,,,,,,Acute Care Hospitals,Proprietary,No
430090,SIOUX FALLS SPECIALTY HOSPITAL,SIOUX FALLS,SD,57105,MINNEHAHA,,,,,,,,Acute Care Hospitals,Proprietary,No
430091,BLACK HILLS SURGICAL HOSPITAL LLC,RAPID CITY,SD,57703,PENNINGTON,,,,,,,,Acute Care Hospitals,Proprietary,No
430093,SAME DAY SURGERY CENTER LLC,RAPID CITY,SD,57701,PENNINGTON,,,,,,,,Acute Care Hospitals,Proprietary,No
430095,AVERA HEART HOSPITAL OF SOUTH DAKOTA,SIOUX FALLS,SD,57108,LINCOLN,115.0,110.0,,253.0,0.0,,low,Acute Care Hospitals,Proprietary,Yes
430097,SANFORD MEDICAL CENTER ABERDEEN,ABERDEEN,SD,57402,BROWN,125.0,120.0,,300.0,1.0,,low,Acute Care Hospitals,Voluntary non-profit - Private,Yes
430098,PINE RIDGE IHS HOSPITAL,PINE RIDGE,SD,57770,OGLALA LAKOTA COUNTY,,,,,,,,Acute Care Hospitals,Government - Federal,Yes
430779,LANDMANN JUNGMAN MEMORIAL HOSPITAL CORPORATION,SCOTLAND,SD,57059,BON HOMME,,,,,,,,Rural Emergency Hospital,Voluntary non-profit - Private,Yes
431300,MADISON REGIONAL HEALTH SYSTEM,MADISON,SD,57042,LAKE,101.0,101.0,,,0.0,,low,Critical Access Hospitals,Voluntary non-profit - Private,Yes
431301,FAULKTON AREA MEDICAL CENTER,FAULKTON,SD,57438,FAULK,128.0,122.0,,207.0,0.0,,low,Critical Access Hospitals,Voluntary non-profit - Private,Yes
431302,AVERA MISSOURI RIVER HEALTH CENTER,GETTYSBURG,SD,57442,POTTER,122.0,112.0,149.0,246.0,0.0,,low,Critical Access Hospitals,Voluntary non-profit - Private,Yes
431305,DOUGLAS COUNTY MEMORIAL HOSPITAL-CAH,ARMOUR,SD,57313,DOUGLAS,122.0,118.0,,162.0,0.0,,low,Critical Access Hospitals,Voluntary non-profit - Private,Yes
431306,PLATTE HEALTH CENTER,PLATTE,SD,57369,CHARLES MIX,136.0,128.0,155.0,212.0,0.0,,low,Critical Access Hospitals,Voluntary non-profit - Private,Yes
431307,SANFORD CLEAR LAKE MEDICAL CENTER,CLEAR LAKE,SD,57226,DEUEL,101.0,93.0,148.0,158.0,0.0,,low,Critical Access Hospitals,Voluntary non-profit - Private,Yes
431308,EUREKA COMMUNITY HEALTH SERVICES - CAH,EUREKA,SD,57437,MC PHERSON,126.0,117.0,108.0,219.0,0.0,,low,Critical Access Hospitals,Voluntary non-profit - Other,Yes
431309,COMMUNITY MEMORIAL HOSPITAL,BURKE,SD,57523,GREGORY,130.0,128.0,312.0,122.0,,,,Critical Access Hospitals,Voluntary non-profit - Private,Yes
431310,AVERA FLANDREAU HOSPITAL - CAH,FLANDREAU,SD,57028,MOODY,117.0,108.0,166.0,199.0,0.0,,low,Critical Access Hospitals,Voluntary non-profit - Private,Yes
431311,SANFORD HOSPITAL WEBSTER - CAH,WEBSTER,SD,57274,DAY,109.0,110.0,,,0.0,,low,Critical Access Hospitals,Voluntary non-profit - Private,Yes
431312,MARSHALL COUNTY HEALTHCARE CENTER - CAH,BRITTON,SD,57430,MARSHALL,116.0,105.0,192.0,186.0,0.0,,low,Critical Access Hospitals,Voluntary non-profit - Private,Yes
431313,FREEMAN MEDICAL CENTER - CAH,FREEMAN,SD,57029,HUTCHINSON,134.0,123.0,168.0,222.0,0.0,,low,Critical Access Hospitals,Voluntary non-profit - Private,Yes
431314,BENNETT COUNTY HOSPITAL AND NURSING HOME - CAH,MARTIN,SD,57551,BENNETT,82.0,80.0,168.0,,1.0,,low,Critical Access Hospitals,Voluntary non-profit - Private,Yes
431315,WAGNER COMMUNITY MEMORIAL HOSPITAL - CAH,WAGNER,SD,57380,CHARLES MIX,124.0,114.0,225.0,208.0,0.0,,low,Critical Access Hospitals,Voluntary non-profit - Private,Yes
431316,COMMUNITY MEMORIAL HOSPITAL,REDFIELD,SD,57469,SPINK,109.0,102.0,192.0,182.0,0.0,,low,Critical Access Hospitals,Government - Local,Yes
431318,BOWDLE HOSPITAL - CAH,BOWDLE,SD,57428,EDMUNDS,108.0,102.0,,164.0,0.0,,low,Critical Access Hospitals,Government - Local,Yes
431319,HANS P PETERSON MEMORIAL HOSPITAL - CAH,PHILIP,SD,57567,HAAKON,95.0,88.0,135.0,146.0,0.0,,low,Critical Access Hospitals,Voluntary non-profit - Private,Yes
431320,MONUMENT HEALTH LEAD-DEADWOOD HOSPITAL,DEADWOOD,SD,57732,LAWRENCE,96.0,90.0,100.0,133.0,0.0,,low,Critical Access Hospitals,Voluntary non-profit - Private,Yes
431321,MONUMENT HEALTH STURGIS HOSPITAL,STURGIS,SD,57785,MEADE,138.0,132.0,169.0,184.0,0.0,,low,Critical Access Hospitals,Voluntary non-profit - Other,Yes
431322,FALL RIVER HOSPITAL - CAH,HOT SPRINGS,SD,57747,FALL RIVER,103.0,98.0,122.0,154.0,0.0,,low,Critical Access Hospitals,Government - Local,Yes
431323,MONUMENT HEALTH CUSTER HOSPITAL,CUSTER,SD,57730,CUSTER,138.0,132.0,87.0,172.0,0.0,,low,Critical Access Hospitals,Voluntary non-profit - Private,Yes
431324,AVERA WESKOTA MEMORIAL MEDICAL CENTER - CAH,WESSINGTON SPRINGS,SD,57382,JERAULD,130.0,126.0,,198.0,0.0,,low,Critical Access Hospitals,Voluntary non-profit - Private,Yes
431325,MOBRIDGE REGIONAL HOSPITAL - CAH,MOBRIDGE,SD,57601,WALWORTH,92.0,80.0,188.0,232.0,0.0,,low,Critical Access Hospitals,Voluntary non-profit - Private,Yes
431326,MILBANK AREA HOSPITAL/AVERA HEALTH,MILBANK,SD,57252,GRANT,133.0,126.0,234.0,237.0,0.0,,low,Critical Access Hospitals,Voluntary non-profit - Private,Yes
431327,ST MICHAEL'S HOSPITAL - CAH,TYNDALL,SD,57066,BON HOMME,116.0,112.0,129.0,202.0,0.0,,low,Critical Access Hospitals,Government - Local,Yes
431328,PIONEER MEMORIAL HOSPITAL - CAH,VIBORG,SD,57070,TURNER,121.0,121.0,,,0.0,,low,Critical Access Hospitals,Voluntary non-profit - Private,Yes
431329,SANFORD CHAMBERLAIN MEDICAL CENTER,CHAMBERLAIN,SD,57325,BRULE,88.0,80.0,358.0,,0.0,,low,Critical Access Hospitals,Voluntary non-profit - Private,Yes
431330,AVERA ST BENEDICT HEALTH CENTER - CAH,PARKSTON,SD,57366,HUTCHINSON,113.0,109.0,132.0,172.0,,,,Critical Access Hospitals,Voluntary non-profit - Private,No
431331,AVERA DELLS AREA HOSPITAL  - CAH,DELL RAPIDS,SD,57022,MINNEHAHA,110.0,106.0,110.0,150.0,0.0,,low,Critical Access Hospitals,Voluntary non-profit - Private,Yes
431332,AVERA DE SMET MEMORIAL HOSPITAL - CAH,DE SMET,SD,57231,KINGSBURY,125.0,120.0,124.0,202.0,,,,Critical Access Hospitals,Voluntary non-profit - Private,Yes
431333,SANFORD CANTON-INWOOD MEDICAL CENTER - CAH,CANTON,SD,57013,LINCOLN,124.0,124.0,,160.0,0.0,,low,Critical Access Hospitals,Voluntary non-profit - Private,Yes
431334,WINNER REGIONAL HEALTHCARE CENTER - CAH,WINNER,SD,57580,TRIPP,108.0,109.0,,,0.0,,low,Critical Access Hospitals,Voluntary non-profit - Private,Yes
431335,HURON REGIONAL MEDICAL CENTER,HURON,SD,57350,BEADLE,101.0,100.0,152.0,,0.0,,low,Critical Access Hospitals,Voluntary non-profit - Private,Yes
431336,SANFORD VERMILLION MEDICAL CENTER,VERMILLION,SD,57069,CLAY,110.0,106.0,94.0,176.0,0.0,,low,Critical Access Hospitals,Voluntary non-profit - Private,Yes
431337,AVERA HAND COUNTY MEMORIAL HOSPITAL AND CLINIC,MILLER,SD,57362,HAND,120.0,111.0,156.0,233.0,0.0,,low,Critical Access Hospitals,Voluntary non-profit - Private,Yes
431338,AVERA GREGORY HOSPITAL,GREGORY,SD,57533,GREGORY,146.0,139.0,184.0,250.0,0.0,,low,Critical Access Hospitals,Voluntary non-profit - Private,Yes
431339,COTEAU DES PRAIRIES HEALTH CARE SYSTEM,SISSETON,SD,57262,ROBERTS,47.0,44.0,61.0,157.0,0.0,,low,Critical Access Hospitals,Voluntary non-profit - Private,Yes
431340,AVERA QUEEN OF PEACE,MITCHELL,SD,57301,DAVISON,107.0,104.0,111.0,239.0,0.0,55.0,low,Critical Access Hospitals,Voluntary non-profit - Private,Yes
431383,EAGLE BUTTE INDIAN HEALTH SERVICE HOSPITAL,EAGLE BUTTE,SD,57625,DEWEY,128.0,117.0,208.0,250.0,5.0,,low,Critical Access Hospitals,Government - Federal,Yes
433300,LIFESCAPE,SIOUX FALLS,SD,57105,MINNEHAHA,,,,,,,,Childrens,Voluntary non-profit - Private,No
440002,JACKSON-MADISON COUNTY GENERAL HOSPITAL,JACKSON,TN,38301,MADISON,242.0,241.0,258.0,,4.0,75.0,very high,Acute Care Hospitals,Government - Hospital District or Authority,Yes
440003,HIGHPOINT HEALTH-SUMNER WITH ASCENSION SAINT THOMA,GALLATIN,TN,37066,SUMNER,151.0,144.0,720.0,262.0,1.0,96.0,high,Acute Care Hospitals,Proprietary,Yes
440006,TRISTAR SKYLINE MEDICAL CENTER,NASHVILLE,TN,37207,DAVIDSON,191.0,180.0,998.0,,1.0,73.0,high,Acute Care Hospitals,Voluntary non-profit - Private,Yes
440007,UNITY MEDICAL CENTER,MANCHESTER,TN,37355,COFFEE,138.0,132.0,299.0,340.0,2.0,,low,Acute Care Hospitals,Voluntary non-profit - Private,Yes
440008,HENDERSON COUNTY COMMUNITY HOSPITAL,LEXINGTON,TN,38351,HENDERSON,157.0,151.0,,238.0,2.0,,low,Acute Care Hospitals,Proprietary,Yes
440009,CUMBERLAND MEDICAL CENTER,CROSSVILLE,TN,38555,CUMBERLAND,217.0,204.0,860.0,447.0,5.0,62.0,medium,Acute Care Hospitals,Voluntary non-profit - Private,Yes
440011,BLOUNT MEMORIAL HOSPITAL,MARYVILLE,TN,37804,BLOUNT,220.0,216.0,316.0,,2.0,82.0,high,Acute Care Hospitals,Government - Local,Yes
440012,WELLMONT BRISTOL REGIONAL MEDICAL CENTER,BRISTOL,TN,37620,SULLIVAN,201.0,196.0,414.0,,1.0,86.0,high,Acute Care Hospitals,Government - Hospital District or Authority,Yes
440015,"UNIVERSITY HEALTH SYSTEM, INC",KNOXVILLE,TN,37920,KNOX,255.0,249.0,753.0,,0.0,71.0,very high,Acute Care Hospitals,Voluntary non-profit - Private,Yes
440016,BAPTIST MEMORIAL HOSPITAL - CARROLL COUNTY,HUNTINGDON,TN,38344,CARROLL,128.0,119.0,217.0,208.0,1.0,,low,Acute Care Hospitals,Voluntary non-profit - Private,Yes
440017,WELLMONT HOLSTON VALLEY MEDICAL CENTER,KINGSPORT,TN,37662,SULLIVAN,211.0,204.0,308.0,,0.0,85.0,high,Acute Care Hospitals,Voluntary non-profit - Private,Yes
440018,SYCAMORE SHOALS HOSPITAL,ELIZABETHTON,TN,37643,CARTER,148.0,142.0,,314.0,1.0,,low,Acute Care Hospitals,Voluntary non-profit - Private,Yes
440020,SOUTHERN TENNESSEE REGIONAL HEALTH SYSTEM PULASKI,PULASKI,TN,38478,GILES,131.0,120.0,233.0,377.0,1.0,,low,Acute Care Hospitals,Proprietary,Yes
440029,WILLIAMSON MEDICAL CENTER,FRANKLIN,TN,37067,WILLIAMSON,193.0,190.0,285.0,228.0,1.0,47.0,high,Acute Care Hospitals,Government - Hospital District or Authority,Yes
440030,MORRISTOWN HAMBLEN HOSPITAL ASSOCIATION,MORRISTOWN,TN,37814,HAMBLEN,202.0,198.0,292.0,593.0,2.0,92.0,high,Acute Care Hospitals,Government - Local,Yes
440031,ROANE MEDICAL CENTER,HARRIMAN,TN,37748,ROANE,177.0,174.0,291.0,345.0,2.0,,medium,Acute Care Hospitals,Government - Hospital District or Authority,Yes
440032,HAWKINS COUNTY MEMORIAL HOSPITAL,ROGERSVILLE,TN,37857,HAWKINS,118.0,113.0,,297.0,0.0,,low,Acute Care Hospitals,Voluntary non-profit - Private,Yes
440033,LAFOLLETTE MEDICAL CENTER,LA FOLLETTE,TN,37766,CAMPBELL,156.0,147.0,174.0,442.0,1.0,,low,Acute Care Hospitals,Voluntary non-profit - Church,Yes
440034,METHODIST MEDICAL CENTER OF OAK RIDGE,OAK RIDGE,TN,37830,ANDERSON,194.0,186.0,390.0,606.0,4.0,,medium,Acute Care Hospitals,Voluntary non-profit - Private,Yes
440035,VANDERBILT CLARKSVILLE HOSPITAL,CLARKSVILLE,TN,37040,MONTGOMERY,194.0,181.0,924.0,473.0,3.0,50.0,very high,Acute Care Hospitals,Proprietary,Yes
440039,VANDERBILT UNIVERSITY MEDICAL CENTER,NASHVILLE,TN,37232,DAVIDSON,280.0,269.0,426.0,,1.0,8.0,very high,Acute Care Hospitals,Voluntary non-profit - Private,Yes
440046,TRISTAR HORIZON MEDICAL CENTER,DICKSON,TN,37055,DICKSON,127.0,116.0,380.0,335.0,0.0,61.0,high,Acute Care Hospitals,Proprietary,Yes
440048,BAPTIST MEMORIAL HOSPITAL,MEMPHIS,TN,38120,SHELBY,183.0,182.0,222.0,282.0,3.0,75.0,very high,Acute Care Hospitals,Voluntary non-profit - Private,Yes
440049,METHODIST HOSPITALS OF MEMPHIS,MEMPHIS,TN,38104,SHELBY,230.0,228.0,351.0,,16.0,,very high,Acute Care Hospitals,Voluntary non-profit - Church,Yes
440050,GREENEVILLE COMMUNITY HOSPITAL,GREENEVILLE,TN,37745,GREENE,162.0,154.0,457.0,272.0,1.0,,medium,Acute Care Hospitals,Voluntary non-profit - Private,Yes
440053,SAINT THOMAS RUTHERFORD HOSPITAL,MURFREESBORO,TN,37129,RUTHERFORD,182.0,173.0,258.0,,,84.0,,Acute Care Hospitals,Voluntary non-profit - Church,Yes
440056,TENNOVA HEALTHCARE-JEFFERSON MEMORIAL HOSPITAL,JEFFERSON CITY,TN,37760,JEFFERSON,176.0,170.0,661.0,322.0,1.0,,medium,Acute Care Hospitals,Proprietary,Yes
440057,CLAIBORNE MEDICAL CENTER,TAZEWELL,TN,37879,CLAIBORNE,132.0,126.0,193.0,355.0,2.0,,low,Acute Care Hospitals,Government - Local,Yes
440058,SOUTHERN TENNESSEE REGIONAL HEALTH SYSTEM WINCHEST,WINCHESTER,TN,37398,FRANKLIN,152.0,145.0,286.0,248.0,1.0,83.0,low,Acute Care Hospitals,Proprietary,Yes
440059,COOKEVILLE REGIONAL MEDICAL CENTER,COOKEVILLE,TN,38501,PUTNAM,274.0,268.0,387.0,376.0,1.0,76.0,medium,Acute Care Hospitals,Government - Local,Yes
440060,WEST TENNESSEE HEALTHCARE MILAN HOSPITAL,MILAN,TN,38358,GIBSON,164.0,160.0,287.0,,2.0,,low,Acute Care Hospitals,Government - Local,Yes
440061,VOLUNTEER COMMUNITY HOSPITAL,MARTIN,TN,38237,WEAKLEY,170.0,163.0,210.0,345.0,2.0,,low,Acute Care Hospitals,Proprietary,Yes
440063,JOHNSON CITY MEDICAL CENTER,JOHNSON CITY,TN,37604,WASHINGTON,212.0,211.0,251.0,,1.0,,very high,Acute Care Hospitals,Voluntary non-profit - Private,Yes
440065,TRISTAR NORTHCREST MEDICAL CENTER,SPRINGFIELD,TN,37172,ROBERTSON,155.0,142.0,324.0,288.0,0.0,56.0,medium,Acute Care Hospitals,Voluntary non-profit - Other,Yes
440068,STARR REGIONAL MEDICAL CENTER ATHENS,ATHENS,TN,37371,MC MINN,153.0,148.0,166.0,384.0,2.0,56.0,medium,Acute Care Hospitals,Proprietary,Yes
440072,DYERSBURG REGIONAL MEDICAL CENTER,DYERSBURG,TN,38024,DYER,183.0,177.0,328.0,322.0,2.0,47.0,medium,Acute Care Hospitals,Proprietary,Yes
440073,MAURY REGIONAL HOSPITAL,COLUMBIA,TN,38401,MAURY,211.0,206.0,358.0,,2.0,86.0,high,Acute Care Hospitals,Government - Local,Yes
440081,LECONTE MEDICAL CENTER,SEVIERVILLE,TN,37862,SEVIER,208.0,200.0,447.0,465.0,2.0,,high,Acute Care Hospitals,Voluntary non-profit - Other,Yes
440082,ASCENSION SAINT THOMAS HOSPITAL,NASHVILLE,TN,37205,DAVIDSON,199.0,197.0,224.0,,,47.0,,Acute Care Hospitals,Voluntary non-profit - Private,Yes
440084,SWEETWATER HOSPITAL ASSOCIATION,SWEETWATER,TN,37874,MONROE,194.0,182.0,,284.0,3.0,53.0,medium,Acute Care Hospitals,Voluntary non-profit - Private,Yes
440091,"MEMORIAL HEALTHCARE SYSTEM, INC",CHATTANOOGA,TN,37404,HAMILTON,213.0,210.0,280.0,,3.0,79.0,very high,Acute Care Hospitals,Voluntary non-profit - Church,No
440102,LINCOLN MEDICAL CENTER,FAYETTEVILLE,TN,37334,LINCOLN,147.0,130.0,203.0,329.0,1.0,86.0,low,Acute Care Hospitals,Government - Local,Yes
440104,ERLANGER MEDICAL CENTER,CHATTANOOGA,TN,37403,HAMILTON,172.0,169.0,232.0,281.0,2.0,,very high,Acute Care Hospitals,Government - Hospital District or Authority,Yes
440109,HARDIN MEDICAL CENTER,SAVANNAH,TN,38372,HARDIN,174.0,159.0,,316.0,1.0,,low,Acute Care Hospitals,Government - Local,Yes
440110,FORT LOUDOUN MEDICAL CENTER,LENOIR CITY,TN,37772,LOUDON,172.0,170.0,466.0,320.0,2.0,,medium,Acute Care Hospitals,Voluntary non-profit - Other,Yes
440111,METRO NASHVILLE GENERAL HOSPITAL,NASHVILLE,TN,37208,DAVIDSON,130.0,125.0,241.0,,1.0,,medium,Acute Care Hospitals,Government - Hospital District or Authority,Yes
440120,PHYSICIANS REGIONAL MEDICAL CENTER,POWELL,TN,37849,KNOX,202.0,196.0,476.0,,3.0,,medium,Acute Care Hospitals,Proprietary,Yes
440125,FORT SANDERS REGIONAL MEDICAL CENTER,KNOXVILLE,TN,37916,KNOX,242.0,234.0,502.0,,4.0,91.0,high,Acute Care Hospitals,Voluntary non-profit - Private,Yes
440130,BAPTIST MEMORIAL HOSPITAL UNION CITY,UNION CITY,TN,38261,OBION,146.0,139.0,,308.0,0.0,,low,Acute Care Hospitals,Voluntary non-profit - Private,Yes
440131,BAPTIST MEMORIAL HOSPITAL TIPTON,COVINGTON,TN,38019,TIPTON,156.0,149.0,262.0,351.0,1.0,,medium,Acute Care Hospitals,Voluntary non-profit - Church,Yes
440132,WEST TENNESSEE HEALTHCARE HENRY COUNTY HOSPITAL,PARIS,TN,38242,HENRY,205.0,191.0,428.0,318.0,3.0,,low,Acute Care Hospitals,Government - Hospital District or Authority,Yes
440137,VANDERBILT BEDFORD HOSPITAL,SHELBYVILLE,TN,37160,BEDFORD,128.0,125.0,242.0,,0.0,,medium,Acute Care Hospitals,Proprietary,Yes
440144,VANDERBILT TULLAHOMA-HARTON HOSPITAL,TULLAHOMA,TN,37388,COFFEE,170.0,168.0,183.0,,1.0,,medium,Acute Care Hospitals,Voluntary non-profit - Other,Yes
440148,DEKALB COMMUNITY HOSPITAL,SMITHVILLE,TN,37166,DE KALB,121.0,108.0,246.0,249.0,,,,Acute Care Hospitals,Voluntary non-profit - Church,Yes
440150,TRISTAR SUMMIT MEDICAL CENTER,HERMITAGE,TN,37076,DAVIDSON,150.0,145.0,968.0,,0.0,75.0,very high,Acute Care Hospitals,Proprietary,Yes
440151,SAINT THOMAS RIVER PARK HOSPITAL,MCMINNVILLE,TN,37110,WARREN,187.0,177.0,228.0,378.0,,,,Acute Care Hospitals,Voluntary non-profit - Private,Yes
440152,REGIONAL ONE HEALTH,MEMPHIS,TN,38103,SHELBY,299.0,294.0,451.0,,3.0,,high,Acute Care Hospitals,Government - Hospital District or Authority,Yes
440153,TENNOVA HEALTHCARE - NEWPORT MEDICAL CENTER,NEWPORT,TN,37821,COCKE,199.0,190.0,482.0,372.0,2.0,,medium,Acute Care Hospitals,Proprietary,Yes
440156,PARKRIDGE MEDICAL CENTER,CHATTANOOGA,TN,37404,HAMILTON,124.0,111.0,651.0,372.0,1.0,79.0,very high,Acute Care Hospitals,Proprietary,Yes
440159,DELTA SPECIALTY HOSPITAL,MEMPHIS,TN,38118,SHELBY,,,,,,,,Acute Care Hospitals,Proprietary,Yes
440161,TRISTAR CENTENNIAL MEDICAL CENTER,NASHVILLE,TN,37203,DAVIDSON,118.0,115.0,211.0,,1.0,,very high,Acute Care Hospitals,Proprietary,Yes
440173,PARKWEST MEDICAL CENTER,KNOXVILLE,TN,37923,KNOX,270.0,259.0,760.0,,4.0,,high,Acute Care Hospitals,Voluntary non-profit - Private,Yes
440175,SOUTHERN TENNESSEE REGIONAL HEALTH SYSTEM LAWRENCE,LAWRENCEBURG,TN,38464,LAWRENCE,135.0,129.0,211.0,313.0,1.0,,low,Acute Care Hospitals,Voluntary non-profit - Other,Yes
440176,INDIAN PATH COMMUNITY HOSPITAL,KINGSPORT,TN,37660,SULLIVAN,144.0,136.0,362.0,387.0,0.0,,medium,Acute Care Hospitals,Voluntary non-profit - Private,Yes
440183,ST FRANCIS HOSPITAL,MEMPHIS,TN,38119,SHELBY,152.0,150.0,210.0,,0.0,,high,Acute Care Hospitals,Proprietary,Yes
440184,FRANKLIN WOODS COMMUNITY HOSPITAL,JOHNSON CITY,TN,37604,WASHINGTON,179.0,178.0,,,1.0,,medium,Acute Care Hospitals,Voluntary non-profit - Private,Yes
440185,AFFILIATE OF VITRUVIAN HEALTH,CLEVELAND,TN,37311,BRADLEY,205.0,202.0,302.0,363.0,3.0,56.0,high,Acute Care Hospitals,Proprietary,Yes
440187,LIVINGSTON REGIONAL HOSPITAL,LIVINGSTON,TN,38570,OVERTON,123.0,114.0,396.0,276.0,3.0,,low,Acute Care Hospitals,Proprietary,Yes
440192,SAINT THOMAS HIGHLANDS HOSPITAL,SPARTA,TN,38583,WHITE,185.0,167.0,394.0,305.0,,,,Acute Care Hospitals,Proprietary,Yes
440193,VANDERBILT WILSON COUNTY HOSPITAL,LEBANON,TN,37087,WILSON,166.0,162.0,356.0,,0.0,,medium,Acute Care Hospitals,Voluntary non-profit - Private,Yes
440194,TRISTAR HENDERSONVILLE MEDICAL CENTER,HENDERSONVILLE,TN,37075,SUMNER,167.0,159.0,398.0,247.0,1.0,50.0,high,Acute Care Hospitals,Proprietary,Yes
440197,TRISTAR SOUTHERN HILLS MEDICAL CENTER,NASHVILLE,TN,37211,DAVIDSON,124.0,119.0,353.0,234.0,0.0,62.0,high,Acute Care Hospitals,Proprietary,Yes
440200,STONES RIVER HOSPITAL,WOODBURY,TN,37190,CANNON,96.0,86.0,144.0,212.0,,,,Acute Care Hospitals,Proprietary,Yes
440218,SAINT THOMAS HOSPITAL FOR SPINAL SURGERY,NASHVILLE,TN,37203,DAVIDSON,,,,,,,,Acute Care Hospitals,Voluntary non-profit - Other,No
440227,TRISTAR STONECREST MEDICAL CENTER,SMYRNA,TN,37167,RUTHERFORD,196.0,190.0,394.0,391.0,0.0,70.0,high,Acute Care Hospitals,Proprietary,Yes
440228,SAINT FRANCIS BARTLETT MEDICAL CENTER,BARTLETT,TN,38133,SHELBY,164.0,162.0,240.0,,0.0,85.0,medium,Acute Care Hospitals,Proprietary,Yes
440231,TRUSTPOINT HOSPITAL,MURFREESBORO,TN,37129,RUTHERFORD,,,,,,,,Acute Care Hospitals,Proprietary,No
440238,HAYWOOD COUNTY COMMUNITY HOSPITAL,BROWNSVILLE,TN,38012,HAYWOOD,136.0,126.0,,216.0,0.0,,low,Acute Care Hospitals,Proprietary,Yes
440779,TRISTAR ASHLAND CITY MEDICAL CENTER,ASHLAND CITY,TN,37015,CHEATHAM,,,,,,,,Rural Emergency Hospital,Proprietary,Yes
440780,WAYNE MEDICAL CENTER,WAYNESBORO,TN,38485,WAYNE,,,,,,,,Rural Emergency Hospital,Voluntary non-profit - Other,Yes
441300,SAINT THOMAS HICKMAN HOSPITAL,CENTERVILLE,TN,37033,HICKMAN,181.0,167.0,176.0,343.0,1.0,,low,Critical Access Hospitals,Voluntary non-profit - Private,No
441301,HIGHPOINT HEALTH-TROUSDALE WITH ASCENSION SAINT,HARTSVILLE,TN,37074,TROUSDALE,80.0,73.0,,200.0,0.0,,low,Critical Access Hospitals,Voluntary non-profit - Other,Yes
441303,ASCENSION SAINT THOMAS THREE RIVERS,WAVERLY,TN,37185,HUMPHREYS,143.0,127.0,288.0,290.0,2.0,,low,Critical Access Hospitals,Voluntary non-profit - Private,Yes
441304,JOHNSON COUNTY COMMUNITY HOSPITAL,MOUNTAIN CITY,TN,37683,JOHNSON,133.0,131.0,308.0,,1.0,,low,Critical Access Hospitals,Voluntary non-profit - Private,Yes
441305,MACON COMMUNITY HOSPITAL,LAFAYETTE,TN,37083,MACON,116.0,108.0,293.0,335.0,2.0,,low,Critical Access Hospitals,Voluntary non-profit - Private,Yes
441306,ERLANGER BLEDSOE HOSPITAL,PIKEVILLE,TN,37367,BLEDSOE,102.0,96.0,,243.0,1.0,,low,Critical Access Hospitals,Government - Hospital District or Authority,Yes
441307,HIGHPOINT HEALTH-RIVERVIEW WITH ASCENSION SAINT TH,CARTHAGE,TN,37030,SMITH,98.0,94.0,139.0,244.0,0.0,,low,Critical Access Hospitals,Proprietary,Yes
441309,MARSHALL MEDICAL CENTER,LEWISBURG,TN,37091,MARSHALL,128.0,121.0,181.0,279.0,1.0,,low,Critical Access Hospitals,Government - Hospital District or Authority,Yes
441310,RHEA MEDICAL CENTER,DAYTON,TN,37321,RHEA,179.0,170.0,438.0,446.0,3.0,,low,Critical Access Hospitals,Government - Local,Yes
441313,HANCOCK COUNTY HOSPITAL,SNEEDVILLE,TN,37869,HANCOCK,110.0,104.0,,334.0,0.0,,low,Critical Access Hospitals,Voluntary non-profit - Other,Yes
441314,LAUDERDALE COMMUNITY HOSPITAL,RIPLEY,TN,38063,LAUDERDALE,123.0,115.0,163.0,236.0,,46.0,,Critical Access Hospitals,Proprietary,Yes
441316,WEST TENNESSEE HEALTHCARE CAMDEN HOSPITAL,CAMDEN,TN,38320,BENTON,152.0,140.0,215.0,270.0,1.0,,low,Critical Access Hospitals,Government - Hospital District or Authority,Yes
441320,WEST TENNESSEE HEALTHCARE BOLIVAR HOSPITAL,BOLIVAR,TN,38008,HARDEMAN,142.0,134.0,278.0,229.0,1.0,,low,Critical Access Hospitals,Government - Hospital District or Authority,Yes
441322,HOUSTON COUNTY COMMUNITY HOSPITAL,ERIN,TN,37061,HOUSTON,119.0,111.0,,,1.0,,low,Critical Access Hospitals,Government - Local,Yes
441323,BIG SOUTH FORK MEDICAL CENTER,ONEIDA,TN,37841,SCOTT,201.0,170.0,300.0,396.0,2.0,,low,Critical Access Hospitals,Proprietary,Yes
443302,ST JUDE CHILDRENS RESEARCH HOSPITAL,MEMPHIS,TN,38105,SHELBY,,,,,,,,Childrens,Voluntary non-profit - Private,No
443303,EAST TENNESSEE CHILDRENS HOSPITAL,KNOXVILLE,TN,37916,KNOX,,,,,,,,Childrens,Voluntary non-profit - Private,Yes
450002,THE HOSPITALS OF PROVIDENCE - MEMORIAL CAMPUS,EL PASO,TX,79902,EL PASO,158.0,157.0,266.0,,1.0,,medium,Acute Care Hospitals,Proprietary,Yes
450007,PETERSON REGIONAL MEDICAL CENTER,KERRVILLE,TX,78028,KERR,166.0,162.0,281.0,301.0,1.0,65.0,medium,Acute Care Hospitals,Voluntary non-profit - Private,Yes
450010,UNITED REGIONAL HEALTH CARE SYSTEM,WICHITA FALLS,TX,76301,WICHITA,176.0,172.0,,,3.0,56.0,very high,Acute Care Hospitals,Voluntary non-profit - Private,Yes
450011,CHI ST JOSEPH HEALTH REGIONAL HOSPITAL,BRYAN,TX,77802,BRAZOS,163.0,158.0,296.0,343.0,2.0,80.0,high,Acute Care Hospitals,Voluntary non-profit - Private,Yes
450015,PARKLAND HEALTH & HOSPITAL SYSTEM,DALLAS,TX,75235,DALLAS,306.0,295.0,454.0,,2.0,,very high,Acute Care Hospitals,Government - Hospital District or Authority,Yes
450018,UNIVERSITY OF TEXAS MEDICAL BRANCH GALVESTON,GALVESTON,TX,77555,GALVESTON,192.0,190.0,223.0,,0.0,94.0,very high,Acute Care Hospitals,Government - State,Yes
450021,BAYLOR UNIVERSITY MEDICAL CENTER,DALLAS,TX,75246,DALLAS,266.0,264.0,280.0,,3.0,,very high,Acute Care Hospitals,Voluntary non-profit - Private,Yes
450023,CITIZENS MEDICAL CENTER,VICTORIA,TX,77901,VICTORIA,212.0,200.0,322.0,504.0,3.0,90.0,medium,Acute Care Hospitals,Voluntary non-profit - Other,Yes
450024,UNIVERSITY MEDICAL CENTER OF EL PASO,EL PASO,TX,79905,EL PASO,243.0,240.0,,589.0,0.0,,very high,Acute Care Hospitals,Physician,Yes
450028,VALLEY BAPTIST MEDICAL CENTER- BROWNSVILLE,BROWNSVILLE,TX,78520,CAMERON,137.0,136.0,,,1.0,,high,Acute Care Hospitals,Proprietary,Yes
450029,LAREDO MEDICAL CENTER,LAREDO,TX,78044,WEBB,183.0,180.0,199.0,,1.0,70.0,very high,Acute Care Hospitals,Proprietary,Yes
450032,CHRISTUS GOOD SHEPHERD MEDICAL CENTER,LONGVIEW,TX,75601,GREGG,150.0,146.0,278.0,476.0,1.0,81.0,very high,Acute Care Hospitals,Voluntary non-profit - Private,Yes
450033,VHS HARLINGEN HOSPITAL COMPANY LLC,HARLINGEN,TX,78550,CAMERON,145.0,145.0,,,2.0,,very high,Acute Care Hospitals,Proprietary,Yes
450034,CHRISTUS SOUTHEAST TEXAS- ST ELIZABETH,BEAUMONT,TX,77702,JEFFERSON,207.0,195.0,1014.0,562.0,2.0,76.0,high,Acute Care Hospitals,Voluntary non-profit - Private,Yes
450035,ST JOSEPH MEDICAL CENTER,HOUSTON,TX,77002,HARRIS,191.0,180.0,328.0,,7.0,,medium,Acute Care Hospitals,Physician,Yes
450039,JPS HEALTH NETWORK,FORT WORTH,TX,76104,TARRANT,192.0,192.0,202.0,,2.0,,very high,Acute Care Hospitals,Government - Hospital District or Authority,Yes
450040,COVENANT MEDICAL CENTER,LUBBOCK,TX,79410,LUBBOCK,166.0,164.0,,,7.0,64.0,very high,Acute Care Hospitals,Voluntary non-profit - Private,Yes
450042,ASCENSION PROVIDENCE,WACO,TX,76712,MC LENNAN,229.0,223.0,511.0,,,57.0,,Acute Care Hospitals,Voluntary non-profit - Private,Yes
450044,UT OF TEXAS  SOUTHWESTERN UNIVERSITY HOSPITAL - WILLIAM P. CLEMENTS JR.,DALLAS,TX,75390,DALLAS,304.0,300.0,712.0,,1.0,,high,Acute Care Hospitals,Government - State,Yes
450046,CHRISTUS SPOHN HOSPITAL CORPUS CHRISTI,CORPUS CHRISTI,TX,78404,NUECES,200.0,188.0,388.0,667.0,1.0,58.0,very high,Acute Care Hospitals,Voluntary non-profit - Private,Yes
450051,METHODIST DALLAS MEDICAL CENTER,DALLAS,TX,75203,DALLAS,231.0,229.0,277.0,,2.0,75.0,very high,Acute Care Hospitals,Voluntary non-profit - Other,Yes
450054,BAYLOR SCOTT & WHITE MEDICAL CENTER - TEMPLE,TEMPLE,TX,76508,BELL,233.0,232.0,438.0,,2.0,67.0,very high,Acute Care Hospitals,Voluntary non-profit - Private,Yes
450055,ROLLING PLAINS MEMORIAL HOSPITAL,SWEETWATER,TX,79556,NOLAN,92.0,87.0,,232.0,0.0,,low,Acute Care Hospitals,Government - Hospital District or Authority,Yes
450056,ASCENSION SETON MEDICAL CENTER AUSTIN,AUSTIN,TX,78705,TRAVIS,184.0,184.0,242.0,,,,,Acute Care Hospitals,Voluntary non-profit - Private,Yes
450058,BAPTIST MEDICAL CENTER,SAN ANTONIO,TX,78205,BEXAR,179.0,176.0,257.0,290.0,3.0,,very high,Acute Care Hospitals,Proprietary,Yes
450064,TEXAS HEALTH ARLINGTON MEMORIAL HOSPITAL,ARLINGTON,TX,76012,TARRANT,153.0,150.0,,,1.0,79.0,very high,Acute Care Hospitals,Voluntary non-profit - Private,Yes
450068,MEMORIAL HERMANN - TEXAS MEDICAL CENTER,HOUSTON,TX,77030,HARRIS,260.0,252.0,608.0,,5.0,61.0,very high,Acute Care Hospitals,Voluntary non-profit - Private,Yes
450072,CHI ST LUKE'S HEALTH BRAZOSPORT,LAKE JACKSON,TX,77566,BRAZORIA,156.0,152.0,221.0,266.0,1.0,77.0,medium,Acute Care Hospitals,Voluntary non-profit - Private,Yes
450079,BAYLOR SCOTT & WHITE MEDICAL CENTER AT IRVING,IRVING,TX,75061,DALLAS,155.0,155.0,,,0.0,100.0,very high,Acute Care Hospitals,Voluntary non-profit - Private,Yes
450080,TITUS REGIONAL MEDICAL CENTER,MOUNT PLEASANT,TX,75455,TITUS,198.0,198.0,,246.0,1.0,,medium,Acute Care Hospitals,Government - Hospital District or Authority,Yes
450082,CHRISTUS SPOHN HOSPITAL BEEVILLE,BEEVILLE,TX,78102,BEE,150.0,146.0,189.0,389.0,1.0,73.0,medium,Acute Care Hospitals,Voluntary non-profit - Private,Yes
450083,UT HEALTH EAST TEXAS TYLER REGIONAL HOSPITAL,TYLER,TX,75701,SMITH,158.0,156.0,,,0.0,,medium,Acute Care Hospitals,Proprietary,Yes
450087,MEDICAL CITY NORTH HILLS,NORTH RICHLAND HILLS,TX,76180,TARRANT,130.0,127.0,,,0.0,,high,Acute Care Hospitals,Proprietary,Yes
450090,NORTH TEXAS MEDICAL CENTER,GAINESVILLE,TX,76240,COOKE,123.0,117.0,,229.0,2.0,65.0,low,Acute Care Hospitals,Voluntary non-profit - Private,Yes
450092,FORT DUNCAN MEDICAL CENTER,EAGLE PASS,TX,78852,MAVERICK,180.0,177.0,,418.0,0.0,75.0,medium,Acute Care Hospitals,Proprietary,Yes
450097,HCA HOUSTON HEALTHCARE SOUTHEAST,PASADENA,TX,77504,HARRIS,132.0,122.0,506.0,348.0,1.0,50.0,very high,Acute Care Hospitals,Proprietary,Yes
450101,BAYLOR SCOTT & WHITE MEDICAL CENTER HILLCREST,WACO,TX,76712,MC LENNAN,257.0,255.0,377.0,,4.0,80.0,very high,Acute Care Hospitals,Voluntary non-profit - Private,Yes
450102,CHRISTUS MOTHER FRANCES HOSPITAL,TYLER,TX,75701,SMITH,105.0,102.0,132.0,265.0,0.0,,very high,Acute Care Hospitals,Voluntary non-profit - Private,Yes
450104,GUADALUPE REGIONAL MEDICAL CENTER,SEGUIN,TX,78155,GUADALUPE,199.0,194.0,280.0,269.0,2.0,83.0,medium,Acute Care Hospitals,Government - Local,Yes
450107,LAS PALMAS MEDICAL CENTER A CAMPUS OF LPDS HEALTHC,EL PASO,TX,79902,EL PASO,131.0,127.0,152.0,,1.0,75.0,very high,Acute Care Hospitals,Proprietary,Yes
450108,CONNALLY MEMORIAL MEDICAL CENTER,FLORESVILLE,TX,78114,WILSON,124.0,116.0,,294.0,1.0,,low,Acute Care Hospitals,Government - Hospital District or Authority,Yes
450119,SOUTH TEXAS HEALTH SYSTEM,EDINBURG,TX,78539,HIDALGO,106.0,106.0,110.0,,0.0,,very high,Acute Care Hospitals,Proprietary,Yes
450124,DELL SETON  MED CENTER AT THE UNIVERSITY OF TX,AUSTIN,TX,78701,TRAVIS,253.0,249.0,328.0,514.0,,,,Acute Care Hospitals,Voluntary non-profit - Private,No
450128,KNAPP MEDICAL CENTER,WESLACO,TX,78596,HIDALGO,136.0,133.0,164.0,,0.0,58.0,medium,Acute Care Hospitals,Voluntary non-profit - Private,Yes
450132,MEDICAL CENTER HOSPITAL,ODESSA,TX,79761,ECTOR,154.0,150.0,229.0,249.0,3.0,71.0,very high,Acute Care Hospitals,Government - Hospital District or Authority,Yes
450133,MIDLAND MEMORIAL HOSPITAL,MIDLAND,TX,79701,MIDLAND,195.0,193.0,263.0,,4.0,73.0,very high,Acute Care Hospitals,Government - Hospital District or Authority,Yes
450135,TEXAS HEALTH HARRIS METHODIST FORT WORTH,FORT WORTH,TX,76104,TARRANT,172.0,169.0,194.0,,0.0,,very high,Acute Care Hospitals,Voluntary non-profit - Private,Yes
450137,BAYLOR SCOTT AND WHITE ALL SAINTS MEDICAL CENTER,FORT WORTH,TX,76104,TARRANT,232.0,233.0,208.0,,1.0,94.0,high,Acute Care Hospitals,Voluntary non-profit - Private,Yes
450144,PERMIAN REGIONAL MEDICAL CENTER ANDREWS COUNTY HO,ANDREWS,TX,79714,ANDREWS,113.0,106.0,,233.0,2.0,59.0,low,Acute Care Hospitals,Government - Hospital District or Authority,Yes
450147,DE TAR HOSPITAL NAVARRO,VICTORIA,TX,77901,VICTORIA,128.0,128.0,,,2.0,67.0,medium,Acute Care Hospitals,Proprietary,Yes
450148,TEXAS HEALTH HARRIS METHODIST HOSPITAL CLEBURNE,CLEBURNE,TX,76031,JOHNSON,140.0,137.0,177.0,337.0,1.0,,medium,Acute Care Hospitals,Voluntary non-profit - Private,Yes
450152,ADVENTHEALTH CENTRAL TEXAS,KILLEEN,TX,76542,BELL,154.0,148.0,386.0,262.0,2.0,75.0,high,Acute Care Hospitals,Voluntary non-profit - Church,Yes
450154,VAL VERDE REGIONAL MEDICAL CENTER,DEL RIO,TX,78840,VAL VERDE,209.0,198.0,232.0,394.0,1.0,69.0,medium,Acute Care Hospitals,Government - Hospital District or Authority,Yes
450155,HEREFORD REGIONAL MEDICAL CENTER,HEREFORD,TX,79045,DEAF SMITH,98.0,93.0,,152.0,1.0,,low,Acute Care Hospitals,Government - Hospital District or Authority,Yes
450162,GRACE SURGICAL HOSPITAL,LUBBOCK,TX,79412,LUBBOCK,,,,,,,,Acute Care Hospitals,Voluntary non-profit - Private,Yes
450163,CHRISTUS SPOHN HOSPITAL KLEBERG,KINGSVILLE,TX,78363,KLEBERG,199.0,188.0,288.0,509.0,3.0,50.0,medium,Acute Care Hospitals,Voluntary non-profit - Private,Yes
450165,METHODIST HOSPITAL ATASCOSA,JOURDANTON,TX,78026,ATASCOSA,122.0,111.0,166.0,321.0,1.0,47.0,medium,Acute Care Hospitals,Proprietary,Yes
450176,MISSION REGIONAL MEDICAL CENTER,MISSION,TX,78572,HIDALGO,156.0,152.0,171.0,,0.0,21.0,medium,Acute Care Hospitals,Voluntary non-profit - Private,Yes
450184,MEMORIAL HERMANN HOSPITAL SYSTEM,HOUSTON,TX,77008,HARRIS,247.0,243.0,438.0,329.0,1.0,45.0,very high,Acute Care Hospitals,Voluntary non-profit - Private,Yes
450193,Baylor St Lukes Medical Center,HOUSTON,TX,77030,HARRIS,166.0,165.0,,,2.0,,high,Acute Care Hospitals,Voluntary non-profit - Church,Yes
450194,UT HEALTH EAST TEXAS JACKSONVILLE HOSPITAL,JACKSONVILLE,TX,75766,CHEROKEE,94.0,90.0,170.0,354.0,1.0,,low,Acute Care Hospitals,Proprietary,Yes
450196,PARIS REGIONAL MEDICAL CENTER,PARIS,TX,75460,LAMAR,131.0,124.0,,322.0,3.0,82.0,medium,Acute Care Hospitals,Proprietary,Yes
450200,WADLEY REGIONAL MEDICAL CENTER,TEXARKANA,TX,75501,BOWIE,,,,,,,,Acute Care Hospitals,Physician,Yes
450203,MEDICAL CITY WEATHERFORD,WEATHERFORD,TX,76086,PARKER,140.0,136.0,,306.0,0.0,84.0,medium,Acute Care Hospitals,Proprietary,Yes
450209,NORTHWEST TEXAS HOSPITAL,AMARILLO,TX,79106,POTTER,132.0,132.0,,,2.0,,very high,Acute Care Hospitals,Voluntary non-profit - Private,Yes
450210,UT HEALTH EAST TEXAS CARTHAGE HOSPITAL,CARTHAGE,TX,75633,PANOLA,98.0,93.0,272.0,359.0,1.0,58.0,low,Acute Care Hospitals,Proprietary,Yes
450211,CHI ST LUKES HEALTH MEMORIAL LUFKIN,LUFKIN,TX,75901,ANGELINA,169.0,164.0,235.0,349.0,3.0,50.0,medium,Acute Care Hospitals,Voluntary non-profit - Private,Yes
450213,UNIVERSITY HEALTH SYSTEM,SAN ANTONIO,TX,78229,BEXAR,384.0,366.0,447.0,,2.0,,very high,Acute Care Hospitals,Government - Hospital District or Authority,Yes
450222,HCA HOUSTON HEALTHCARE CONROE,CONROE,TX,77304,MONTGOMERY,165.0,158.0,368.0,,1.0,,high,Acute Care Hospitals,Proprietary,Yes
450229,HENDRICK MEDICAL CENTER,ABILENE,TX,79601,TAYLOR,130.0,128.0,,,3.0,77.0,very high,Acute Care Hospitals,Voluntary non-profit - Private,Yes
450231,BSA HOSPITAL,AMARILLO,TX,79106,POTTER,217.0,215.0,,,1.0,,very high,Acute Care Hospitals,Proprietary,Yes
450235,MEMORIAL HOSPITAL,GONZALES,TX,78629,GONZALES,72.0,70.0,93.0,160.0,1.0,,low,Acute Care Hospitals,Government - Hospital District or Authority,No
450236,CHRISTUS MOTHER FRANCES HOSPITAL SULPHUR SPRINGS,SULPHUR SPRINGS,TX,75482,HOPKINS,145.0,140.0,333.0,391.0,0.0,,medium,Acute Care Hospitals,Voluntary non-profit - Private,Yes
450237,CHRISTUS SANTA ROSA MEDICAL CENTER,SAN ANTONIO,TX,78251,BEXAR,173.0,170.0,257.0,280.0,1.0,65.0,very high,Acute Care Hospitals,Voluntary non-profit - Private,Yes
450241,FAITH COMMUNITY HOSPITAL,JACKSBORO,TX,76458,JACK,135.0,124.0,193.0,213.0,1.0,15.0,low,Acute Care Hospitals,Government - Hospital District or Authority,Yes
450253,BELLVILLE MEDICAL CENTER,BELLVILLE,TX,77418,AUSTIN,112.0,104.0,170.0,289.0,1.0,,low,Acute Care Hospitals,Government - Hospital District or Authority,Yes
450272,CHRISTUS SANTA ROSA HOSPITAL-SAN MARCOS,SAN MARCOS,TX,78666,HAYS,146.0,143.0,202.0,286.0,1.0,74.0,medium,Acute Care Hospitals,Voluntary non-profit - Church,Yes
450289,HARRIS HEALTH,HOUSTON,TX,77030,HARRIS,370.0,367.0,596.0,,3.0,,very high,Acute Care Hospitals,Government - Hospital District or Authority,Yes
450292,TEXAS HEALTH PRESBYTERIAN HOSPITAL KAUFMAN,KAUFMAN,TX,75142,KAUFMAN,158.0,149.0,258.0,254.0,3.0,,medium,Acute Care Hospitals,Voluntary non-profit - Private,Yes
450324,TEXOMA MEDICAL CENTER,DENISON,TX,75020,GRAYSON,120.0,116.0,186.0,,1.0,,very high,Acute Care Hospitals,Proprietary,Yes
450330,OAKBEND MEDICAL CENTER,RICHMOND,TX,77469,FORT BEND,107.0,105.0,,,0.0,,medium,Acute Care Hospitals,Government - Hospital District or Authority,Yes
450346,BAPTIST BEAUMONT HOSPITAL,BEAUMONT,TX,77701,JEFFERSON,211.0,207.0,344.0,408.0,3.0,88.0,very high,Acute Care Hospitals,Voluntary non-profit - Private,Yes
450347,HUNTSVILLE MEMORIAL HOSPITAL,HUNTSVILLE,TX,77340,WALKER,206.0,194.0,269.0,304.0,1.0,93.0,medium,Acute Care Hospitals,Voluntary non-profit - Private,Yes
450351,TEXAS HEALTH HARRIS METHODIST HOSPITAL STEPHENVILL,STEPHENVILLE,TX,76401,ERATH,135.0,124.0,326.0,247.0,1.0,95.0,low,Acute Care Hospitals,Voluntary non-profit - Private,Yes
450352,HUNT REGIONAL MEDICAL CENTER,GREENVILLE,TX,75401,HUNT,180.0,176.0,249.0,353.0,4.0,91.0,very high,Acute Care Hospitals,Government - Hospital District or Authority,Yes
450358,HOUSTON METHODIST HOSPITAL,HOUSTON,TX,77030,HARRIS,161.0,159.0,221.0,,2.0,,very high,Acute Care Hospitals,Voluntary non-profit - Private,Yes
450369,CHILDRESS REGIONAL MEDICAL CENTER,CHILDRESS,TX,79201,CHILDRESS,127.0,119.0,,190.0,0.0,,low,Acute Care Hospitals,Government - Hospital District or Authority,Yes
450370,COLUMBUS COMMUNITY HOSPITAL,COLUMBUS,TX,78934,COLORADO,189.0,180.0,,341.0,2.0,,low,Acute Care Hospitals,Voluntary non-profit - Private,Yes
450372,BAYLOR SCOTT & WHITE MEDICAL CENTER- WAXAHACHIE,WAXAHACHIE,TX,75165,ELLIS,214.0,212.0,,,3.0,79.0,high,Acute Care Hospitals,Voluntary non-profit - Private,Yes
450379,DALLAS MEDICAL CENTER,DALLAS,TX,75234,DALLAS,141.0,137.0,190.0,,1.0,,low,Acute Care Hospitals,Proprietary,Yes
450388,METHODIST HOSPITAL,SAN ANTONIO,TX,78229,BEXAR,143.0,138.0,484.0,294.0,1.0,76.0,very high,Acute Care Hospitals,Proprietary,Yes
450389,UT HEALTH EAST TEXAS ATHENS HOSPITAL,ATHENS,TX,75751,HENDERSON,162.0,155.0,,356.0,2.0,60.0,medium,Acute Care Hospitals,Proprietary,Yes
450395,CHI ST LUKES HEALTH MEMORIAL LIVINGSTON,LIVINGSTON,TX,77351,POLK,141.0,134.0,,314.0,2.0,55.0,medium,Acute Care Hospitals,Voluntary non-profit - Private,Yes
450399,BROWNFIELD REGIONAL MEDICAL CENTER,BROWNFIELD,TX,79316,TERRY,116.0,112.0,114.0,223.0,4.0,,low,Acute Care Hospitals,Government - Hospital District or Authority,Yes
450400,PARKVIEW REGIONAL HOSPITAL,MEXIA,TX,76667,LIMESTONE,94.0,89.0,,239.0,1.0,,low,Acute Care Hospitals,Proprietary,Yes
450403,MEDICAL CENTER OF MCKINNEY,MCKINNEY,TX,75069,COLLIN,155.0,144.0,278.0,305.0,0.0,88.0,high,Acute Care Hospitals,Proprietary,Yes
450419,TEXAS HEALTH HARRIS METHODIST HOSPITAL AZLE,AZLE,TX,76020,TARRANT,144.0,135.0,188.0,253.0,1.0,,medium,Acute Care Hospitals,Voluntary non-profit - Private,Yes
450422,BAYLOR SCOTT AND WHITE MEDICAL CENTER UPTOWN,DALLAS,TX,75204,DALLAS,103.0,102.0,,,2.0,,low,Acute Care Hospitals,Proprietary,Yes
450424,HOUSTON METHODIST BAYTOWN HOSPITAL,BAYTOWN,TX,77521,HARRIS,221.0,216.0,399.0,,2.0,94.0,very high,Acute Care Hospitals,Voluntary non-profit - Private,Yes
450431,ST DAVID'S MEDICAL CENTER,AUSTIN,TX,78705,TRAVIS,165.0,160.0,263.0,212.0,1.0,67.0,very high,Acute Care Hospitals,Proprietary,Yes
450447,NAVARRO REGIONAL HOSPITAL,CORSICANA,TX,75110,NAVARRO,182.0,175.0,,373.0,3.0,,medium,Acute Care Hospitals,Government - Hospital District or Authority,Yes
450451,GLEN ROSE MEDICAL CENTER,GLEN ROSE,TX,76043,SOMERVELL,110.0,104.0,,202.0,1.0,,low,Acute Care Hospitals,Government - Hospital District or Authority,Yes
450460,TYLER COUNTY HOSPITAL,WOODVILLE,TX,75979,TYLER,174.0,144.0,,312.0,2.0,,low,Acute Care Hospitals,Government - Hospital District or Authority,Yes
450462,TEXAS HEALTH PRESBYTERIAN HOSPITAL DALLAS,DALLAS,TX,75231,DALLAS,158.0,158.0,152.0,,1.0,,very high,Acute Care Hospitals,Voluntary non-profit - Private,Yes
450465,MATAGORDA REGIONAL MEDICAL CENTER,BAY CITY,TX,77414,MATAGORDA,122.0,114.0,,309.0,1.0,,low,Acute Care Hospitals,Government - Hospital District or Authority,Yes
450469,WILSON N JONES REGIONAL MEDICAL CENTER,SHERMAN,TX,75092,GRAYSON,162.0,156.0,258.0,224.0,3.0,,low,Acute Care Hospitals,Proprietary,Yes
450475,UT HEALTH EAST TEXAS HENDERSON HOSPITAL,HENDERSON,TX,75652,RUSK,143.0,133.0,422.0,398.0,1.0,42.0,low,Acute Care Hospitals,Proprietary,Yes
450484,WOODLAND HEIGHTS MEDICAL CENTER,LUFKIN,TX,75904,ANGELINA,149.0,147.0,,,1.0,76.0,medium,Acute Care Hospitals,Proprietary,Yes
450489,MEDICAL ARTS HOSPITAL,LAMESA,TX,79331,DAWSON,108.0,107.0,,214.0,2.0,,low,Acute Care Hospitals,Government - Hospital District or Authority,Yes
450508,NACOGDOCHES MEMORIAL HOSPITAL,NACOGDOCHES,TX,75961,NACOGDOCHES,178.0,174.0,204.0,307.0,2.0,,low,Acute Care Hospitals,Proprietary,Yes
450518,THE MEDICAL CENTER OF SOUTHEAST TEXAS,PORT ARTHUR,TX,77640,JEFFERSON,200.0,190.0,294.0,316.0,5.0,39.0,medium,Acute Care Hospitals,Physician,Yes
450537,METHODIST RICHARDSON MEDICAL CENTER,RICHARDSON,TX,75082,COLLIN,183.0,182.0,345.0,,2.0,53.0,high,Acute Care Hospitals,Voluntary non-profit - Private,Yes
450539,COVENANT HOSPITAL PLAINVIEW,PLAINVIEW,TX,79072,HALE,164.0,156.0,,288.0,3.0,,low,Acute Care Hospitals,Voluntary non-profit - Private,Yes
450563,BAYLOR SCOTT & WHITE MEDICAL CENTER  GRAPEVINE,GRAPEVINE,TX,76051,TARRANT,188.0,187.0,229.0,,1.0,84.0,high,Acute Care Hospitals,Voluntary non-profit - Private,Yes
450565,PALO PINTO GENERAL HOSPITAL,MINERAL WELLS,TX,76067,PALO PINTO,96.0,92.0,,209.0,1.0,92.0,low,Acute Care Hospitals,Government - Hospital District or Authority,Yes
450571,SHANNON MEDICAL CENTER,SAN ANGELO,TX,76903,TOM GREEN,146.0,144.0,206.0,,2.0,83.0,very high,Acute Care Hospitals,Voluntary non-profit - Private,Yes
450573,CHRISTUS JASPER MEMORIAL HOSPITAL,JASPER,TX,75951,JASPER,179.0,168.0,,482.0,1.0,100.0,medium,Acute Care Hospitals,Voluntary non-profit - Private,Yes
450584,WILBARGER GENERAL HOSPITAL,VERNON,TX,76384,WILBARGER,81.0,78.0,201.0,166.0,1.0,,low,Acute Care Hospitals,Government - Hospital District or Authority,Yes
450587,HENDRICK MEDICAL CENTER BROWNWOOD,BROWNWOOD,TX,76801,BROWN,183.0,180.0,277.0,340.0,2.0,89.0,medium,Acute Care Hospitals,Voluntary non-profit - Private,Yes
450596,LAKE GRANBURY MEDICAL CENTER,GRANBURY,TX,76048,HOOD,133.0,126.0,180.0,291.0,1.0,46.0,medium,Acute Care Hospitals,Proprietary,Yes
450597,CUERO REGIONAL HOSPITAL,CUERO,TX,77954,DE WITT,165.0,159.0,196.0,288.0,5.0,,low,Acute Care Hospitals,Government - Hospital District or Authority,Yes
450604,HILL COUNTRY MEMORIAL HOSPITAL,FREDERICKSBURG,TX,78624,GILLESPIE,159.0,156.0,294.0,311.0,0.0,75.0,low,Acute Care Hospitals,Proprietary,Yes
450610,MEMORIAL HERMANN MEMORIAL CITY HOSPITAL,HOUSTON,TX,77024,HARRIS,265.0,259.0,407.0,,1.0,,high,Acute Care Hospitals,Voluntary non-profit - Private,Yes
450617,HCA HOUSTON HEALTHCARE CLEAR LAKE,WEBSTER,TX,77598,HARRIS,123.0,118.0,345.0,,1.0,,very high,Acute Care Hospitals,Proprietary,Yes
450634,MEDICAL CITY DENTON,DENTON,TX,76210,DENTON,133.0,130.0,,,0.0,78.0,very high,Acute Care Hospitals,Proprietary,Yes
450638,HCA HOUSTON HEALTHCARE NORTHWEST,HOUSTON,TX,77090,HARRIS,154.0,147.0,825.0,,1.0,,very high,Acute Care Hospitals,Proprietary,Yes
450639,TEXAS HEALTH HARRIS METHODIST HURST-EULESS-BEDFORD,BEDFORD,TX,76022,TARRANT,154.0,150.0,327.0,,0.0,86.0,high,Acute Care Hospitals,Voluntary non-profit - Private,Yes
450641,NOCONA GENERAL HOSPITAL,NOCONA,TX,76255,MONTAGUE,114.0,108.0,156.0,,2.0,,low,Acute Care Hospitals,Government - Hospital District or Authority,Yes
450643,DOCTORS HOSPITAL OF LAREDO,LAREDO,TX,78041,WEBB,125.0,124.0,,,1.0,80.0,very high,Acute Care Hospitals,Proprietary,Yes
450644,HCA HOUSTON HEALTHCARE WEST,HOUSTON,TX,77082,HARRIS,109.0,104.0,3008.0,,1.0,,very high,Acute Care Hospitals,Proprietary,Yes
450647,MEDICAL CITY DALLAS HOSPITAL,DALLAS,TX,75230,DALLAS,143.0,140.0,361.0,291.0,0.0,,very high,Acute Care Hospitals,Proprietary,Yes
450651,MEDICAL CITY PLANO,PLANO,TX,75075,COLLIN,148.0,141.0,207.0,217.0,0.0,82.0,very high,Acute Care Hospitals,Proprietary,Yes
450653,SCENIC MOUNTAIN MEDICAL CENTER,BIG SPRING,TX,79720,HOWARD,124.0,120.0,,234.0,4.0,31.0,low,Acute Care Hospitals,Proprietary,Yes
450654,STARR COUNTY MEMORIAL HOSPITAL,RIO GRANDE CITY,TX,78582,STARR,201.0,188.0,332.0,336.0,3.0,,low,Acute Care Hospitals,Government - Hospital District or Authority,Yes
450656,NACOGDOCHES MEDICAL CENTER,NACOGDOCHES,TX,75965,NACOGDOCHES,162.0,156.0,,384.0,2.0,63.0,medium,Acute Care Hospitals,Voluntary non-profit - Other,Yes
450658,FREESTONE MEDICAL CENTER,FAIRFIELD,TX,75840,FREESTONE,129.0,122.0,,256.0,2.0,,low,Acute Care Hospitals,Government - Hospital District or Authority,Yes
450659,HCA HOUSTON HEALTHCARE MEDICAL CENTER,HOUSTON,TX,77004,HARRIS,77.0,75.0,,,1.0,,medium,Acute Care Hospitals,Proprietary,Yes
450661,ODESSA REGIONAL MEDICAL CENTER,ODESSA,TX,79761,ECTOR,155.0,153.0,,290.0,6.0,,medium,Acute Care Hospitals,Proprietary,Yes
450662,VALLEY REGIONAL MEDICAL CENTER,BROWNSVILLE,TX,78526,CAMERON,176.0,176.0,172.0,,2.0,,high,Acute Care Hospitals,Proprietary,Yes
450668,SIERRA MEDICAL CENTER,EL PASO,TX,79902,EL PASO,162.0,160.0,304.0,,2.0,,low,Acute Care Hospitals,Proprietary,Yes
450669,MEDICAL CITY LEWISVILLE,LEWISVILLE,TX,75057,DENTON,122.0,122.0,,,0.0,79.0,high,Acute Care Hospitals,Voluntary non-profit - Private,Yes
450670,HCA HOUSTON HEALTHCARE TOMBALL,TOMBALL,TX,77375,HARRIS,126.0,118.0,451.0,,1.0,,high,Acute Care Hospitals,Proprietary,Yes
450672,MEDICAL CITY FORT WORTH,FORT WORTH,TX,76104,TARRANT,116.0,114.0,,,0.0,,high,Acute Care Hospitals,Proprietary,Yes
450674,"WOMANS HOSPITAL OF TEXAS,THE",HOUSTON,TX,77054,HARRIS,174.0,172.0,,,1.0,,low,Acute Care Hospitals,Proprietary,Yes
450675,MEDICAL CITY ARLINGTON,ARLINGTON,TX,76015,TARRANT,131.0,131.0,,,1.0,,very high,Acute Care Hospitals,Proprietary,Yes
450677,TEXAS HEALTH HUGULEY HOSPITAL FORT WORTH SOUTH,FORT WORTH,TX,76115,TARRANT,193.0,188.0,264.0,,2.0,73.0,high,Acute Care Hospitals,Voluntary non-profit - Private,Yes
450678,WHITE ROCK MEDICAL CENTER,DALLAS,TX,75218,DALLAS,209.0,203.0,,379.0,4.0,,low,Acute Care Hospitals,Proprietary,Yes
450684,MEMORIAL HERMANN NORTHEAST HOSPITAL,HUMBLE,TX,77338,HARRIS,237.0,235.0,334.0,,1.0,62.0,very high,Acute Care Hospitals,Voluntary non-profit - Private,Yes
450686,UNIVERSITY MEDICAL CENTER,LUBBOCK,TX,79415,LUBBOCK,191.0,189.0,264.0,,0.0,,very high,Acute Care Hospitals,Government - Hospital District or Authority,Yes
450688,DALLAS REGIONAL MEDICAL CENTER,MESQUITE,TX,75149,DALLAS,166.0,166.0,154.0,,3.0,82.0,medium,Acute Care Hospitals,Proprietary,Yes
45068F,William Beaumont AMG (FT Bliss),El Paso,TX,79920,EL PASO,,189.0,,,5.0,,medium,Acute Care - Department of Defense,Department of Defense,Yes
450690,UNIVERSITY OF TEXAS HEALTH SCIENCE CENTER AT TYLER,TYLER,TX,75708,SMITH,168.0,153.0,309.0,416.0,1.0,,low,Acute Care Hospitals,Government - State,Yes
450694,EL CAMPO MEMORIAL HOSPITAL,EL CAMPO,TX,77437,WHARTON,132.0,124.0,184.0,298.0,0.0,,low,Acute Care Hospitals,Voluntary non-profit - Other,Yes
450698,LAMB HEALTHCARE CENTER,LITTLEFIELD,TX,79339,LAMB,102.0,99.0,,156.0,3.0,,low,Acute Care Hospitals,Government - Local,Yes
45069F,Brooke Army Medical Center (FT Sam Houston),Fort Sam Houston,TX,78234,BEXAR,,168.0,,,2.0,,very high,Acute Care - Department of Defense,Department of Defense,Yes
450702,LONGVIEW REGIONAL MEDICAL CENTER,LONGVIEW,TX,75605,GREGG,138.0,135.0,,,1.0,80.0,high,Acute Care Hospitals,Proprietary,Yes
450709,HOUSTON METHODIST CLEAR LAKE HOSPITAL,NASSAU BAY,TX,77058,HARRIS,160.0,155.0,,,1.0,,high,Acute Care Hospitals,Voluntary non-profit - Private,Yes
45070F,Darnall AMC (FT Cavazos),Fort Cavazos,TX,76544,BELL,,179.0,,,2.0,,high,Acute Care - Department of Defense,Department of Defense,Yes
450711,RIO GRANDE REGIONAL HOSPITAL,MCALLEN,TX,78503,HIDALGO,105.0,104.0,,,2.0,,very high,Acute Care Hospitals,Proprietary,Yes
450713,ST DAVID'S SOUTH AUSTIN MEDICAL CENTER,AUSTIN,TX,78704,TRAVIS,146.0,138.0,219.0,,1.0,88.0,very high,Acute Care Hospitals,Proprietary,Yes
450718,ROUND ROCK MEDICAL CENTER,ROUND ROCK,TX,78681,WILLIAMSON,135.0,133.0,,332.0,1.0,,high,Acute Care Hospitals,Proprietary,Yes
450723,METHODIST CHARLTON MEDICAL CENTER,DALLAS,TX,75237,DALLAS,214.0,213.0,,,1.0,78.0,very high,Acute Care Hospitals,Voluntary non-profit - Private,Yes
450730,CARROLLTON REGIONAL MEDICAL CENTER,CARROLLTON,TX,75010,DENTON,208.0,205.0,258.0,,4.0,,medium,Acute Care Hospitals,Proprietary,Yes
450742,BAYLOR SCOTT AND WHITE MEDICAL CENTER LAKE POINTE,ROWLETT,TX,75088,DALLAS,144.0,142.0,,,2.0,82.0,medium,Acute Care Hospitals,Voluntary non-profit - Private,Yes
450743,TEXAS HEALTH PRESBYTERIAN HOSPITAL DENTON,DENTON,TX,76201,DENTON,162.0,158.0,365.0,,2.0,88.0,high,Acute Care Hospitals,Voluntary non-profit - Private,Yes
450747,PALESTINE REGIONAL MEDICAL CENTER,PALESTINE,TX,75801,ANDERSON,143.0,136.0,259.0,388.0,1.0,50.0,medium,Acute Care Hospitals,Proprietary,Yes
450755,COVENANT HOSPITAL LEVELLAND,LEVELLAND,TX,79336,HOCKLEY,96.0,93.0,122.0,199.0,1.0,,low,Acute Care Hospitals,Voluntary non-profit - Private,Yes
450771,TEXAS HEALTH PRESBYTERIAN HOSPITAL PLANO,PLANO,TX,75093,COLLIN,176.0,174.0,296.0,,0.0,75.0,high,Acute Care Hospitals,Voluntary non-profit - Private,Yes
450774,TOPS SURGICAL SPECIALTY HOSPITAL,HOUSTON,TX,77090,HARRIS,,,,,,,,Acute Care Hospitals,Physician,No
450775,HCA HOUSTON HEALTHCARE KINGWOOD,KINGWOOD,TX,77325,HARRIS,120.0,118.0,1196.0,,1.0,,very high,Acute Care Hospitals,Proprietary,Yes
450779,TEXAS HEALTH HARRIS METHODIST HOSPITAL SOUTHWEST F,FORT WORTH,TX,76132,TARRANT,188.0,186.0,264.0,,1.0,44.0,very high,Acute Care Hospitals,Voluntary non-profit - Private,Yes
450788,"CORPUS CHRISTI MEDICAL CENTER,THE",CORPUS CHRISTI,TX,78411,NUECES,137.0,135.0,241.0,,1.0,,very high,Acute Care Hospitals,Voluntary non-profit - Other,Yes
450801,CHRISTUS ST MICHAEL HEALTH SYSTEM,TEXARKANA,TX,75503,BOWIE,151.0,147.0,,,3.0,73.0,very high,Acute Care Hospitals,Voluntary non-profit - Private,Yes
450804,TEXAS ORTHOPEDIC HOSPITAL,HOUSTON,TX,77030,HARRIS,105.0,105.0,,,1.0,,low,Acute Care Hospitals,Voluntary non-profit - Other,Yes
450808,NORTHWEST HILLS SURGICAL HOSPITAL,AUSTIN,TX,78731,TRAVIS,,,,,,,,Acute Care Hospitals,Voluntary non-profit - Private,Yes
450809,NORTH AUSTIN MEDICAL CENTER,AUSTIN,TX,78758,TRAVIS,166.0,163.0,192.0,,1.0,50.0,very high,Acute Care Hospitals,Proprietary,Yes
450820,HOUSTON METHODIST SUGARLAND HOSPITAL,SUGAR LAND,TX,77479,FORT BEND,204.0,204.0,,,1.0,91.0,very high,Acute Care Hospitals,Voluntary non-profit - Private,Yes
450822,MEDICAL CITY LAS COLINAS,IRVING,TX,75039,DALLAS,141.0,134.0,223.0,,1.0,,medium,Acute Care Hospitals,Proprietary,Yes
450825,CORNERSTONE REGIONAL HOSPITAL,EDINBURG,TX,78539,HIDALGO,115.0,114.0,,118.0,5.0,,low,Acute Care Hospitals,Proprietary,Yes
450828,CHRISTUS SPOHN HOSPITAL ALICE,ALICE,TX,78332,JIM WELLS,176.0,164.0,353.0,313.0,4.0,53.0,medium,Acute Care Hospitals,Voluntary non-profit - Private,Yes
450831,SURGERY SPECIALTY HOSPITALS OF AMERICA SE HOUSTON,PASADENA,TX,77504,HARRIS,170.0,168.0,,,0.0,,low,Acute Care Hospitals,Proprietary,Yes
450833,ENNIS REGIONAL MEDICAL CENTER,ENNIS,TX,75119,ELLIS,124.0,120.0,,308.0,5.0,,low,Acute Care Hospitals,Proprietary,Yes
450834,"PHYSICIANS CENTRE,THE",BRYAN,TX,77802,BRAZOS,120.0,110.0,,235.0,5.0,,low,Acute Care Hospitals,Proprietary,Yes
450840,TEXAS HEALTH PRESBYTERIAN HOSPITAL ALLEN,ALLEN,TX,75013,COLLIN,140.0,136.0,351.0,359.0,1.0,,medium,Acute Care Hospitals,Voluntary non-profit - Private,Yes
450844,HOUSTON METHODIST WILLOWBROOK HOSPITAL,HOUSTON,TX,77070,HARRIS,173.0,173.0,,,1.0,67.0,very high,Acute Care Hospitals,Voluntary non-profit - Private,Yes
450847,MEMORIAL HERMANN KATY HOSPITAL,KATY,TX,77494,FORT BEND,252.0,251.0,,,1.0,66.0,very high,Acute Care Hospitals,Voluntary non-profit - Private,Yes
450848,MEMORIAL HERMANN SUGAR LAND HOSPITAL,SUGAR LAND,TX,77479,FORT BEND,195.0,193.0,,,0.0,81.0,high,Acute Care Hospitals,Voluntary non-profit - Private,Yes
450851,BAYLOR SCOTT & WHITE HEART & VASCULAR HOSPITAL - DALLAS,DALLAS,TX,75226,DALLAS,,,,,,,,Acute Care Hospitals,Proprietary,Yes
450853,BAYLOR SCOTT & WHITE MEDICAL CENTER - FRISCO,FRISCO,TX,75034,DENTON,114.0,112.0,,295.0,0.0,,low,Acute Care Hospitals,Proprietary,Yes
450855,HARLINGEN MEDICAL CENTER,HARLINGEN,TX,78550,CAMERON,159.0,156.0,250.0,,1.0,,medium,Acute Care Hospitals,Proprietary,Yes
450856,SOUTH TEXAS SPINE AND SURGICAL HOSPITAL,SAN ANTONIO,TX,78258,BEXAR,120.0,121.0,,,1.0,,low,Acute Care Hospitals,Physician,Yes
450860,SUGAR LAND SURGICAL HOSPITAL LLP,SUGAR LAND,TX,77479,FORT BEND,,,,,,,,Acute Care Hospitals,Physician,Yes
450862,ST LUKE'S THE WOODLANDS HOSPITAL,THE WOODLANDS,TX,77384,MONTGOMERY,167.0,166.0,,,1.0,,very high,Acute Care Hospitals,Voluntary non-profit - Private,Yes
450864,BAYLOR SCOTT & WHITE TEXAS SPINE & JOINT HOSPITAL,TYLER,TX,75701,SMITH,152.0,152.0,,,1.0,,low,Acute Care Hospitals,Physician,Yes
450865,ASCENSION SETON  SOUTHWEST,AUSTIN,TX,78737,HAYS,139.0,130.0,,275.0,,,,Acute Care Hospitals,Voluntary non-profit - Private,Yes
450867,ASCENSION SETON NORTHWEST,AUSTIN,TX,78759,TRAVIS,174.0,173.0,382.0,,,17.0,,Acute Care Hospitals,Voluntary non-profit - Private,Yes
450869,DOCTORS HOSPTAL AT RENAISSANCE,EDINBURG,TX,78539,HIDALGO,218.0,219.0,,196.0,1.0,,high,Acute Care Hospitals,Physician,Yes
450872,USMD HOSPITAL AT ARLINGTON L P,ARLINGTON,TX,76017,TARRANT,155.0,151.0,210.0,340.0,1.0,,low,Acute Care Hospitals,Physician,Yes
450874,BAYLOR SURGICAL HOSPITAL AT LAS COLINAS,IRVING,TX,75063,DALLAS,74.0,71.0,,,1.0,,low,Acute Care Hospitals,Proprietary,Yes
450875,QUAIL CREEK SURGICAL HOSPITAL,AMARILLO,TX,79124,POTTER,,,,,,,low,Acute Care Hospitals,Proprietary,Yes
450876,LUBBOCK HEART HOSPITAL LP,LUBBOCK,TX,79416,LUBBOCK,163.0,159.0,,218.0,0.0,,low,Acute Care Hospitals,Government - Hospital District or Authority,Yes
450880,BAYLOR SCOTT AND WHITE SURGICAL HOSPITAL FORTWORTH,FORT WORTH,TX,76110,TARRANT,116.0,110.0,,222.0,0.0,,low,Acute Care Hospitals,Physician,Yes
450883,BAYLOR MEDICAL CENTER AT TROPHY CLUB,TROPHY CLUB,TX,76262,DENTON,87.0,87.0,,,2.0,,low,Acute Care Hospitals,Proprietary,Yes
450885,BAYLOR SCOTT &  WHITE MEDICAL CENTER - CENTENNIAL,FRISCO,TX,75035,COLLIN,160.0,157.0,169.0,,0.0,,medium,Acute Care Hospitals,Voluntary non-profit - Private,Yes
450888,TEXAS HEALTH HARRIS METHODIST HOSPITAL SOUTHLAKE,SOUTHLAKE,TX,76092,TARRANT,115.0,110.0,,,2.0,,low,Acute Care Hospitals,Proprietary,Yes
450889,TEXAS INSTITUTE FOR SURGERY AT PRESBYTERIAN HOSPIT,DALLAS,TX,75231,DALLAS,,,,,,,,Acute Care Hospitals,Physician,Yes
450890,BAYLOR SCOTT & WHITE MEDICAL CENTER PLANO,PLANO,TX,75093,COLLIN,208.0,206.0,,270.0,1.0,,medium,Acute Care Hospitals,Voluntary non-profit - Other,Yes
450891,TEXAS HEALTH CENTER FOR DIAGNOSTICS & SURGERY PLAN,PLANO,TX,75093,COLLIN,163.0,164.0,,159.0,7.0,,low,Acute Care Hospitals,Physician,Yes
450893,THE HEART HOSPITAL BAYLOR DENTON,DENTON,TX,76208,DENTON,120.0,119.0,,378.0,0.0,,low,Acute Care Hospitals,Physician,Yes
450895,BAYLOR SCOTT WHITE THE HEART HOSPITAL CORINTH,DENTON,TX,76208,DENTON,,,,,,,,Acute Care Hospitals,Proprietary,Yes
451300,PARMER COUNTY COMMUNITY HOSPITAL,FRIONA,TX,79035,PARMER,143.0,130.0,,217.0,,,,Critical Access Hospitals,Voluntary non-profit - Private,Yes
451301,REAGAN MEMORIAL HOSPITAL,BIG LAKE,TX,76932,REAGAN,,,,,,,,Critical Access Hospitals,Government - Hospital District or Authority,Yes
451303,LIMESTONE MEDICAL CENTER,GROESBECK,TX,76642,LIMESTONE,112.0,108.0,,207.0,3.0,,low,Critical Access Hospitals,Government - Hospital District or Authority,Yes
451304,SCHLEICHER COUNTY MEDICAL CENTER,ELDORADO,TX,76936,SCHLEICHER,114.0,108.0,133.0,202.0,0.0,,low,Critical Access Hospitals,Proprietary,No
451305,BURLESON ST JOSEPH HEALTH CENTER,CALDWELL,TX,77836,BURLESON,84.0,80.0,,334.0,0.0,,low,Critical Access Hospitals,Voluntary non-profit - Private,Yes
451306,KIMBLE HOSPITAL,JUNCTION,TX,76849,KIMBLE,144.0,129.0,267.0,300.0,,,,Critical Access Hospitals,Proprietary,Yes
451307,IRAAN GENERAL HOSPITAL,IRAAN,TX,79744,PECOS,104.0,95.0,,218.0,,,,Critical Access Hospitals,Government - Hospital District or Authority,Yes
451308,YOAKUM COUNTY HOSPITAL,DENVER CITY,TX,79323,YOAKUM,,,,,,,,Critical Access Hospitals,Voluntary non-profit - Other,Yes
451309,MC CAMEY HOSPITAL,MCCAMEY,TX,79752,UPTON,,,,,,,,Critical Access Hospitals,Government - Hospital District or Authority,Yes
451310,BALLINGER MEMORIAL HOSPITAL,BALLINGER,TX,76821,RUNNELS,138.0,135.0,161.0,177.0,,,,Critical Access Hospitals,Government - Hospital District or Authority,Yes
451311,SWEENY COMMUNITY HOSPITAL,SWEENY,TX,77480,BRAZORIA,104.0,99.0,,239.0,3.0,58.0,low,Critical Access Hospitals,Government - Hospital District or Authority,Yes
451312,RICE MEDICAL CENTER,EAGLE LAKE,TX,77434,COLORADO,111.0,101.0,,246.0,,,,Critical Access Hospitals,Proprietary,Yes
451313,FISHER COUNTY HOSPITAL DISTRICT,ROTAN,TX,79546,FISHER,120.0,110.0,163.0,181.0,,,,Critical Access Hospitals,Government - Hospital District or Authority,Yes
451314,WINKLER COUNTY MEMORIAL HOSPITAL,KERMIT,TX,79745,WINKLER,93.0,86.0,114.0,232.0,,,,Critical Access Hospitals,Government - Hospital District or Authority,Yes
451315,NORTH RUNNELS HOSPITAL,WINTERS,TX,79567,RUNNELS,106.0,93.0,,,1.0,,low,Critical Access Hospitals,Government - Hospital District or Authority,Yes
451316,MADISON ST JOSEPH HEALTH CENTER,MADISONVILLE,TX,77864,MADISON,116.0,108.0,,288.0,0.0,,low,Critical Access Hospitals,Voluntary non-profit - Private,Yes
451317,REFUGIO COUNTY MEMORIAL HOSPITAL,REFUGIO,TX,78377,REFUGIO,116.0,108.0,218.0,218.0,,,,Critical Access Hospitals,Government - Hospital District or Authority,Yes
451318,STONEWALL MEMORIAL HOSPITAL DISTRICT,ASPERMONT,TX,79502,STONEWALL,92.0,84.0,,134.0,0.0,,low,Critical Access Hospitals,Government - Hospital District or Authority,Yes
451319,CHRISTUS MOTHER FRANCES HOSPITAL- JACKSONVILLE,JACKSONVILLE,TX,75766,CHEROKEE,104.0,96.0,,308.0,0.0,87.0,medium,Critical Access Hospitals,Voluntary non-profit - Private,Yes
451320,BAYSIDE COMMUNITY HOSPITAL,ANAHUAC,TX,77514,CHAMBERS,113.0,106.0,126.0,238.0,1.0,,low,Critical Access Hospitals,Voluntary non-profit - Other,Yes
451322,GRIMES ST JOSEPH HEALTH CENTER,NAVASOTA,TX,77868,GRIMES,102.0,92.0,,310.0,0.0,,low,Critical Access Hospitals,Voluntary non-profit - Private,Yes
451323,ADVENTHEALTH ROLLINS BROOK,LAMPASAS,TX,76550,LAMPASAS,112.0,104.0,,238.0,1.0,,low,Critical Access Hospitals,Voluntary non-profit - Church,Yes
451324,LILLIAN M HUDSPETH MEMORIAL HOSPITAL,SONORA,TX,76950,SUTTON,132.0,124.0,185.0,158.0,,,,Critical Access Hospitals,Government - Hospital District or Authority,Yes
451325,CONCHO COUNTY HOSPITAL,EDEN,TX,76837,CONCHO,136.0,124.0,,231.0,0.0,,low,Critical Access Hospitals,Government - Local,Yes
451328,RICELAND MEDICAL CENTER,WINNIE,TX,77665,CHAMBERS,97.0,94.0,,,,,,Critical Access Hospitals,Proprietary,Yes
451329,RANKIN HOSPITAL MEDICAL CLINIC,RANKIN,TX,79778,UPTON,101.0,95.0,,178.0,,,,Critical Access Hospitals,Government - Hospital District or Authority,Yes
451330,MEDINA REGIONAL HOSPITAL,HONDO,TX,78861,MEDINA,143.0,129.0,192.0,291.0,1.0,,low,Critical Access Hospitals,Government - Hospital District or Authority,Yes
451331,COON MEMORIAL HOSPITAL,DALHART,TX,79022,DALLAM,193.0,172.0,318.0,270.0,0.0,,low,Critical Access Hospitals,Government - Hospital District or Authority,No
451332,PALACIOS COMMUNITY MEDICAL CENTER,PALACIOS,TX,77465,MATAGORDA,90.0,80.0,128.0,240.0,0.0,,low,Critical Access Hospitals,Voluntary non-profit - Private,Yes
451333,MARTIN COUNTY HOSPITAL DISTRICT,STANTON,TX,79782,MARTIN,127.0,120.0,,290.0,2.0,,low,Critical Access Hospitals,Government - Hospital District or Authority,Yes
451334,PARKVIEW HOSPITAL,WHEELER,TX,79096,WHEELER,,,,,,,,Critical Access Hospitals,Government - Hospital District or Authority,Yes
451335,MUENSTER MEMORIAL HOSPITAL,MUENSTER,TX,76252,COOKE,117.0,108.0,116.0,253.0,,,,Critical Access Hospitals,Government - Hospital District or Authority,Yes
451337,W J MANGOLD MEMORIAL HOSPITAL,LOCKNEY,TX,79241,FLOYD,104.0,104.0,,,,,,Critical Access Hospitals,Physician,Yes
451338,CULBERSON HOSPITAL,VAN HORN,TX,79855,CULBERSON,104.0,95.0,,208.0,0.0,,low,Critical Access Hospitals,Voluntary non-profit - Other,Yes
451339,THROCKMORTON COUNTY MEMORIAL HOSPITAL,THROCKMORTON,TX,76483,THROCKMORTON,,,,,,,,Critical Access Hospitals,Government - Local,Yes
451340,SHAMROCK GENERAL HOSPITAL,SHAMROCK,TX,79079,WHEELER,102.0,90.0,115.0,156.0,,,,Critical Access Hospitals,Proprietary,Yes
451341,HASKELL MEMORIAL HOSPITAL,HASKELL,TX,79521,HASKELL,125.0,114.0,255.0,243.0,1.0,,low,Critical Access Hospitals,Government - Hospital District or Authority,Yes
451342,MITCHELL COUNTY HOSPITAL DISTRICT,COLORADO CITY,TX,79512,MITCHELL,53.0,48.0,83.0,152.0,,,,Critical Access Hospitals,Government - Hospital District or Authority,Yes
451343,ELECTRA MEMORIAL HOSPITAL,ELECTRA,TX,76360,WICHITA,114.0,112.0,,153.0,1.0,,low,Critical Access Hospitals,Government - Hospital District or Authority,Yes
451344,HANSFORD COUNTY HOSPITAL,SPEARMAN,TX,79081,HANSFORD,100.0,92.0,132.0,156.0,0.0,,low,Critical Access Hospitals,Government - Hospital District or Authority,Yes
451346,YOAKUM COMMUNITY HOSPITAL,YOAKUM,TX,77995,LAVACA,101.0,92.0,,213.0,,,,Critical Access Hospitals,Voluntary non-profit - Private,Yes
451347,COLEMAN COUNTY MEDICAL CENTER COMPANY,COLEMAN,TX,76834,COLEMAN,136.0,130.0,164.0,240.0,,,,Critical Access Hospitals,Proprietary,Yes
451348,HEART OF TEXAS MEMORIAL HOSPITAL,BRADY,TX,76825,MC CULLOCH,,,,,,,,Critical Access Hospitals,Voluntary non-profit - Private,Yes
451349,SWISHER MEMORIAL HOSPITAL,TULIA,TX,79088,SWISHER,129.0,121.0,184.0,194.0,,,,Critical Access Hospitals,Voluntary non-profit - Private,No
451350,PLAINS MEMORIAL HOSPITAL,DIMMITT,TX,79027,CASTRO,130.0,116.0,175.0,210.0,,,,Critical Access Hospitals,Government - Local,No
451351,LYNN COUNTY HOSPITAL DISTRICT,TAHOKA,TX,79373,LYNN,131.0,128.0,,216.0,0.0,,low,Critical Access Hospitals,Government - Hospital District or Authority,Yes
451352,HARDEMAN COUNTY MEMORIAL HOSPITAL,QUANAH,TX,79252,HARDEMAN,100.0,94.0,,243.0,0.0,,low,Critical Access Hospitals,Government - Hospital District or Authority,Yes
451353,CRANE COUNTY HOSPITAL DISTRICT,CRANE,TX,79731,CRANE,118.0,113.0,,216.0,,,,Critical Access Hospitals,Government - Hospital District or Authority,Yes
451354,HAMILTON HOSPITAL,OLNEY,TX,76374,YOUNG,96.0,94.0,,,0.0,,low,Critical Access Hospitals,Government - Hospital District or Authority,Yes
451355,COLLINGSWORTH GENERAL HOSPITAL,WELLINGTON,TX,79095,COLLINGSWORTH,130.0,117.0,239.0,195.0,0.0,,low,Critical Access Hospitals,Proprietary,Yes
451356,MEMORIAL MEDICAL CENTER,PORT LAVACA,TX,77979,CALHOUN,,,,,,,,Critical Access Hospitals,Government - Local,Yes
451358,MEMORIAL HOSPITAL,SEMINOLE,TX,79360,GAINES,,,,,,,,Critical Access Hospitals,Government - Hospital District or Authority,Yes
451359,OCHILTREE GENERAL HOSPITAL,PERRYTON,TX,79070,OCHILTREE,92.0,88.0,151.0,161.0,0.0,,low,Critical Access Hospitals,Government - Hospital District or Authority,Yes
451361,SABINE COUNTY HOSPITAL,HEMPHILL,TX,75948,SABINE,119.0,116.0,128.0,286.0,1.0,,low,Critical Access Hospitals,Proprietary,Yes
451362,CLAY COUNTY MEMORIAL HOSPITAL,HENRIETTA,TX,76365,CLAY,,,,,,,,Critical Access Hospitals,Government - Local,Yes
451363,JACKSON HEALTHCARE CENTER,EDNA,TX,77957,JACKSON,123.0,117.0,194.0,250.0,,,,Critical Access Hospitals,Government - Hospital District or Authority,Yes
451364,OTTO KAISER MEMORIAL HOSPITAL,KENEDY,TX,78119,KARNES,,,,,,,,Critical Access Hospitals,Government - Hospital District or Authority,Yes
451365,ASCENSION SETON HIGHLAND LAKES,BURNET,TX,78611,BURNET,122.0,116.0,,212.0,1.0,,low,Critical Access Hospitals,Voluntary non-profit - Private,Yes
451366,COCHRAN MEMORIAL HOSPITAL,MORTON,TX,79346,COCHRAN,,,,,,,,Critical Access Hospitals,Government - Local,Yes
451367,UT HEALTH EAST TEXAS PITTSBURG HOSPITAL,PITTSBURG,TX,75686,CAMP,148.0,140.0,,417.0,1.0,,low,Critical Access Hospitals,Proprietary,Yes
451369,GOLDEN PLAINS COMMUNITY HOSPITAL,BORGER,TX,79007,HUTCHINSON,184.0,182.0,,,,,,Critical Access Hospitals,Proprietary,Yes
451370,TMC- BONHAM HOSPITAL,BONHAM,TX,75418,FANNIN,,,,,1.0,,low,Critical Access Hospitals,Government - Hospital District or Authority,Yes
451371,ASCENSION SETON EDGAR B DAVIS,LULING,TX,78648,CALDWELL,98.0,88.0,185.0,231.0,1.0,,low,Critical Access Hospitals,Voluntary non-profit - Private,Yes
451372,MULESHOE AREA MEDICAL CENTER,MULESHOE,TX,79347,BAILEY,128.0,113.0,201.0,288.0,,,,Critical Access Hospitals,Proprietary,Yes
451373,WARD MEMORIAL HOSPITAL,MONAHANS,TX,79756,WARD,135.0,126.0,182.0,233.0,1.0,38.0,low,Critical Access Hospitals,Government - Local,Yes
451374,BAYLOR SCOTT & WHITE MEDICAL CENTER -TAYLOR,TAYLOR,TX,76574,WILLIAMSON,,,,,2.0,,low,Critical Access Hospitals,Voluntary non-profit - Private,Yes
451375,LIBERTY DAYTON REGIONAL MEDICAL CENTER,LIBERTY,TX,77575,LIBERTY,117.0,111.0,190.0,208.0,2.0,,low,Critical Access Hospitals,Government - Hospital District or Authority,Yes
451376,LAVACA MEDICAL CENTER,HALLETTSVILLE,TX,77964,LAVACA,136.0,122.0,,238.0,0.0,18.0,low,Critical Access Hospitals,Government - Hospital District or Authority,Yes
451377,REEVES REGIONAL HEALTH,PECOS,TX,79772,REEVES,,,,,,,,Critical Access Hospitals,Government - Hospital District or Authority,Yes
451378,BIG BEND REGIONAL MEDICAL CENTER,ALPINE,TX,79830,BREWSTER,133.0,120.0,154.0,308.0,,,,Critical Access Hospitals,Proprietary,Yes
451379,CORYELL MEMORIAL HOSPITAL,GATESVILLE,TX,76528,CORYELL,142.0,137.0,,282.0,3.0,21.0,low,Critical Access Hospitals,Government - Hospital District or Authority,Yes
451380,UT HEALTH EAST TEXAS QUITMAN HOSPITAL,QUITMAN,TX,75783,WOOD,154.0,136.0,319.0,432.0,1.0,65.0,low,Critical Access Hospitals,Voluntary non-profit - Other,Yes
451381,CHRISTUS MOTHER FRANCES HOSPITAL- WINNSBORO,WINNSBORO,TX,75494,WOOD,116.0,109.0,,,,,,Critical Access Hospitals,Voluntary non-profit - Private,Yes
451382,COMANCHE COUNTY MEDICAL CENTER,COMANCHE,TX,76442,COMANCHE,107.0,100.0,,212.0,1.0,,low,Critical Access Hospitals,Voluntary non-profit - Private,Yes
451384,COGDELL MEMORIAL HOSPITAL,SNYDER,TX,79549,SCURRY,98.0,90.0,,238.0,1.0,,low,Critical Access Hospitals,Government - Hospital District or Authority,Yes
451385,GOODALL WITCHER HOSPITAL,CLIFTON,TX,76634,BOSQUE,139.0,132.0,,212.0,1.0,,low,Critical Access Hospitals,Government - Hospital District or Authority,Yes
451386,MEMORIAL HOSPITAL,DUMAS,TX,79029,MOORE,83.0,81.0,114.0,170.0,0.0,,low,Critical Access Hospitals,Government - Hospital District or Authority,Yes
451387,UVALDE MEMORIAL HOSPITAL,UVALDE,TX,78801,UVALDE,168.0,159.0,,349.0,,92.0,,Critical Access Hospitals,Government - Hospital District or Authority,Yes
451389,PECOS COUNTY MEMORIAL HOSPITAL,FORT STOCKTON,TX,79735,PECOS,164.0,150.0,223.0,267.0,,,,Critical Access Hospitals,Government - Local,Yes
451390,DIMMIT REGIONAL HOSPITAL,CARRIZO SPRINGS,TX,78834,DIMMIT,171.0,161.0,,332.0,,,,Critical Access Hospitals,Voluntary non-profit - Private,Yes
451391,FRIO REGIONAL HOSPITAL,PEARSALL,TX,78061,FRIO,145.0,127.0,,283.0,,93.0,,Critical Access Hospitals,Voluntary non-profit - Private,Yes
451392,HAMILTON GENERAL HOSPITAL,HAMILTON,TX,76531,HAMILTON,115.0,113.0,139.0,155.0,0.0,,low,Critical Access Hospitals,Government - Hospital District or Authority,Yes
451393,CROCKETT MEDICAL CENTER,CROCKETT,TX,75835,HOUSTON,130.0,118.0,213.0,260.0,1.0,,low,Critical Access Hospitals,Physician,Yes
451394,KNOX COUNTY HOSPITAL,KNOX CITY,TX,79529,KNOX,141.0,138.0,,162.0,1.0,,low,Critical Access Hospitals,Government - Local,Yes
451395,HILL REGIONAL HOSPITAL,HILLSBORO,TX,76645,HILL,,,,,,,,Critical Access Hospitals,Voluntary non-profit - Private,Yes
451396,MID COAST MEDICAL CENTER - CENTRAL,LLANO,TX,78643,LLANO,119.0,110.0,,170.0,0.0,,low,Critical Access Hospitals,Physician,Yes
451398,PAMPA REGIONAL MEDICAL CENTER,PAMPA,TX,79065,GRAY,118.0,110.0,,220.0,0.0,,low,Critical Access Hospitals,Voluntary non-profit - Private,Yes
451399,SEYMOUR HOSPITAL,SEYMOUR,TX,76380,BAYLOR,73.0,72.0,,,0.0,,low,Critical Access Hospitals,Government - Hospital District or Authority,Yes
453300,COOK CHILDRENS MEDICAL CENTER,FORT WORTH,TX,76104,TARRANT,,,,,,,,Childrens,Voluntary non-profit - Private,Yes
453301,DRISCOLL CHILDRENS HOSPITAL,CORPUS CHRISTI,TX,78411,NUECES,,,,,,,,Childrens,Voluntary non-profit - Private,Yes
453302,CHILDRENS MEDICAL CTR OF DALLAS,DALLAS,TX,75235,DALLAS,,,,,,,,Childrens,Voluntary non-profit - Private,Yes
453304,TEXAS CHILDRENS HOSPITAL,HOUSTON,TX,77030,HARRIS,,,,,,,,Childrens,Voluntary non-profit - Private,Yes
453306,COVENANT CHILDRENS HOSPITAL,LUBBOCK,TX,79410,LUBBOCK,,,,,,,,Childrens,Voluntary non-profit - Private,Yes
453309,HEALTHBRIDGE CHILDRENS'S HOSPITAL OF HOUSTON,HOUSTON,TX,77082,HARRIS,,,,,,,,Childrens,Voluntary non-profit - Private,No
453310,DELL CHILDREN'S MEDICAL CENTER,AUSTIN,TX,78723,TRAVIS,,,,,,,,Childrens,Voluntary non-profit - Private,Yes
453311,SHRINERS HOSPITALS FOR CHILDREN,GALVESTON,TX,77550,GALVESTON,,,,,,,,Childrens,Voluntary non-profit - Private,No
453313,EL PASO CHILDREN'S HOSPITAL,EL PASO,TX,79905,EL PASO,,,,,,,,Childrens,Voluntary non-profit - Private,Yes
453314,TEXAS SCOTTISH RITE HOSPITAL FOR CHILDREN,DALLAS,TX,75219,DALLAS,,,,,,,,Childrens,Voluntary non-profit - Private,No
453315,CHILDREN'S HOSPITAL OF SAN ANTONIO,SAN ANTONIO,TX,78207,BEXAR,,,,,,,,Childrens,Voluntary non-profit - Church,Yes
453316,CHILDRENS MEDICAL CENTER PLANO,PLANO,TX,75024,COLLIN,,,,,,,,Childrens,Voluntary non-profit - Private,Yes
453317,COOK CHILDRENS MEDICAL CENTER PROSPER,PROSPER,TX,75078,COLLIN,,,,,,,,Childrens,Voluntary non-profit - Private,Yes
453318,NEXUS CHILDRENS HOSPITAL DALLAS,DALLAS,TX,75243,DALLAS,,,,,,,,Childrens,Proprietary,No
453319,TEXAS CHILDRENS HOSPITAL NORTH AUSTIN CAMPUS,AUSTIN,TX,78717,WILLIAMSON,,,,,,,,Childrens,Voluntary non-profit - Private,Yes
453321,DRISCOLL CHILDREN'S HOSPITAL RIO GRANDE VALLEY,EDINBURG,TX,78539,HIDALGO,,,,,,,,Childrens,Voluntary non-profit - Private,Yes
460001,INTERMOUNTAIN HEALTH UTAH VALLEY HOSPITAL,PROVO,UT,84604,UTAH,180.0,178.0,225.0,,1.0,38.0,high,Acute Care Hospitals,Voluntary non-profit - Private,Yes
460003,HOLY CROSS HOSPITAL - SALT LAKE,SALT LAKE CITY,UT,84102,SALT LAKE,152.0,146.0,260.0,,1.0,,low,Acute Care Hospitals,Proprietary,Yes
460004,INTERMOUNTAIN HEALTH MCKAY-DEE HOSPITAL,OGDEN,UT,84403,WEBER,184.0,185.0,146.0,,2.0,59.0,high,Acute Care Hospitals,Voluntary non-profit - Private,Yes
460005,OGDEN REGIONAL MEDICAL CENTER,OGDEN,UT,84405,WEBER,111.0,111.0,,,1.0,,medium,Acute Care Hospitals,Proprietary,Yes
460006,LDS HOSPITAL,SALT LAKE CITY,UT,84143,SALT LAKE,172.0,176.0,126.0,276.0,1.0,,medium,Acute Care Hospitals,Voluntary non-profit - Private,Yes
460007,INTERMOUNTAIN HEALTH CEDAR CITY HOSPITAL,CEDAR CITY,UT,84721,IRON,162.0,156.0,292.0,224.0,1.0,69.0,medium,Acute Care Hospitals,Voluntary non-profit - Private,Yes
460009,UNIVERSITY OF UTAH HOSPITAL AND CLINICS,SALT LAKE CITY,UT,84132,SALT LAKE,240.0,234.0,372.0,,5.0,,very high,Acute Care Hospitals,Government - State,Yes
460010,INTERMOUNTAIN MEDICAL CENTER,MURRAY,UT,84107,SALT LAKE,220.0,218.0,237.0,341.0,1.0,43.0,very high,Acute Care Hospitals,Voluntary non-profit - Private,Yes
460011,CASTLEVIEW HOSPITAL,PRICE,UT,84501,CARBON,137.0,135.0,160.0,245.0,1.0,,low,Acute Care Hospitals,Proprietary,Yes
460013,MOUNTAIN VIEW HOSPITAL,PAYSON,UT,84651,UTAH,120.0,117.0,118.0,184.0,0.0,,low,Acute Care Hospitals,Proprietary,Yes
460014,MOUNTAIN WEST MEDICAL CENTER,TOOELE,UT,84074,TOOELE,160.0,145.0,287.0,280.0,2.0,70.0,medium,Acute Care Hospitals,Proprietary,Yes
460015,INTERMOUNTAIN HEALTH LOGAN REGIONAL HOSPITAL,LOGAN,UT,84341,CACHE,147.0,144.0,203.0,227.0,0.0,81.0,medium,Acute Care Hospitals,Voluntary non-profit - Private,Yes
460017,BRIGHAM CITY COMMUNITY HOSPITAL,BRIGHAM CITY,UT,84302,BOX ELDER,97.0,93.0,,176.0,0.0,91.0,low,Acute Care Hospitals,Proprietary,Yes
460019,UINTAH BASIN MEDICAL CENTER,ROOSEVELT,UT,84066,DUCHESNE,147.0,136.0,162.0,232.0,1.0,38.0,low,Acute Care Hospitals,Voluntary non-profit - Other,Yes
460021,ST. GEORGE REGIONAL HOSPITAL,ST GEORGE,UT,84790,WASHINGTON,149.0,147.0,171.0,,0.0,64.0,very high,Acute Care Hospitals,Voluntary non-profit - Private,Yes
460023,AMERICAN FORK HOSPITAL,AMERICAN FORK,UT,84003,UTAH,146.0,142.0,216.0,186.0,1.0,78.0,high,Acute Care Hospitals,Voluntary non-profit - Private,Yes
460026,INTERMOUNTAIN HEALTH SEVIER VALLEY HOSPITAL,RICHFIELD,UT,84701,SEVIER,133.0,129.0,172.0,255.0,1.0,,low,Acute Care Hospitals,Voluntary non-profit - Private,Yes
460030,ASHLEY REGIONAL MEDICAL CENTER,VERNAL,UT,84078,UINTAH,122.0,116.0,187.0,245.0,0.0,,low,Acute Care Hospitals,Proprietary,Yes
460039,BEAR RIVER VALLEY HOSPITAL,TREMONTON,UT,84337,BOX ELDER,129.0,121.0,187.0,243.0,1.0,73.0,low,Acute Care Hospitals,Voluntary non-profit - Private,Yes
460041,HOLY CROSS HOSPITAL-DAVIS,LAYTON,UT,84041,DAVIS,109.0,106.0,189.0,166.0,1.0,78.0,medium,Acute Care Hospitals,Voluntary non-profit - Private,Yes
460042,LAKEVIEW HOSPITAL,BOUNTIFUL,UT,84010,DAVIS,125.0,124.0,319.0,,0.0,71.0,low,Acute Care Hospitals,Voluntary non-profit - Other,Yes
460043,OREM COMMUNITY HOSPITAL,OREM,UT,84057,UTAH,105.0,102.0,144.0,196.0,1.0,,low,Acute Care Hospitals,Voluntary non-profit - Private,Yes
460044,INTERMOUNTAIN HEALTH ALTA VIEW HOSPITAL,SANDY,UT,84094,SALT LAKE,186.0,182.0,234.0,228.0,1.0,67.0,medium,Acute Care Hospitals,Voluntary non-profit - Private,Yes
460047,ST MARK'S HOSPITAL,SALT LAKE CITY,UT,84124,SALT LAKE,110.0,109.0,208.0,,0.0,,very high,Acute Care Hospitals,Proprietary,Yes
460051,HOLY CROSS HOSPITAL-JORDAN VALLEY,WEST JORDAN,UT,84088,SALT LAKE,163.0,160.0,222.0,214.0,1.0,90.0,high,Acute Care Hospitals,Voluntary non-profit - Private,Yes
460052,TIMPANOGOS REGIONAL HOSPITAL,OREM,UT,84057,UTAH,108.0,103.0,296.0,,0.0,82.0,medium,Acute Care Hospitals,Proprietary,Yes
460054,CACHE VALLEY HOSPITAL,NORTH LOGAN,UT,84341,CACHE,89.0,86.0,158.0,203.0,0.0,,low,Acute Care Hospitals,Proprietary,Yes
460057,PARK CITY HOSPITAL,PARK CITY,UT,84060,SUMMIT,139.0,132.0,209.0,207.0,0.0,,low,Acute Care Hospitals,Proprietary,Yes
460058,INTERMOUNTAIN HEALTH RIVERTON HOSPITAL,RIVERTON,UT,84065,SALT LAKE,164.0,155.0,298.0,289.0,1.0,45.0,medium,Acute Care Hospitals,Voluntary non-profit - Private,Yes
460060,LONE PEAK HOSPITAL,DRAPER,UT,84020,SALT LAKE,113.0,109.0,231.0,270.0,0.0,,low,Acute Care Hospitals,Proprietary,Yes
460061,INTERMOUNTAIN HEALTH LAYTON HOSPITAL,LAYTON,UT,84041,DAVIS,168.0,160.0,358.0,277.0,1.0,67.0,medium,Acute Care Hospitals,Voluntary non-profit - Private,Yes
460062,INTERMOUNTAIN HEALTH SPANISH FORK HOSPITAL,SPANISH FORK,UT,84660,UTAH,161.0,152.0,231.0,218.0,1.0,100.0,medium,Acute Care Hospitals,Voluntary non-profit - Private,Yes
460063,WESTERN PEAKS SPECIALTY HOSPITAL,BOUNTIFUL,UT,84010,DAVIS,,,,,,,,Acute Care Hospitals,Proprietary,No
461300,INTERMOUNTAIN HEALTH DELTA COMMUNITY HOSPITAL,DELTA,UT,84624,MILLARD,142.0,133.0,354.0,306.0,0.0,,low,Critical Access Hospitals,Voluntary non-profit - Private,Yes
461301,INTERMOUNTAIN HEALTH FILLMORE COMMUNITY HOSPITAL,FILLMORE,UT,84631,MILLARD,120.0,111.0,290.0,224.0,0.0,,low,Critical Access Hospitals,Voluntary non-profit - Private,Yes
461302,MOAB REGIONAL HOSPITAL,MOAB,UT,84532,GRAND,,,,,,,,Critical Access Hospitals,Voluntary non-profit - Private,Yes
461303,INTERMOUNTAIN HEALTH SANPETE VALLEY HOSPITAL,MOUNT PLEASANT,UT,84647,SANPETE,126.0,118.0,353.0,186.0,0.0,82.0,low,Critical Access Hospitals,Voluntary non-profit - Private,Yes
461304,CENTRAL VALLEY MEDICAL CENTER - CAH,NEPHI,UT,84648,JUAB,116.0,109.0,283.0,187.0,0.0,,low,Critical Access Hospitals,Voluntary non-profit - Private,Yes
461305,MILFORD MEMORIAL HOSPITAL,MILFORD,UT,84751,BEAVER,96.0,94.0,,190.0,,,,Critical Access Hospitals,Voluntary non-profit - Other,Yes
461306,GUNNISON VALLEY HOSPITAL,GUNNISON,UT,84634,SANPETE,129.0,122.0,270.0,202.0,,,,Critical Access Hospitals,Voluntary non-profit - Other,Yes
461307,INTERMOUNTAIN HEALTH HEBER VALLEY HOSPITAL,HEBER CITY,UT,84032,WASATCH,134.0,129.0,217.0,242.0,0.0,,low,Critical Access Hospitals,Voluntary non-profit - Private,Yes
461308,SAN JUAN HOSPITAL,MONTICELLO,UT,84535,SAN JUAN,132.0,128.0,168.0,220.0,,,,Critical Access Hospitals,Voluntary non-profit - Other,Yes
461309,KANE COUNTY HOSPITAL,KANAB,UT,84741,KANE,120.0,108.0,324.0,212.0,,,,Critical Access Hospitals,Government - Hospital District or Authority,Yes
461310,BLUE MOUNTAIN HOSPITAL,BLANDING,UT,84511,SAN JUAN,192.0,184.0,,349.0,,,,Critical Access Hospitals,Voluntary non-profit - Private,Yes
461333,INTERMOUNTAIN HEALTH GARFIELD MEMORIAL HOSPITAL,PANGUITCH,UT,84759,GARFIELD,99.0,94.0,218.0,171.0,0.0,,low,Critical Access Hospitals,Voluntary non-profit - Other,Yes
461335,BEAVER VALLEY HOSPITAL,BEAVER,UT,84713,BEAVER,124.0,121.0,,208.0,1.0,,low,Critical Access Hospitals,Government - Local,Yes
463301,PRIMARY CHILDREN'S HOSPITAL,SALT LAKE CITY,UT,84113,SALT LAKE,,,,,,,,Childrens,Voluntary non-profit - Private,Yes
470001,CENTRAL VERMONT MEDICAL CENTER,BARRE,VT,5641,WASHINGTON,170.0,168.0,387.0,,2.0,74.0,medium,Acute Care Hospitals,Voluntary non-profit - Private,Yes
470003,UNIV. OF VERMONT - FLETCHER ALLEN HEALTH CARE,BURLINGTON,VT,5401,CHITTENDEN,266.0,259.0,424.0,,3.0,,very high,Acute Care Hospitals,Voluntary non-profit - Other,Yes
470005,RUTLAND REGIONAL MEDICAL CENTER,RUTLAND,VT,5701,RUTLAND,193.0,190.0,517.0,,2.0,71.0,medium,Acute Care Hospitals,Voluntary non-profit - Private,Yes
470011,BRATTLEBORO MEMORIAL HOSPITAL,BRATTLEBORO,VT,5301,WINDHAM,182.0,171.0,814.0,462.0,4.0,50.0,low,Acute Care Hospitals,Voluntary non-profit - Private,Yes
470012,SOUTHWESTERN VERMONT MEDICAL CENTER,BENNINGTON,VT,5201,BENNINGTON,211.0,202.0,411.0,316.0,4.0,,medium,Acute Care Hospitals,Voluntary non-profit - Private,Yes
470024,NORTHWESTERN MEDICAL CENTER INC,SAINT ALBANS,VT,5478,FRANKLIN,179.0,175.0,229.0,284.0,1.0,,medium,Acute Care Hospitals,Voluntary non-profit - Other,Yes
471300,GRACE COTTAGE HOSPITAL,TOWNSHEND,VT,5353,WINDHAM,110.0,107.0,,387.0,1.0,,low,Critical Access Hospitals,Voluntary non-profit - Private,No
471301,GIFFORD MEDICAL CENTER,RANDOLPH,VT,5060,ORANGE,,,,,,,,Critical Access Hospitals,Voluntary non-profit - Private,Yes
471302,MT ASCUTNEY HOSPITAL,WINDSOR,VT,5089,WINDSOR,,,,,,,,Critical Access Hospitals,Voluntary non-profit - Private,Yes
471303,NORTHEASTERN VERMONT REGIONAL HOSPITAL,SAINT JOHNSBURY,VT,5819,CALEDONIA,,,,,,,,Critical Access Hospitals,Voluntary non-profit - Private,Yes
471304,NORTH COUNTRY HOSPITAL AND HEALTH CENTER,NEWPORT,VT,5855,ORLEANS,,,,,,,,Critical Access Hospitals,Voluntary non-profit - Private,Yes
471305,COPLEY HOSPITAL,MORRISVILLE,VT,5661,LAMOILLE,142.0,132.0,255.0,,,,,Critical Access Hospitals,Voluntary non-profit - Private,Yes
471306,SPRINGFIELD HOSPITAL,SPRINGFIELD,VT,5156,WINDSOR,,,,,,,,Critical Access Hospitals,Voluntary non-profit - Private,Yes
471307,PORTER HOSPITAL INC,MIDDLEBURY,VT,5753,ADDISON,176.0,176.0,,,,,,Critical Access Hospitals,Voluntary non-profit - Private,Yes
480001,"ROY LESTER SCHNEIDER HOSPITAL,THE",ST THOMAS,VI,801,SAINT THOMAS ISLAND,,,,,,,,Acute Care Hospitals,Government - Local,Yes
480002,GOV JUAN F LUIS HOSPITAL & MEDICAL CTR,ST CROIX,VI,820,SAINT CROIX ISLAND,,,,,,,,Acute Care Hospitals,Government - State,Yes
490002,RUSSELL COUNTY HOSPITAL,LEBANON,VA,24266,RUSSELL,134.0,130.0,219.0,,1.0,,low,Acute Care Hospitals,Voluntary non-profit - Private,Yes
490004,SENTARA RMH MEDICAL CENTER,HARRISONBURG,VA,22801,HARRISONBURG CITY,176.0,172.0,276.0,301.0,3.0,52.0,very high,Acute Care Hospitals,Voluntary non-profit - Private,Yes
490005,WINCHESTER MEDICAL CENTER,WINCHESTER,VA,22601,WINCHESTER CITY,220.0,218.0,,,3.0,,very high,Acute Care Hospitals,Voluntary non-profit - Private,Yes
490007,SENTARA NORFOLK GENERAL HOSPITAL,NORFOLK,VA,23507,NORFOLK CITY,182.0,183.0,177.0,,4.0,,very high,Acute Care Hospitals,Voluntary non-profit - Other,Yes
490009,UNIVERSITY OF VIRGINIA MEDICAL CENTER,CHARLOTTESVILLE,VA,22908,CHARLOTTESVILLE CITY,287.0,278.0,361.0,446.0,2.0,54.0,very high,Acute Care Hospitals,Government - State,Yes
490013,SENTARA HALIFAX REGIONAL HOSPITAL,SOUTH BOSTON,VA,24592,HALIFAX,164.0,160.0,281.0,346.0,4.0,,medium,Acute Care Hospitals,Voluntary non-profit - Private,Yes
490017,BON SECOURS MARYVIEW MEDICAL CENTER,PORTSMOUTH,VA,23707,PORTSMOUTH CITY,169.0,164.0,276.0,,1.0,96.0,high,Acute Care Hospitals,Voluntary non-profit - Private,Yes
490018,AUGUSTA HEALTH,FISHERSVILLE,VA,22939,AUGUSTA,188.0,187.0,214.0,235.0,2.0,65.0,very high,Acute Care Hospitals,Voluntary non-profit - Private,Yes
490019,UVA HEALTH CULPEPER MEDICAL CENTER,CULPEPER,VA,22701,CULPEPER,163.0,158.0,482.0,,1.0,84.0,medium,Acute Care Hospitals,Voluntary non-profit - Private,Yes
49001F,Fort Belvoir Community Hospital,Fort Belvoir,VA,22060,FAIRFAX,,157.0,,,1.0,,medium,Acute Care - Department of Defense,Department of Defense,Yes
490020,JOHN RANDOLPH MEDICAL CENTER,HOPEWELL,VA,23860,HOPEWELL CITY,139.0,132.0,,349.0,2.0,78.0,very high,Acute Care Hospitals,Proprietary,Yes
490021,CENTRA HEALTH -  LYNCHBURG GEN HOSPITAL,LYNCHBURG,VA,24501,LYNCHBURG CITY,241.0,234.0,394.0,,3.0,45.0,very high,Acute Care Hospitals,Voluntary non-profit - Private,Yes
490022,MARY WASHINGTON HOSPITAL,FREDERICKSBURG,VA,22401,FREDERICKSBURG CITY,179.0,176.0,244.0,,1.0,78.0,very high,Acute Care Hospitals,Voluntary non-profit - Private,Yes
490023,FAUQUIER HOSPITAL,WARRENTON,VA,20186,FAUQUIER,163.0,162.0,,,1.0,,medium,Acute Care Hospitals,Proprietary,Yes
490024,CARILION MEDICAL CENTER,ROANOKE,VA,24014,ROANOKE CITY,276.0,272.0,399.0,,1.0,,very high,Acute Care Hospitals,Voluntary non-profit - Private,Yes
490032,MEDICAL COLLEGE OF VIRGINIA HOSPITALS,RICHMOND,VA,23298,RICHMOND CITY,234.0,234.0,233.0,,1.0,,very high,Acute Care Hospitals,Government - Hospital District or Authority,Yes
490033,WARREN MEMORIAL HOSPITAL,FRONT ROYAL,VA,22630,WARREN,157.0,156.0,202.0,,1.0,,medium,Acute Care Hospitals,Voluntary non-profit - Private,Yes
490037,RIVERSIDE SHORE MEMORIAL HOSPITAL,ONANCOCK,VA,23417,ACCOMACK,146.0,141.0,302.0,272.0,1.0,87.0,medium,Acute Care Hospitals,Voluntary non-profit - Private,Yes
490038,SMYTH COUNTY COMMUNITY HOSPITAL,MARION,VA,24354,SMYTH,142.0,141.0,,,1.0,100.0,low,Acute Care Hospitals,Voluntary non-profit - Private,Yes
490040,INOVA ALEXANDRIA HOSPITAL,ALEXANDRIA,VA,22304,ALEXANDRIA CITY,183.0,176.0,299.0,,1.0,90.0,very high,Acute Care Hospitals,Voluntary non-profit - Private,Yes
490041,MARY IMMACULATE HOSPITAL,NEWPORT NEWS,VA,23602,NEWPORT NEWS CITY,174.0,174.0,,,2.0,,medium,Acute Care Hospitals,Voluntary non-profit - Private,Yes
490042,CARILION NEW RIVER VALLEY MEDICAL CENTER,CHRISTIANSBURG,VA,24073,MONTGOMERY,217.0,211.0,436.0,464.0,1.0,71.0,medium,Acute Care Hospitals,Voluntary non-profit - Private,Yes
490043,INOVA LOUDOUN HOSPITAL,LEESBURG,VA,20176,LOUDOUN,184.0,174.0,245.0,,1.0,76.0,very high,Acute Care Hospitals,Voluntary non-profit - Private,Yes
490044,SENTARA OBICI HOSPITAL,SUFFOLK,VA,23434,SUFFOLK CITY,156.0,153.0,170.0,358.0,2.0,62.0,very high,Acute Care Hospitals,Voluntary non-profit - Other,Yes
490045,UVA HEALTH PRINCE WILLIAM MEDICAL CENTER,MANASSAS,VA,20110,MANASSAS CITY,196.0,193.0,289.0,375.0,1.0,56.0,high,Acute Care Hospitals,Voluntary non-profit - Private,Yes
490046,SENTARA LEIGH HOSPITAL,NORFOLK,VA,23502,NORFOLK CITY,168.0,168.0,141.0,262.0,3.0,67.0,very high,Acute Care Hospitals,Voluntary non-profit - Other,No
490048,LEWISGALE MEDICAL CENTER,SALEM,VA,24153,SALEM CITY,125.0,122.0,372.0,,1.0,,very high,Acute Care Hospitals,Proprietary,Yes
490050,VIRGINIA HOSPITAL CENTER,ARLINGTON,VA,22205,ARLINGTON,242.0,240.0,388.0,,3.0,,very high,Acute Care Hospitals,Voluntary non-profit - Private,Yes
490052,RIVERSIDE REGIONAL MEDICAL CENTER,NEWPORT NEWS,VA,23601,NEWPORT NEWS CITY,250.0,247.0,266.0,345.0,4.0,84.0,very high,Acute Care Hospitals,Voluntary non-profit - Private,Yes
490053,JOHNSTON MEMORIAL HOSPITAL,ABINGDON,VA,24211,WASHINGTON,196.0,192.0,250.0,,1.0,78.0,medium,Acute Care Hospitals,Voluntary non-profit - Private,Yes
490057,SENTARA VIRGINIA BEACH GENERAL HOSPITAL,VIRGINIA BEACH,VA,23454,VIRGINIA BEACH CITY,127.0,125.0,152.0,318.0,3.0,86.0,very high,Acute Care Hospitals,Voluntary non-profit - Other,Yes
490059,BON SECOURS ST MARYS HOSPITAL,RICHMOND,VA,23226,RICHMOND CITY,158.0,154.0,183.0,,1.0,,very high,Acute Care Hospitals,Voluntary non-profit - Private,Yes
490060,CLINCH VALLEY MEDICAL CENTER,RICHLANDS,VA,24641,TAZEWELL,182.0,174.0,240.0,402.0,1.0,,low,Acute Care Hospitals,Proprietary,Yes
490063,INOVA FAIRFAX HOSPITAL,FALLS CHURCH,VA,22042,FAIRFAX,168.0,161.0,320.0,,0.0,42.0,very high,Acute Care Hospitals,Voluntary non-profit - Private,Yes
490066,SENTARA WILLIAMSBURG REGIONAL MEDICAL CENTER,WILLIAMSBURG,VA,23185,JAMES CITY,168.0,165.0,241.0,263.0,3.0,36.0,medium,Acute Care Hospitals,Voluntary non-profit - Private,Yes
490067,BON SECOURS SOUTHSIDE MEDICAL CENTER,PETERSBURG,VA,23805,PETERSBURG CITY,141.0,137.0,135.0,,1.0,86.0,very high,Acute Care Hospitals,Proprietary,Yes
490069,BON SECOURS MEMORIAL REGIONAL MEDICAL CENTER,MECHANICSVILLE,VA,23116,HANOVER,207.0,202.0,306.0,,1.0,73.0,high,Acute Care Hospitals,Voluntary non-profit - Church,Yes
490075,SOVAH HEALTH DANVILLE,DANVILLE,VA,24541,DANVILLE CITY,212.0,202.0,638.0,443.0,3.0,83.0,very high,Acute Care Hospitals,Proprietary,Yes
490077,SENTARA MARTHA JEFFERSON HOSPITAL,CHARLOTTESVILLE,VA,22911,ALBEMARLE,143.0,140.0,262.0,249.0,3.0,50.0,high,Acute Care Hospitals,Voluntary non-profit - Private,Yes
490084,VCU HEALTH TAPPAHANNOCK HOSPITAL,TAPPAHANNOCK,VA,22560,ESSEX,199.0,186.0,580.0,426.0,2.0,,low,Acute Care Hospitals,Voluntary non-profit - Private,Yes
490088,CENTRA BEDFORD MEMORIAL HOSPITAL,BEDFORD,VA,24523,BEDFORD,226.0,216.0,356.0,483.0,5.0,,medium,Acute Care Hospitals,Voluntary non-profit - Private,Yes
490089,CARILION FRANKLIN MEMORIAL HOSPITAL,ROCKY MOUNT,VA,24151,FRANKLIN,195.0,191.0,,326.0,1.0,,medium,Acute Care Hospitals,Voluntary non-profit - Private,Yes
49008F,NMC Portsmouth,Portsmouth,VA,23708,PORTSMOUTH CITY,,193.0,,,3.0,,high,Acute Care - Department of Defense,Department of Defense,Yes
490090,"SOUTHSIDE COMMUNITY HOSPITAL, INC",FARMVILLE,VA,23901,PRINCE EDWARD,196.0,184.0,310.0,384.0,3.0,33.0,medium,Acute Care Hospitals,Voluntary non-profit - Private,Yes
490092,BON SECOURS SOUTHAMPTON MEMORIAL HOSPITAL,FRANKLIN,VA,23851,FRANKLIN CITY,160.0,152.0,192.0,608.0,2.0,,low,Acute Care Hospitals,Voluntary non-profit - Private,Yes
490093,SENTARA CAREPLEX HOSPITAL,HAMPTON,VA,23666,HAMPTON CITY,137.0,134.0,241.0,328.0,4.0,,very high,Acute Care Hospitals,Voluntary non-profit - Private,Yes
490094,BON SECOURS RICHMOND COMMUNITY HOSPITAL,RICHMOND,VA,23223,RICHMOND CITY,113.0,111.0,146.0,,2.0,,medium,Acute Care Hospitals,Voluntary non-profit - Private,Yes
490097,BON SECOURS SOUTHERN VIRGINIA MEDICAL CENTER,EMPORIA,VA,23847,EMPORIA CITY,131.0,119.0,173.0,326.0,1.0,81.0,low,Acute Care Hospitals,Proprietary,Yes
490098,COMMUNITY MEMORIAL HOSPITAL,SOUTH HILL,VA,23970,MECKLENBURG,204.0,185.0,235.0,419.0,3.0,,medium,Acute Care Hospitals,Government - Hospital District or Authority,Yes
490101,INOVA FAIR OAKS HOSPITAL,FAIRFAX,VA,22033,FAIRFAX,172.0,172.0,150.0,321.0,1.0,91.0,high,Acute Care Hospitals,Voluntary non-profit - Other,No
490104,HIRAM W DAVIS MEDICAL CENTER,PETERSBURG,VA,23803,PETERSBURG CITY,,,,,,,,Acute Care Hospitals,Government - State,No
490107,RESTON HOSPITAL CENTER,RESTON,VA,20190,FAIRFAX,134.0,132.0,209.0,,1.0,73.0,high,Acute Care Hospitals,Voluntary non-profit - Private,Yes
490110,LEWISGALE HOSPITAL MONTGOMERY,BLACKSBURG,VA,24060,MONTGOMERY,132.0,124.0,196.0,390.0,0.0,89.0,medium,Acute Care Hospitals,Proprietary,Yes
490111,WYTHE COUNTY COMMUNITY HOSPITAL,WYTHEVILLE,VA,24382,WYTHE,164.0,148.0,304.0,288.0,1.0,,medium,Acute Care Hospitals,Proprietary,Yes
490112,CJW MEDICAL CENTER,RICHMOND,VA,23225,RICHMOND CITY,168.0,167.0,247.0,,1.0,86.0,very high,Acute Care Hospitals,Proprietary,Yes
490113,SENTARA NORTHERN VIRGINIA MEDICAL CENTER,WOODBRIDGE,VA,22191,PRINCE WILLIAM,170.0,166.0,422.0,369.0,5.0,56.0,very high,Acute Care Hospitals,Voluntary non-profit - Private,Yes
490114,LONESOME PINE HOSPITAL,BIG STONE GAP,VA,24219,WISE,135.0,131.0,141.0,299.0,0.0,47.0,low,Acute Care Hospitals,Voluntary non-profit - Private,Yes
490115,TWIN COUNTY REGIONAL HOSPITAL,GALAX,VA,24333,GALAX CITY,216.0,208.0,238.0,521.0,4.0,61.0,low,Acute Care Hospitals,Proprietary,Yes
490116,LEWISGALE HOSPITAL PULASKI,PULASKI,VA,24301,PULASKI,142.0,125.0,218.0,343.0,1.0,92.0,low,Acute Care Hospitals,Proprietary,Yes
490117,CARILION TAZEWELL COMMUNITY HOSPITAL,TAZEWELL,VA,24651,TAZEWELL,146.0,139.0,,378.0,1.0,,low,Acute Care Hospitals,Voluntary non-profit - Other,Yes
490118,HENRICO DOCTORS' HOSPITAL,RICHMOND,VA,23229,HENRICO,150.0,148.0,382.0,,1.0,72.0,very high,Acute Care Hospitals,Voluntary non-profit - Other,Yes
490119,SENTARA PRINCESS ANNE HOSPITAL,VIRGINIA BEACH,VA,23456,VIRGINIA BEACH CITY,168.0,165.0,244.0,358.0,2.0,67.0,very high,Acute Care Hospitals,Voluntary non-profit - Other,No
490120,CHESAPEAKE GENERAL HOSPITAL,CHESAPEAKE,VA,23320,CHESAPEAKE CITY,192.0,187.0,317.0,,3.0,,very high,Acute Care Hospitals,Government - Hospital District or Authority,Yes
490122,INOVA MOUNT VERNON HOSPITAL,ALEXANDRIA,VA,22306,FAIRFAX,156.0,150.0,220.0,291.0,1.0,73.0,high,Acute Care Hospitals,Voluntary non-profit - Private,Yes
490126,LEWISGALE HOSPITAL ALLEGHANY,LOW MOOR,VA,24457,ALLEGHANY,122.0,112.0,172.0,343.0,0.0,,low,Acute Care Hospitals,Proprietary,Yes
490127,BUCHANAN GENERAL HOSPITAL,GRUNDY,VA,24614,BUCHANAN,190.0,175.0,114.0,341.0,1.0,,low,Acute Care Hospitals,Voluntary non-profit - Private,Yes
490130,RIVERSIDE WALTER REED HOSPITAL,GLOUCESTER,VA,23061,GLOUCESTER,140.0,132.0,226.0,380.0,1.0,,medium,Acute Care Hospitals,Voluntary non-profit - Private,Yes
490136,BON SECOURS ST FRANCIS MEDICAL CENTER,MIDLOTHIAN,VA,23114,CHESTERFIELD,132.0,128.0,,,1.0,78.0,very high,Acute Care Hospitals,Voluntary non-profit - Church,Yes
490140,"STAFFORD HOSPITAL, LLC",STAFFORD,VA,22554,STAFFORD,185.0,179.0,289.0,422.0,3.0,,medium,Acute Care Hospitals,Voluntary non-profit - Private,Yes
490141,SPOTSYLVANIA REGIONAL MEDICAL CENTER,FREDERICKSBURG,VA,22408,SPOTSYLVANIA,122.0,120.0,155.0,330.0,1.0,93.0,high,Acute Care Hospitals,Proprietary,Yes
490143,RIVERSIDE DOCTORS' HOSPITAL OF WILLIAMSBURG,WILLIAMSBURG,VA,23185,JAMES CITY,162.0,157.0,265.0,375.0,1.0,,medium,Acute Care Hospitals,Voluntary non-profit - Private,Yes
490144,UVA HEALTH HAYMARKET MEDICAL CENTER,HAYMARKET,VA,20169,PRINCE WILLIAM,206.0,204.0,264.0,428.0,1.0,71.0,medium,Acute Care Hospitals,Voluntary non-profit - Private,Yes
490145,STONESPRINGS HOSPITAL CENTER,DULLES,VA,20166,LOUDOUN,123.0,121.0,136.0,285.0,0.0,,low,Acute Care Hospitals,Proprietary,Yes
490148,BON SECOURS HARBOUR VIEW MEDICAL CENTER,SUFFOLK,VA,23435,SUFFOLK CITY,,,,,,,,Acute Care Hospitals,Voluntary non-profit - Private,Yes
491300,BATH COMMUNITY HOSPITAL,HOT SPRINGS,VA,24445,BATH,,,,,0.0,,low,Critical Access Hospitals,Voluntary non-profit - Private,Yes
491302,CARILION GILES COMMUNITY HOSPITAL,PEARISBURG,VA,24134,GILES,144.0,138.0,191.0,311.0,1.0,,low,Critical Access Hospitals,Voluntary non-profit - Private,Yes
491303,DICKENSON COMMUNITY HOSPITAL,CLINTWOOD,VA,24228,DICKENSON,120.0,109.0,317.0,294.0,1.0,,low,Critical Access Hospitals,Voluntary non-profit - Private,Yes
491304,CARILION STONEWALL JACKSON HOSPITAL,LEXINGTON,VA,24450,LEXINGTON CITY,206.0,198.0,509.0,382.0,1.0,,low,Critical Access Hospitals,Voluntary non-profit - Private,Yes
491305,SHENANDOAH MEMORIAL HOSPITAL,WOODSTOCK,VA,22664,SHENANDOAH,137.0,134.0,,,2.0,,medium,Critical Access Hospitals,Voluntary non-profit - Private,Yes
491307,"PAGE MEMORIAL HOSPITAL, INC",LURAY,VA,22835,PAGE,116.0,113.0,,358.0,1.0,,low,Critical Access Hospitals,Voluntary non-profit - Private,Yes
491308,RAPPAHANNOCK GENERAL HOSPITAL,KILMARNOCK,VA,22482,LANCASTER,149.0,137.0,218.0,295.0,1.0,91.0,low,Critical Access Hospitals,Voluntary non-profit - Private,Yes
491309,LEE COUNTY COMMUNITY HOSPITAL,PENNINGTON GAP,VA,24277,LEE,118.0,109.0,,366.0,0.0,,low,Critical Access Hospitals,Voluntary non-profit - Private,Yes
493300,CUMBERLAND HOSPITAL LLC,NEW KENT,VA,23124,NEW KENT,,,,,,,,Childrens,Proprietary,No
493301,CHILDRENS HOSPITAL OF THE KINGS DAUGHTERS INC,NORFOLK,VA,23507,NORFOLK CITY,,,,,,,,Childrens,Voluntary non-profit - Private,Yes
500002,PROVIDENCE ST MARY MEDICAL CENTER,WALLA WALLA,WA,99362,WALLA WALLA,136.0,134.0,200.0,,2.0,69.0,medium,Acute Care Hospitals,Voluntary non-profit - Private,Yes
500003,SKAGIT VALLEY HOSPITAL,MOUNT VERNON,WA,98274,SKAGIT,194.0,188.0,269.0,,2.0,60.0,medium,Acute Care Hospitals,Government - Hospital District or Authority,Yes
500005,VIRGINIA MASON MEDICAL CENTER,SEATTLE,WA,98101,KING,213.0,206.0,303.0,,3.0,,medium,Acute Care Hospitals,Voluntary non-profit - Private,Yes
500007,ISLAND HOSPITAL,ANACORTES,WA,98221,SKAGIT,212.0,204.0,274.0,399.0,3.0,73.0,low,Acute Care Hospitals,Government - Hospital District or Authority,Yes
500008,UNIVERSITY OF WASHINGTON MEDICAL CTR,SEATTLE,WA,98195,KING,268.0,266.0,328.0,,4.0,62.0,very high,Acute Care Hospitals,Government - State,No
500011,HIGHLINE MEDICAL CENTER,BURIEN,WA,98166,KING,241.0,235.0,415.0,,4.0,,high,Acute Care Hospitals,Voluntary non-profit - Private,Yes
500014,PROVIDENCE REGIONAL MEDICAL CENTER EVERETT,EVERETT,WA,98201,SNOHOMISH,254.0,246.0,366.0,,3.0,60.0,very high,Acute Care Hospitals,Voluntary non-profit - Church,Yes
500015,MULTICARE AUBURN MEDICAL CENTER,AUBURN,WA,98001,KING,222.0,217.0,279.0,,3.0,55.0,high,Acute Care Hospitals,Voluntary non-profit - Private,Yes
500016,CONFLUENCE HEALTH HOSPITAL,WENATCHEE,WA,98807,CHELAN,148.0,143.0,182.0,,2.0,63.0,high,Acute Care Hospitals,Voluntary non-profit - Private,Yes
500019,PROVIDENCE CENTRALIA HOSPITAL,CENTRALIA,WA,98531,LEWIS,207.0,196.0,504.0,506.0,5.0,83.0,medium,Acute Care Hospitals,Voluntary non-profit - Other,Yes
500021,ST CLARE HOSPITAL,LAKEWOOD,WA,98499,PIERCE,164.0,161.0,245.0,,1.0,,medium,Acute Care Hospitals,Voluntary non-profit - Church,Yes
500024,PROVIDENCE ST PETER HOSPITAL,OLYMPIA,WA,98506,THURSTON,214.0,212.0,404.0,,1.0,71.0,high,Acute Care Hospitals,Voluntary non-profit - Private,Yes
500025,SWEDISH MEDICAL CENTER / CHERRY HILL,SEATTLE,WA,98122,KING,197.0,186.0,390.0,453.0,2.0,,medium,Acute Care Hospitals,Voluntary non-profit - Church,Yes
500026,SWEDISH EDMONDS HOSPITAL,EDMONDS,WA,98026,SNOHOMISH,191.0,187.0,278.0,,2.0,86.0,high,Acute Care Hospitals,Voluntary non-profit - Private,Yes
500027,SWEDISH MEDICAL CENTER,SEATTLE,WA,98122,KING,148.0,144.0,226.0,558.0,3.0,83.0,very high,Acute Care Hospitals,Voluntary non-profit - Private,Yes
500030,PEACEHEALTH ST JOSEPH MEDICAL CENTER,BELLINGHAM,WA,98225,WHATCOM,212.0,210.0,329.0,,3.0,51.0,very high,Acute Care Hospitals,Voluntary non-profit - Other,No
500031,GRAYS HARBOR COMMUNITY HOSPITAL,ABERDEEN,WA,98520,GRAYS HARBOR,227.0,216.0,558.0,466.0,2.0,69.0,medium,Acute Care Hospitals,Voluntary non-profit - Private,Yes
500033,SAMARITAN HOSPITAL,MOSES LAKE,WA,98837,GRANT,138.0,135.0,184.0,349.0,2.0,87.0,medium,Acute Care Hospitals,Proprietary,Yes
500036,YAKIMA VALLEY MEMORIAL,YAKIMA,WA,98902,YAKIMA,161.0,161.0,187.0,,5.0,71.0,high,Acute Care Hospitals,Voluntary non-profit - Private,No
500037,ASTRIA TOPPENISH HOSPITAL,TOPPENISH,WA,98948,YAKIMA,152.0,150.0,148.0,444.0,3.0,,low,Acute Care Hospitals,Voluntary non-profit - Private,Yes
500039,ST MICHAEL MEDICAL CENTER,SILVERDALE,WA,98383,KITSAP,206.0,205.0,480.0,,4.0,76.0,very high,Acute Care Hospitals,Voluntary non-profit - Private,No
500041,PEACEHEALTH ST JOHN MEDICAL CENTER,LONGVIEW,WA,98632,COWLITZ,217.0,214.0,286.0,,2.0,73.0,high,Acute Care Hospitals,Voluntary non-profit - Church,Yes
500044,DEACONESS MEDICAL CENTER,SPOKANE,WA,99210,SPOKANE,181.0,180.0,198.0,,2.0,36.0,very high,Acute Care Hospitals,Voluntary non-profit - Private,Yes
500050,PEACEHEALTH SOUTHWEST MEDICAL CENTE,VANCOUVER,WA,98664,CLARK,282.0,275.0,677.0,,3.0,58.0,very high,Acute Care Hospitals,Voluntary non-profit - Private,No
500051,OVERLAKE HOSPITAL MEDICAL CENTER & CLINICS,BELLEVUE,WA,98004,KING,179.0,176.0,290.0,,0.0,43.0,high,Acute Care Hospitals,Voluntary non-profit - Other,Yes
500052,KAISER PERMANENTE CENTRAL HOSPITAL,SEATTLE,WA,98112,KING,,,,,,,,Acute Care Hospitals,Voluntary non-profit - Other,Yes
500053,TRIOS HEALTH,KENNEWICK,WA,99338,BENTON,170.0,167.0,272.0,,5.0,47.0,medium,Acute Care Hospitals,Government - Hospital District or Authority,Yes
500054,PROV SACRED HRT MED CTR & CHILDS HOSP.,SPOKANE,WA,99220,SPOKANE,230.0,216.0,486.0,,6.0,50.0,very high,Acute Care Hospitals,Voluntary non-profit - Church,Yes
500058,KADLEC REGIONAL MEDICAL CENTER,RICHLAND,WA,99352,BENTON,172.0,167.0,,405.0,6.0,85.0,very high,Acute Care Hospitals,Voluntary non-profit - Private,Yes
50005F,Madigan AMC (FT Lewis),Joint Base Lewis-McChord,WA,98431,PIERCE,,179.0,,,3.0,,high,Acute Care - Department of Defense,Department of Defense,Yes
500060,CASCADE VALLEY HOSPITAL,ARLINGTON,WA,98223,SNOHOMISH,176.0,171.0,262.0,422.0,3.0,69.0,medium,Acute Care Hospitals,Government - Hospital District or Authority,Yes
500064,HARBORVIEW MEDICAL CENTER,SEATTLE,WA,98104,KING,312.0,299.0,425.0,,7.0,,very high,Acute Care Hospitals,Government - Local,Yes
500072,OLYMPIC MEDICAL CENTER,PORT ANGELES,WA,98362,CLALLAM,268.0,251.0,373.0,562.0,1.0,82.0,medium,Acute Care Hospitals,Government - Local,Yes
500077,PROVIDENCE HOLY FAMILY HOSPITAL,SPOKANE,WA,99208,SPOKANE,210.0,208.0,232.0,,9.0,12.0,high,Acute Care Hospitals,Voluntary non-profit - Private,Yes
500079,MULTICARE GOOD SAMARITAN HOSPITAL,PUYALLUP,WA,98372,PIERCE,137.0,133.0,324.0,302.0,1.0,52.0,very high,Acute Care Hospitals,Voluntary non-profit - Private,Yes
500084,EVERGREENHEALTH MONROE,MONROE,WA,98272,SNOHOMISH,169.0,166.0,298.0,,2.0,,medium,Acute Care Hospitals,Government - Hospital District or Authority,Yes
500088,VALLEY MEDICAL CENTER,RENTON,WA,98055,KING,200.0,199.0,227.0,,5.0,61.0,very high,Acute Care Hospitals,Government - Hospital District or Authority,Yes
500108,ST JOSEPH MEDICAL CENTER,TACOMA,WA,98405,PIERCE,218.0,211.0,384.0,,1.0,,high,Acute Care Hospitals,Voluntary non-profit - Church,Yes
500119,MULTICARE VALLEY HOSPITAL,SPOKANE VALLEY,WA,99216,SPOKANE,199.0,190.0,273.0,,4.0,25.0,high,Acute Care Hospitals,Voluntary non-profit - Private,Yes
500124,EVERGREENHEALTH MEDICAL CENTER,KIRKLAND,WA,98034,KING,196.0,196.0,230.0,,4.0,,high,Acute Care Hospitals,Government - Hospital District or Authority,Yes
500129,TACOMA GENERAL ALLENMORE HOSPITAL,TACOMA,WA,98405,PIERCE,214.0,208.0,427.0,,2.0,,very high,Acute Care Hospitals,Voluntary non-profit - Private,Yes
500139,CAPITAL MEDICAL CENTER,OLYMPIA,WA,98502,THURSTON,140.0,140.0,106.0,,0.0,,high,Acute Care Hospitals,Voluntary non-profit - Private,Yes
500141,ST FRANCIS COMMUNITY HOSPITAL,FEDERAL WAY,WA,98003,KING,204.0,202.0,428.0,,1.0,54.0,high,Acute Care Hospitals,Voluntary non-profit - Church,Yes
500150,LEGACY SALMON CREEK MEDICAL CENTER,VANCOUVER,WA,98686,CLARK,264.0,260.0,328.0,,1.0,65.0,very high,Acute Care Hospitals,Voluntary non-profit - Private,Yes
500151,ST ANTHONY HOSPITAL,GIG HARBOR,WA,98332,PIERCE,206.0,200.0,378.0,,1.0,64.0,high,Acute Care Hospitals,Voluntary non-profit - Church,Yes
500152,SWEDISH ISSAQUAH,ISSAQUAH,WA,98029,KING,142.0,141.0,215.0,,1.0,,medium,Acute Care Hospitals,Voluntary non-profit - Private,Yes
500154,MULTICARE COVINGTON MEDICAL CENTER,COVINGTON,WA,98042,KING,182.0,177.0,,559.0,1.0,,medium,Acute Care Hospitals,Voluntary non-profit - Private,Yes
501301,GARFIELD COUNTY PUBLIC HOSPITAL DISTRICT #1,POMEROY,WA,99347,GARFIELD,85.0,82.0,,,,,,Critical Access Hospitals,Government - Hospital District or Authority,Yes
501302,DAYTON GENERAL HOSPITAL,DAYTON,WA,99328,COLUMBIA,110.0,105.0,,235.0,1.0,,low,Critical Access Hospitals,Government - Hospital District or Authority,Yes
501303,WILLAPA HARBOR HOSPITAL,SOUTH BEND,WA,98586,PACIFIC,132.0,130.0,,,3.0,,low,Critical Access Hospitals,Government - Hospital District or Authority,Yes
501304,SUMMIT PACIFIC MEDICAL CENTER,ELMA,WA,98541,GRAYS HARBOR,159.0,158.0,,,2.0,,low,Critical Access Hospitals,Government - Hospital District or Authority,Yes
501305,LINCOLN HOSPITAL,DAVENPORT,WA,99122,LINCOLN,,,,,,,,Critical Access Hospitals,Government - Hospital District or Authority,Yes
501307,ODESSA MEMORIAL HEALTHCARE CENTER,ODESSA,WA,99159,LINCOLN,101.0,95.0,103.0,252.0,,,,Critical Access Hospitals,Government - Hospital District or Authority,Yes
501308,COULEE MEDICAL CENTER,GRAND COULEE,WA,99133,GRANT,117.0,112.0,232.0,295.0,,,,Critical Access Hospitals,Government - Hospital District or Authority,Yes
501309,PROVIDENCE ST JOSEPH HOSPITAL,CHEWELAH,WA,99109,STEVENS,129.0,120.0,,375.0,1.0,,low,Critical Access Hospitals,Voluntary non-profit - Church,Yes
501310,NEWPORT COMMUNITY HOSPITAL,NEWPORT,WA,99156,PEND OREILLE,,,,,1.0,,low,Critical Access Hospitals,Government - Hospital District or Authority,Yes
501311,EAST ADAMS RURAL HOSPITAL,RITZVILLE,WA,99169,ADAMS,,,,,0.0,,low,Critical Access Hospitals,Government - Hospital District or Authority,Yes
501312,PROSSER MEMORIAL HOSPITAL,PROSSER,WA,99350,BENTON,112.0,112.0,122.0,,2.0,,medium,Critical Access Hospitals,Government - Hospital District or Authority,Yes
501313,CASCADE MEDICAL CENTER,LEAVENWORTH,WA,98826,CHELAN,,,,,,,,Critical Access Hospitals,Government - Hospital District or Authority,Yes
501314,OCEAN BEACH HOSPITAL,ILWACO,WA,98624,PACIFIC,124.0,121.0,127.0,306.0,1.0,,low,Critical Access Hospitals,Government - Hospital District or Authority,Yes
501315,SKYLINE HOSPITAL,WHITE SALMON,WA,98672,KLICKITAT,,,,,,,,Critical Access Hospitals,Government - Hospital District or Authority,Yes
501316,KLICKITAT VALLEY HOSPITAL,GOLDENDALE,WA,98620,KLICKITAT,107.0,104.0,185.0,285.0,,,,Critical Access Hospitals,Government - Hospital District or Authority,Yes
501317,COLUMBIA BASIN HOSPITAL,EPHRATA,WA,98823,GRANT,134.0,132.0,206.0,,3.0,,low,Critical Access Hospitals,Government - Hospital District or Authority,Yes
501318,OTHELLO COMMUNITY HOSPITAL,OTHELLO,WA,99344,ADAMS,,,,,,,,Critical Access Hospitals,Government - Local,Yes
501319,ARBOR HEALTH MORTON HOSPITAL,MORTON,WA,98356,LEWIS,114.0,110.0,92.0,256.0,2.0,,low,Critical Access Hospitals,Government - Hospital District or Authority,Yes
501320,QUINCY VALLEY MEDICAL CENTER,QUINCY,WA,98848,GRANT,,,,,1.0,,low,Critical Access Hospitals,Government - Hospital District or Authority,Yes
501321,NORTH VALLEY HOSPITAL,TONASKET,WA,98855,OKANOGAN,131.0,127.0,,347.0,1.0,,low,Critical Access Hospitals,Government - Hospital District or Authority,Yes
501322,FERRY COUNTY MEMORIAL HOSPITAL,REPUBLIC,WA,99166,FERRY,,,,,,,,Critical Access Hospitals,Government - Hospital District or Authority,Yes
501323,JEFFERSON HEALTHCARE,PORT TOWNSEND,WA,98368,JEFFERSON,152.0,139.0,260.0,268.0,1.0,87.0,low,Critical Access Hospitals,Government - Hospital District or Authority,Yes
501324,THREE RIVERS HOSPITAL,BREWSTER,WA,98812,OKANOGAN,,,,,,,,Critical Access Hospitals,Government - Hospital District or Authority,Yes
501325,FORKS COMMUNITY HOSPITAL,FORKS,WA,98331,CLALLAM,142.0,136.0,188.0,446.0,1.0,,low,Critical Access Hospitals,Government - Hospital District or Authority,Yes
501326,PROVIDENCE MOUNT CARMEL HOSPITAL,COLVILLE,WA,99114,STEVENS,156.0,150.0,,350.0,1.0,16.0,low,Critical Access Hospitals,Voluntary non-profit - Church,Yes
501327,WHITMAN HOSPITAL AND MEDICAL CENTER,COLFAX,WA,99111,WHITMAN,156.0,156.0,218.0,,0.0,,low,Critical Access Hospitals,Government - Hospital District or Authority,Yes
501328,MID VALLEY HOSPITAL & CLINIC,OMAK,WA,98841,OKANOGAN,220.0,202.0,322.0,349.0,,17.0,,Critical Access Hospitals,Government - Hospital District or Authority,Yes
501329,PEACEHEALTH UNITED GENERAL MEDICAL CENTER,SEDRO WOOLLEY,WA,98284,SKAGIT,148.0,142.0,224.0,498.0,1.0,68.0,low,Critical Access Hospitals,Government - Hospital District or Authority,Yes
501330,ASTRIA SUNNYSIDE HOSPITAL,SUNNYSIDE,WA,98944,YAKIMA,124.0,122.0,152.0,,1.0,,low,Critical Access Hospitals,Voluntary non-profit - Other,Yes
501331,PULLMAN REGIONAL HOSPITAL,PULLMAN,WA,99163,WHITMAN,116.0,115.0,,,1.0,,low,Critical Access Hospitals,Government - Hospital District or Authority,Yes
501332,TRI-STATE MEMORIAL HOSPITAL,CLARKSTON,WA,99403,ASOTIN,150.0,143.0,,460.0,1.0,,low,Critical Access Hospitals,Voluntary non-profit - Private,Yes
501333,KITTITAS VALLEY COMMUNITY HOSPITAL,ELLENSBURG,WA,98926,KITTITAS,132.0,122.0,186.0,347.0,1.0,80.0,low,Critical Access Hospitals,Government - Hospital District or Authority,Yes
501334,LAKE CHELAN COMMUNITY HOSPITAL,CHELAN,WA,98816,CHELAN,123.0,114.0,218.0,326.0,1.0,,low,Critical Access Hospitals,Government - Hospital District or Authority,Yes
501335,ST ELIZABETH HOSPITAL,ENUMCLAW,WA,98022,KING,199.0,193.0,248.0,498.0,2.0,,low,Critical Access Hospitals,Voluntary non-profit - Private,Yes
501336,MASON GENERAL HOSPITAL & FAMILY OF CLINICS,SHELTON,WA,98584,MASON,206.0,200.0,687.0,408.0,6.0,90.0,low,Critical Access Hospitals,Government - Hospital District or Authority,Yes
501337,LOURDES MEDICAL CENTER,PASCO,WA,99301,FRANKLIN,122.0,117.0,229.0,410.0,2.0,,medium,Critical Access Hospitals,Voluntary non-profit - Church,Yes
501338,SNOQUALMIE VALLEY HOSPITAL,SNOQUALMIE,WA,98065,KING,128.0,121.0,210.0,304.0,0.0,,low,Critical Access Hospitals,Government - Hospital District or Authority,Yes
501339,WHIDBEYHEALTH MEDICAL CENTER,COUPEVILLE,WA,98239,ISLAND,,,,,,,,Critical Access Hospitals,Government - Hospital District or Authority,Yes
501340,PEACEHEALTH PEACE ISLAND MEDICAL CENTER,FRIDAY HARBOR,WA,98250,SAN JUAN,108.0,101.0,,272.0,1.0,,low,Critical Access Hospitals,Voluntary non-profit - Private,Yes
503300,SEATTLE CHILDREN'S HOSPITAL,SEATTLE,WA,98105,KING,,,,,,,,Childrens,Voluntary non-profit - Private,Yes
503301,MARY BRIDGE CHILDREN'S HOSPITAL,TACOMA,WA,98415,PIERCE,,,,,,,,Childrens,Voluntary non-profit - Other,Yes
503302,SHRINERS HOSPITAL FOR CHILDREN,SPOKANE,WA,99204,SPOKANE,,,,,,,,Childrens,Voluntary non-profit - Private,No
510001,"WEST VIRGINIA UNIVERSITY HOSPITALS, INC",MORGANTOWN,WV,26506,MONONGALIA,204.0,190.0,336.0,364.0,2.0,,high,Acute Care Hospitals,Voluntary non-profit - Private,Yes
510002,"CAMC GREENBRIER VALLEY MEDICAL CENTER, INC",RONCEVERTE,WV,24970,GREENBRIER,202.0,186.0,362.0,408.0,3.0,,low,Acute Care Hospitals,Proprietary,Yes
510006,"UNITED HOSPITAL CENTER, INC",BRIDGEPORT,WV,26330,HARRISON,216.0,212.0,384.0,263.0,3.0,65.0,high,Acute Care Hospitals,Voluntary non-profit - Private,Yes
510007,ST MARYS MEDICAL CENTER,HUNTINGTON,WV,25702,CABELL,220.0,209.0,418.0,,1.0,64.0,very high,Acute Care Hospitals,Voluntary non-profit - Church,Yes
510008,BERKELEY MEDICAL CENTER,MARTINSBURG,WV,25401,BERKELEY,174.0,167.0,264.0,,2.0,55.0,high,Acute Care Hospitals,Voluntary non-profit - Private,Yes
510012,RIVERS HEALTH,POINT PLEASANT,WV,25550,MASON,109.0,104.0,131.0,263.0,1.0,,low,Acute Care Hospitals,Voluntary non-profit - Private,Yes
510013,"REYNOLDS MEMORIAL HOSPITAL, INC",GLEN DALE,WV,26038,MARSHALL,162.0,162.0,115.0,380.0,,45.0,,Acute Care Hospitals,Voluntary non-profit - Private,Yes
510022,CHARLESTON AREA MEDICAL CENTER,CHARLESTON,WV,25301,KANAWHA,186.0,182.0,244.0,,4.0,43.0,very high,Acute Care Hospitals,Voluntary non-profit - Private,Yes
510023,"WEIRTON MEDICAL CENTER, INC",WEIRTON,WV,26062,HANCOCK,152.0,150.0,167.0,468.0,4.0,81.0,medium,Acute Care Hospitals,Government - Local,Yes
510024,MON HEALTH MEDICAL CENTER,MORGANTOWN,WV,26505,MONONGALIA,188.0,185.0,274.0,,2.0,,medium,Acute Care Hospitals,Voluntary non-profit - Private,Yes
510029,THOMAS MEMORIAL HOSPITAL,SOUTH CHARLESTON,WV,25309,KANAWHA,208.0,205.0,241.0,,6.0,,medium,Acute Care Hospitals,Voluntary non-profit - Private,Yes
510030,DAVIS MEDICAL CENTER,ELKINS,WV,26241,RANDOLPH,164.0,156.0,,274.0,2.0,33.0,medium,Acute Care Hospitals,Voluntary non-profit - Private,Yes
510038,STONEWALL JACKSON MEMORIAL HOSPITAL COMPANY,WESTON,WV,26452,LEWIS,98.0,98.0,,,1.0,,low,Acute Care Hospitals,Voluntary non-profit - Private,Yes
510046,PRINCETON COMMUNITY HOSPITAL ASSN INC,PRINCETON,WV,24740,MERCER,180.0,172.0,396.0,322.0,2.0,75.0,high,Acute Care Hospitals,Government - Local,Yes
510048,LOGAN REGIONAL MEDICAL CENTER,LOGAN,WV,25601,LOGAN,172.0,166.0,,370.0,2.0,,medium,Acute Care Hospitals,Proprietary,Yes
510050,"WHEELING HOSPITAL, INC",WHEELING,WV,26003,OHIO,205.0,203.0,225.0,325.0,1.0,50.0,high,Acute Care Hospitals,Voluntary non-profit - Church,Yes
510055,"CABELL HUNTINGTON HOSPITAL, INC",HUNTINGTON,WV,25701,CABELL,220.0,223.0,186.0,,2.0,,high,Acute Care Hospitals,Voluntary non-profit - Private,Yes
510058,CAMDEN CLARK MEDICAL CENTER,PARKERSBURG,WV,26101,WOOD,230.0,226.0,332.0,,3.0,73.0,high,Acute Care Hospitals,Voluntary non-profit - Private,Yes
510062,BECKLEY ARH HOSPITAL,BECKLEY,WV,25801,RALEIGH,236.0,219.0,458.0,426.0,3.0,,low,Acute Care Hospitals,Voluntary non-profit - Private,Yes
510070,RALEIGH GENERAL HOSPITAL,BECKLEY,WV,25801,RALEIGH,196.0,194.0,,350.0,1.0,55.0,medium,Acute Care Hospitals,Proprietary,Yes
510072,WETZEL COUNTY HOSPITAL,NEW MARTINSVILLE,WV,26155,WETZEL,141.0,133.0,,396.0,1.0,40.0,low,Acute Care Hospitals,Government - Local,Yes
510086,WELCH COMMUNITY HOSPITAL,WELCH,WV,24801,MC DOWELL,219.0,199.0,,350.0,,,,Acute Care Hospitals,Government - State,Yes
510091,CAMC CHARLESTON SURGICAL HOSPITAL,CHARLESTON,WV,25301,KANAWHA,,,,,,,,Acute Care Hospitals,Physician,No
510093,MON HEALTH MARION,WHITEHALL,WV,26554,MARION,87.0,86.0,75.0,264.0,1.0,,low,Acute Care Hospitals,Voluntary non-profit - Private,Yes
510094,WILLIAMSON MEMORIAL INC,WILLIAMSON,WV,25661,MINGO,,,,,,,,Acute Care Hospitals,Voluntary non-profit - Private,No
511300,VANDALIA HEALTH BROADDUS HOSPITAL,PHILIPPI,WV,26416,BARBOUR,117.0,102.0,,319.0,0.0,,low,Critical Access Hospitals,Voluntary non-profit - Private,Yes
511301,WEBSTER MEMORIAL HOSPITAL,WEBSTER SPRINGS,WV,26288,WEBSTER,90.0,78.0,,253.0,0.0,,low,Critical Access Hospitals,Voluntary non-profit - Private,Yes
511303,MINNIE HAMILTON HEALTH SYSTEM,GRANTSVILLE,WV,26147,CALHOUN,84.0,80.0,,305.0,0.0,,low,Critical Access Hospitals,Voluntary non-profit - Private,Yes
511304,SISTERSVILLE GENERAL HOSPITAL,SISTERSVILLE,WV,26175,TYLER,118.0,108.0,,420.0,0.0,,low,Critical Access Hospitals,Proprietary,Yes
511306,ROANE GENERAL HOSPITAL,SPENCER,WV,25276,ROANE,121.0,112.0,,317.0,1.0,,low,Critical Access Hospitals,Voluntary non-profit - Private,Yes
511307,"GRAFTON CITY HOSPITAL, INC",GRAFTON,WV,26354,TAYLOR,74.0,73.0,132.0,,0.0,,low,Critical Access Hospitals,Government - Local,Yes
511308,"BRAXTON COUNTY MEMORIAL HOSPITAL, INC",GASSAWAY,WV,26624,BRAXTON,113.0,102.0,,294.0,,,,Critical Access Hospitals,Voluntary non-profit - Private,Yes
511309,VALLEY HEALTH WAR MEMORIAL HOSPITAL,BERKELEY SPRINGS,WV,25411,MORGAN,107.0,106.0,,239.0,1.0,,low,Critical Access Hospitals,Voluntary non-profit - Private,Yes
511310,SUMMERS COUNTY ARH HOSPITAL,HINTON,WV,25951,SUMMERS,135.0,121.0,,374.0,0.0,,low,Critical Access Hospitals,Voluntary non-profit - Private,Yes
511311,HAMPSHIRE MEMORIAL HOSPITAL,ROMNEY,WV,26757,HAMPSHIRE,98.0,98.0,,,1.0,,low,Critical Access Hospitals,Voluntary non-profit - Private,Yes
511312,PRESTON MEMORIAL HOSPITAL,KINGWOOD,WV,26537,PRESTON,114.0,112.0,175.0,306.0,,,,Critical Access Hospitals,Proprietary,Yes
511313,BOONE MEMORIAL HOSPITAL,MADISON,WV,25130,BOONE,105.0,105.0,,,1.0,17.0,low,Critical Access Hospitals,Government - Local,Yes
511314,POCAHONTAS MEMORIAL HOSPITAL,BUCKEYE,WV,24924,POCAHONTAS,111.0,105.0,,293.0,0.0,,low,Critical Access Hospitals,Government - Local,Yes
511315,POTOMAC VALLEY HOSPITAL,KEYSER,WV,26726,MINERAL,125.0,119.0,126.0,419.0,1.0,,low,Critical Access Hospitals,Voluntary non-profit - Private,Yes
511316,GRANT MEMORIAL HOSPITAL,PETERSBURG,WV,26847,GRANT,117.0,110.0,,344.0,1.0,13.0,low,Critical Access Hospitals,Voluntary non-profit - Other,Yes
511317,"CAMC PLATEAU MEDICAL CENTER, INC",OAK HILL,WV,25901,FAYETTE,168.0,161.0,,436.0,3.0,,low,Critical Access Hospitals,Proprietary,Yes
511318,MONTGOMERY GENERAL HOSPITAL,MONTGOMERY,WV,25136,FAYETTE,101.0,100.0,,,3.0,,low,Critical Access Hospitals,Voluntary non-profit - Other,Yes
511319,JEFFERSON MEDICAL CENTER,RANSON,WV,25438,JEFFERSON,179.0,173.0,199.0,342.0,,33.0,,Critical Access Hospitals,Voluntary non-profit - Private,Yes
511320,JACKSON GENERAL HOSPITAL,RIPLEY,WV,25271,JACKSON,133.0,127.0,,411.0,,,,Critical Access Hospitals,Voluntary non-profit - Private,Yes
511321,"ST JOSEPH'S HOSPITAL OF BUCKHANNON, INC",BUCKHANNON,WV,26201,UPSHUR,151.0,141.0,276.0,277.0,3.0,64.0,medium,Critical Access Hospitals,Voluntary non-profit - Private,Yes
511322,SUMMERSVILLE REGIONAL MEDICAL CENTER,SUMMERSVILLE,WV,26651,NICHOLAS,142.0,136.0,,321.0,,68.0,,Critical Access Hospitals,Voluntary non-profit - Private,Yes
520002,"ASPIRUS STEVENS POINT HOSPITAL & CLINICS, INC.",STEVENS POINT,WI,54481,PORTAGE,152.0,148.0,140.0,316.0,1.0,76.0,low,Acute Care Hospitals,Voluntary non-profit - Church,Yes
520004,MAYO CLINIC HEALTH SYSTEM-FRANCISCAN MEDICAL CENTER INC,LA CROSSE,WI,54601,LA CROSSE,136.0,134.0,193.0,,2.0,73.0,medium,Acute Care Hospitals,Voluntary non-profit - Private,Yes
520008,WAUKESHA MEMORIAL HOSPITAL,WAUKESHA,WI,53188,WAUKESHA,142.0,140.0,153.0,,0.0,78.0,medium,Acute Care Hospitals,Voluntary non-profit - Private,Yes
520009,ASCENSION NE WISCONSIN - ST ELIZABETH CAMPUS,APPLETON,WI,54915,OUTAGAMIE,148.0,143.0,203.0,,,57.0,,Acute Care Hospitals,Voluntary non-profit - Private,Yes
520011,MARSHFIELD MEDICAL CENTER - RICE LAKE,RICE LAKE,WI,54868,BARRON,175.0,168.0,,330.0,2.0,67.0,low,Acute Care Hospitals,Voluntary non-profit - Private,Yes
520019,ASPIRUS RHINELANDER HOSPITAL,RHINELANDER,WI,54501,ONEIDA,172.0,162.0,168.0,338.0,3.0,62.0,low,Acute Care Hospitals,Voluntary non-profit - Private,Yes
520021,FROEDTERT SOUTH INC.,KENOSHA,WI,53143,KENOSHA,171.0,157.0,301.0,,1.0,75.0,high,Acute Care Hospitals,Government - Local,Yes
520028,THE MONROE CLINIC,MONROE,WI,53566,GREEN,148.0,145.0,166.0,242.0,0.0,91.0,high,Acute Care Hospitals,Voluntary non-profit - Private,Yes
520030,ASPIRUS WAUSAU HOSPITAL,WAUSAU,WI,54401,MARATHON,158.0,157.0,155.0,,4.0,83.0,high,Acute Care Hospitals,Proprietary,Yes
520033,ASPIRUS RIVERVIEW HOSPITAL & CLINICS INC,WISCONSIN RAPIDS,WI,54494,WOOD,166.0,162.0,222.0,398.0,4.0,68.0,low,Acute Care Hospitals,Voluntary non-profit - Private,Yes
520034,AURORA MEDICAL CTR MANITOWOC COUNTY,TWO RIVERS,WI,54241,MANITOWOC,118.0,112.0,,294.0,1.0,73.0,low,Acute Care Hospitals,Voluntary non-profit - Private,Yes
520035,AURORA MEDICAL CENTER SHEBOYGAN COUNTY,SHEBOYGAN,WI,53083,SHEBOYGAN,173.0,173.0,210.0,,1.0,,medium,Acute Care Hospitals,Voluntary non-profit - Private,Yes
520037,MARSHFIELD MEDICAL CENTER,MARSHFIELD,WI,54449,WOOD,168.0,166.0,192.0,,0.0,,high,Acute Care Hospitals,Voluntary non-profit - Church,Yes
520038,AURORA MEDICAL CTR WASHINGTON COUNTY,HARTFORD,WI,53027,WASHINGTON,136.0,127.0,184.0,237.0,1.0,,low,Acute Care Hospitals,Voluntary non-profit - Private,Yes
520041,ASPIRUS DIVINE SAVIOR HOSPITAL,PORTAGE,WI,53901,COLUMBIA,160.0,153.0,180.0,308.0,1.0,50.0,low,Acute Care Hospitals,Voluntary non-profit - Private,Yes
520044,ST NICHOLAS HOSPITAL,SHEBOYGAN,WI,53081,SHEBOYGAN,126.0,122.0,211.0,303.0,0.0,64.0,low,Acute Care Hospitals,Voluntary non-profit - Private,Yes
520045,THEDACARE REGIONAL MED CTR - NEENAH,NEENAH,WI,54956,WINNEBAGO,148.0,142.0,200.0,,2.0,,medium,Acute Care Hospitals,Voluntary non-profit - Private,Yes
520049,BELLIN MEMORIAL HOSPITAL,GREEN BAY,WI,54301,BROWN,154.0,151.0,230.0,,2.0,,high,Acute Care Hospitals,Voluntary non-profit - Private,Yes
520051,ASCENSION COLUMBIA ST MARYS HOSPITAL MILWAUKEE,MILWAUKEE,WI,53211,MILWAUKEE,171.0,167.0,242.0,265.0,,,,Acute Care Hospitals,Voluntary non-profit - Church,Yes
520057,SSM HEALTH ST CLARE HOSPITAL - BARABOO,BARABOO,WI,53913,SAUK,121.0,114.0,212.0,307.0,0.0,81.0,medium,Acute Care Hospitals,Voluntary non-profit - Private,Yes
520059,AURORA MEMORIAL HOSPITAL BURLINGTON,BURLINGTON,WI,53105,RACINE,189.0,182.0,294.0,371.0,2.0,,low,Acute Care Hospitals,Voluntary non-profit - Private,Yes
520062,OCONOMOWOC MEMORIAL HOSPITAL,OCONOMOWOC,WI,53066,WAUKESHA,140.0,136.0,160.0,,0.0,,low,Acute Care Hospitals,Voluntary non-profit - Private,Yes
520063,ST JOSEPHS COMMUNITY HOSPITAL WEST BEND,WEST BEND,WI,53095,WASHINGTON,216.0,211.0,366.0,464.0,2.0,100.0,medium,Acute Care Hospitals,Voluntary non-profit - Private,Yes
520066,MERCY HEALTH SYSTEM CORP,JANESVILLE,WI,53547,ROCK,167.0,161.0,305.0,,3.0,52.0,medium,Acute Care Hospitals,Voluntary non-profit - Private,Yes
520070,MAYO CLINIC HEALTH SYSTEM EAU CLAIRE HOSPITAL,EAU CLAIRE,WI,54703,EAU CLAIRE,185.0,178.0,267.0,,2.0,76.0,high,Acute Care Hospitals,Voluntary non-profit - Private,Yes
520071,FORT MEMORIAL HOSPITAL,FORT ATKINSON,WI,53538,JEFFERSON,182.0,171.0,326.0,335.0,1.0,62.0,low,Acute Care Hospitals,Voluntary non-profit - Private,Yes
520075,ST VINCENT HOSPITAL,GREEN BAY,WI,54301,BROWN,133.0,133.0,140.0,,0.0,80.0,medium,Acute Care Hospitals,Voluntary non-profit - Church,Yes
520076,MARSHFIELD MEDICAL CENTER - BEAVER DAM (MMC-BD),BEAVER DAM,WI,53916,DODGE,192.0,183.0,228.0,347.0,0.0,,low,Acute Care Hospitals,Voluntary non-profit - Private,Yes
520078,ASCENSION ST FRANCIS HOSPITAL,MILWAUKEE,WI,53215,MILWAUKEE,138.0,136.0,117.0,,,,,Acute Care Hospitals,Voluntary non-profit - Private,Yes
520083,SSM HEALTH ST MARY'S HOSPITAL - MADISON,MADISON,WI,53715,DANE,193.0,190.0,308.0,,3.0,75.0,medium,Acute Care Hospitals,Voluntary non-profit - Private,Yes
520087,GUNDERSEN LUTHERAN MEDICAL CENTER,LA CROSSE,WI,54601,LA CROSSE,168.0,167.0,176.0,,1.0,72.0,very high,Acute Care Hospitals,Voluntary non-profit - Private,Yes
520088,SSM HEALTH ST AGNES HOSPITAL-FOND DU LAC,FOND DU LAC,WI,54935,FOND DU LAC,154.0,150.0,220.0,,1.0,95.0,medium,Acute Care Hospitals,Voluntary non-profit - Private,Yes
520089,UNITYPOINT HEALTH - MERITER,MADISON,WI,53715,DANE,145.0,142.0,207.0,,2.0,36.0,high,Acute Care Hospitals,Voluntary non-profit - Private,Yes
520091,HOWARD YOUNG MEDICAL CENTER,WOODRUFF,WI,54568,VILAS,173.0,163.0,280.0,334.0,2.0,,low,Acute Care Hospitals,Voluntary non-profit - Church,Yes
520095,SAUK PRAIRIE HOSPITAL,PRAIRIE DU SAC,WI,53578,SAUK,158.0,152.0,178.0,245.0,0.0,64.0,low,Acute Care Hospitals,Voluntary non-profit - Private,Yes
520096,ASCENSION ALL SAINTS HOSPITAL,RACINE,WI,53405,RACINE,148.0,146.0,258.0,,,76.0,,Acute Care Hospitals,Voluntary non-profit - Church,Yes
520097,ST MARYS HOSPITAL MEDICAL CTR,GREEN BAY,WI,54303,BROWN,103.0,102.0,,,0.0,92.0,medium,Acute Care Hospitals,Voluntary non-profit - Other,Yes
520098,UNIVERSITY OF WI  HOSPITALS & CLINICS AUTHORITY,MADISON,WI,53792,DANE,224.0,214.0,385.0,421.0,1.0,72.0,very high,Acute Care Hospitals,Government - Hospital District or Authority,Yes
520100,BELOIT HEALTH SYSTEM,BELOIT,WI,53511,ROCK,136.0,129.0,294.0,,0.0,79.0,medium,Acute Care Hospitals,Voluntary non-profit - Private,Yes
520102,AURORA LAKELAND MEDICAL CENTER,ELKHORN,WI,53121,WALWORTH,146.0,145.0,161.0,,1.0,92.0,low,Acute Care Hospitals,Voluntary non-profit - Private,Yes
520103,COMMUNITY MEMORIAL HOSPITAL,MENOMONEE FALLS,WI,53051,WAUKESHA,222.0,219.0,,394.0,2.0,78.0,medium,Acute Care Hospitals,Voluntary non-profit - Private,Yes
520107,HOLY FAMILY MEMORIAL,MANITOWOC,WI,54221,MANITOWOC,144.0,138.0,188.0,301.0,1.0,,low,Acute Care Hospitals,Voluntary non-profit - Other,Yes
520109,MILE BLUFF MEDICAL CENTER,MAUSTON,WI,53948,JUNEAU,126.0,124.0,234.0,,1.0,,low,Acute Care Hospitals,Proprietary,Yes
520113,AURORA MEDICAL CENTER BAY AREA,MARINETTE,WI,54143,MARINETTE,133.0,129.0,162.0,248.0,0.0,100.0,low,Acute Care Hospitals,Voluntary non-profit - Private,Yes
520116,WATERTOWN MEMORIAL HOSPITAL,WATERTOWN,WI,53098,DODGE,124.0,120.0,160.0,340.0,0.0,67.0,low,Acute Care Hospitals,Voluntary non-profit - Private,Yes
520136,ASCENSION SE WISCONSIN HOSPITAL,MILWAUKEE,WI,53210,MILWAUKEE,126.0,124.0,223.0,,,60.0,,Acute Care Hospitals,Voluntary non-profit - Church,Yes
520138,AURORA ST LUKES MEDICAL CENTER,MILWAUKEE,WI,53215,MILWAUKEE,175.0,172.0,318.0,,6.0,,very high,Acute Care Hospitals,Voluntary non-profit - Private,Yes
520139,WEST ALLIS MEMORIAL HOSPITAL,WEST ALLIS,WI,53227,MILWAUKEE,187.0,182.0,335.0,,3.0,,high,Acute Care Hospitals,Voluntary non-profit - Private,Yes
520160,THEDACARE REGIONAL MEDICAL CENTER - APPLETON INC,APPLETON,WI,54911,OUTAGAMIE,149.0,147.0,244.0,,2.0,88.0,medium,Acute Care Hospitals,Voluntary non-profit - Private,Yes
520177,FROEDTERT MEMORIAL LUTHERAN HOSPITAL,MILWAUKEE,WI,53226,MILWAUKEE,279.0,275.0,345.0,,6.0,,very high,Acute Care Hospitals,Voluntary non-profit - Private,Yes
520189,AURORA MEDICAL CENTER KENOSHA,KENOSHA,WI,53142,KENOSHA,181.0,179.0,257.0,,3.0,92.0,very high,Acute Care Hospitals,Voluntary non-profit - Private,Yes
520193,AURORA BAYCARE MEDICAL CTR,GREEN BAY,WI,54313,BROWN,134.0,133.0,185.0,,1.0,,very high,Acute Care Hospitals,Proprietary,Yes
520194,ORTHOPAEDIC HOSPITAL OF WISCONSIN,GLENDALE,WI,53212,MILWAUKEE,,,,,,,,Acute Care Hospitals,Physician,No
520196,OAKLEAF SURGICAL HOSPITAL,ALTOONA,WI,54720,EAU CLAIRE,,,,,,,,Acute Care Hospitals,Physician,No
520198,AURORA MEDICAL CTR OSHKOSH,OSHKOSH,WI,54904,WINNEBAGO,125.0,122.0,240.0,250.0,0.0,76.0,medium,Acute Care Hospitals,Voluntary non-profit - Private,Yes
520202,MARSHFIELD MEDICAL CENTER - WESTON,WESTON,WI,54476,MARATHON,145.0,143.0,162.0,,2.0,82.0,low,Acute Care Hospitals,Voluntary non-profit - Private,Yes
520205,MIDWEST ORTHOPEDIC SPECIALTY HOSPITAL,FRANKLIN,WI,53132,MILWAUKEE,,,,,,,,Acute Care Hospitals,Physician,No
520206,AURORA MEDICAL CENTER - SUMMIT,SUMMIT,WI,53066,WAUKESHA,142.0,142.0,143.0,,0.0,,medium,Acute Care Hospitals,Voluntary non-profit - Private,Yes
520207,AURORA MEDICAL CENTER,GRAFTON,WI,53024,OZAUKEE,188.0,188.0,262.0,,2.0,83.0,medium,Acute Care Hospitals,Voluntary non-profit - Private,Yes
520208,SSM HEALTH ST MARY'S HOSPITAL - JANESVILLE,JANESVILLE,WI,53546,ROCK,143.0,138.0,254.0,345.0,0.0,,medium,Acute Care Hospitals,Voluntary non-profit - Other,Yes
520210,MARSHFIELD MEDICAL CENTER - EAU CLAIRE,EAU CLAIRE,WI,54701,EAU CLAIRE,201.0,192.0,287.0,402.0,5.0,,low,Acute Care Hospitals,Voluntary non-profit - Private,Yes
520212,MARSHFIELD MEDICAL CENTER - MINOCQUA,MINOCQUA,WI,54548,ONEIDA,180.0,174.0,158.0,451.0,1.0,,medium,Acute Care Hospitals,Voluntary non-profit - Private,Yes
520213,FROEDTERT COMMUNITY HOSPITAL,NEW BERLIN,WI,53151,WAUKESHA,132.0,125.0,,256.0,1.0,,medium,Acute Care Hospitals,Voluntary non-profit - Private,Yes
520214,ASCENSION WISCONSIN HOSP MENOMONEE FALLS CAMPUS,MENOMONEE FALLS,WI,53051,WAUKESHA,79.0,75.0,122.0,291.0,,,,Acute Care Hospitals,Proprietary,Yes
521300,ASPIRUS EAGLE RIVER HOSPITAL,EAGLE RIVER,WI,54521,VILAS,100.0,89.0,,349.0,1.0,,low,Critical Access Hospitals,Voluntary non-profit - Private,Yes
521302,MAYO CLINIC HEALTH SYSTEM OAKRIDGE,OSSEO,WI,54758,TREMPEALEAU,147.0,136.0,203.0,341.0,0.0,,low,Critical Access Hospitals,Voluntary non-profit - Other,Yes
521303,THEDACARE MEDICAL CENTER - WILD ROSE,WILD ROSE,WI,54984,WAUSHARA,130.0,121.0,192.0,269.0,1.0,,low,Critical Access Hospitals,Voluntary non-profit - Private,Yes
521304,GUNDERSEN ST JOSEPHS HOSPITAL AND CLINICS,HILLSBORO,WI,54634,VERNON,132.0,121.0,,291.0,0.0,,low,Critical Access Hospitals,Voluntary non-profit - Private,Yes
521305,MAYO CLINIC HLTH SYSTM FRANCISCAN HLTHCARE SPARTA,SPARTA,WI,54656,MONROE,80.0,77.0,139.0,190.0,1.0,,low,Critical Access Hospitals,Voluntary non-profit - Church,Yes
521307,CHIPPEWA VALLEY HOSPITAL,DURAND,WI,54736,PEPIN,79.0,78.0,,273.0,0.0,,low,Critical Access Hospitals,Voluntary non-profit - Church,Yes
521308,AMERY HOSPITAL & CLINIC,AMERY,WI,54001,POLK,129.0,120.0,131.0,312.0,0.0,,low,Critical Access Hospitals,Voluntary non-profit - Private,Yes
521309,GUNDERSEN MOUNDVIEW HOSPITAL AND CLINICS,FRIENDSHIP,WI,53934,ADAMS,78.0,73.0,180.0,215.0,1.0,,low,Critical Access Hospitals,Voluntary non-profit - Private,Yes
521310,HSHS ST CLARE MEMORIAL HOSPITAL,OCONTO FALLS,WI,54154,OCONTO,105.0,97.0,135.0,230.0,0.0,,low,Critical Access Hospitals,Voluntary non-profit - Private,Yes
521311,ASPIRUS STANLEY HOSPITAL,STANLEY,WI,54768,CHIPPEWA,176.0,163.0,206.0,407.0,0.0,,low,Critical Access Hospitals,Voluntary non-profit - Private,Yes
521312,LAFAYETTE HOSPITAL AND CLINICS,DARLINGTON,WI,53530,LAFAYETTE,119.0,106.0,,223.0,0.0,,low,Critical Access Hospitals,Voluntary non-profit - Other,Yes
521313,ASPIRUS TOMAHAWK HOSPITAL,TOMAHAWK,WI,54487,LINCOLN,128.0,121.0,192.0,305.0,3.0,,low,Critical Access Hospitals,Voluntary non-profit - Private,Yes
521314,MAYO CLINIC HEALTH SYSTEM CHIPPEWA VALLEY,BLOOMER,WI,54724,CHIPPEWA,156.0,142.0,158.0,332.0,2.0,,low,Critical Access Hospitals,Voluntary non-profit - Private,Yes
521315,MAYO CLINIC HEALTH SYSTEM-NORTHLAND,BARRON,WI,54812,BARRON,118.0,109.0,392.0,332.0,1.0,,low,Critical Access Hospitals,Voluntary non-profit - Private,Yes
521316,GUNDERSEN TRI-COUNTY HOSPITAL & CLINICS,WHITEHALL,WI,54773,TREMPEALEAU,131.0,120.0,314.0,226.0,0.0,,low,Critical Access Hospitals,Voluntary non-profit - Private,Yes
521317,ASCENSION CALUMET HOSPITAL,CHILTON,WI,53014,CALUMET,92.0,86.0,160.0,264.0,,,,Critical Access Hospitals,Voluntary non-profit - Private,Yes
521318,LADD MEMORIAL HOSPITAL,OSCEOLA,WI,54020,POLK,,,,,,,,Critical Access Hospitals,Voluntary non-profit - Private,Yes
521319,EDGERTON HOSPITAL AND HEALTH SERVICES,EDGERTON,WI,53534,ROCK,72.0,71.0,190.0,254.0,,,,Critical Access Hospitals,Voluntary non-profit - Private,Yes
521320,TOMAH MEMORIAL HOSPITAL,TOMAH,WI,54660,MONROE,113.0,109.0,195.0,292.0,,,,Critical Access Hospitals,Voluntary non-profit - Private,Yes
521321,RIPON MEDICAL CENTER,RIPON,WI,54971,FOND DU LAC,151.0,146.0,173.0,288.0,1.0,,low,Critical Access Hospitals,Voluntary non-profit - Private,Yes
521322,GRANT REGIONAL HEALTH CENTER,LANCASTER,WI,53813,GRANT,154.0,148.0,258.0,290.0,0.0,,low,Critical Access Hospitals,Voluntary non-profit - Private,Yes
521323,MARSHFIELD MEDICAL CENTER - NEILLSVILLE,NEILLSVILLE,WI,54456,CLARK,123.0,112.0,126.0,284.0,0.0,,low,Critical Access Hospitals,Voluntary non-profit - Private,Yes
521324,"ASPIRUS MEDFORD HOSPITAL & CLINICS, INC",MEDFORD,WI,54451,TAYLOR,159.0,154.0,270.0,311.0,0.0,,low,Critical Access Hospitals,Voluntary non-profit - Private,Yes
521325,FLAMBEAU HOSPITAL,PARK FALLS,WI,54552,PRICE,112.0,102.0,184.0,364.0,1.0,,low,Critical Access Hospitals,Voluntary non-profit - Private,Yes
521326,THEDACARE MEDICAL CENTER - NEW LONDON,NEW LONDON,WI,54961,WAUPACA,87.0,83.0,95.0,273.0,0.0,,low,Critical Access Hospitals,Voluntary non-profit - Private,Yes
521327,WAUPUN MEMORIAL HOSPITAL,WAUPUN,WI,53963,FOND DU LAC,146.0,139.0,201.0,291.0,0.0,,low,Critical Access Hospitals,Voluntary non-profit - Private,Yes
521328,MARSHFIELD MEDICAL CENTER - LADYSMITH,LADYSMITH,WI,54848,RUSK,90.0,83.0,160.0,434.0,1.0,,low,Critical Access Hospitals,Government - Hospital District or Authority,Yes
521329,ST MARYS HOSPITAL SUPERIOR,SUPERIOR,WI,54880,DOUGLAS,132.0,124.0,125.0,305.0,1.0,,low,Critical Access Hospitals,Voluntary non-profit - Private,Yes
521330,CROSSING RIVERS HEALTH MEDICAL CENTER,PRAIRIE DU CHIEN,WI,53821,CRAWFORD,170.0,162.0,198.0,362.0,0.0,,low,Critical Access Hospitals,Voluntary non-profit - Private,Yes
521331,BURNETT MEDICAL CENTER,GRANTSBURG,WI,54840,BURNETT,,,,,,,,Critical Access Hospitals,Voluntary non-profit - Private,Yes
521332,SPOONER HEALTH SYSTEM,SPOONER,WI,54801,WASHBURN,115.0,109.0,285.0,356.0,1.0,,low,Critical Access Hospitals,Voluntary non-profit - Private,Yes
521333,BLACK RIVER MEMORIAL HOSPITAL,BLACK RIVER FALLS,WI,54615,JACKSON,109.0,102.0,311.0,304.0,0.0,,low,Critical Access Hospitals,Voluntary non-profit - Private,Yes
521334,THEDACARE MEDICAL CENTER-WAUPACA,WAUPACA,WI,54981,WAUPACA,134.0,120.0,,254.0,1.0,,low,Critical Access Hospitals,Voluntary non-profit - Private,Yes
521335,HUDSON HOSPITAL,HUDSON,WI,54016,ST. CROIX,125.0,117.0,170.0,248.0,0.0,82.0,low,Critical Access Hospitals,Voluntary non-profit - Private,Yes
521336,TAMARACK HEALTH HAYWARD MEDICAL CENTER,HAYWARD,WI,54843,SAWYER,163.0,152.0,233.0,277.0,1.0,46.0,low,Critical Access Hospitals,Voluntary non-profit - Private,Yes
521337,ST CROIX REGIONAL MEDICAL CENTER,SAINT CROIX FALLS,WI,54024,POLK,154.0,144.0,269.0,299.0,1.0,,low,Critical Access Hospitals,Voluntary non-profit - Private,Yes
521338,COLUMBUS COMMUNITY HOSPITAL,COLUMBUS,WI,53925,COLUMBIA,143.0,138.0,224.0,236.0,,,,Critical Access Hospitals,Voluntary non-profit - Private,Yes
521339,ASPIRUS MERRILL HOSPITAL,MERRILL,WI,54452,LINCOLN,132.0,123.0,254.0,353.0,1.0,,low,Critical Access Hospitals,Voluntary non-profit - Church,Yes
521340,MAYO CLINIC HEALTH SYSTEM-RED CEDAR INC,MENOMONIE,WI,54751,DUNN,147.0,133.0,166.0,362.0,1.0,69.0,low,Critical Access Hospitals,Voluntary non-profit - Private,Yes
521341,RICHLAND HOSPITAL,RICHLAND CENTER,WI,53581,RICHLAND,105.0,100.0,198.0,243.0,,,,Critical Access Hospitals,Voluntary non-profit - Private,Yes
521342,INDIANHEAD MEDICAL CTR,SHELL LAKE,WI,54871,WASHBURN,125.0,115.0,315.0,368.0,0.0,,low,Critical Access Hospitals,Proprietary,Yes
521343,STOUGHTON HOSPITAL,STOUGHTON,WI,53589,DANE,158.0,154.0,158.0,300.0,0.0,,low,Critical Access Hospitals,Voluntary non-profit - Private,Yes
521344,GUNDERSEN BOSCOBEL AREA HOSPITAL AND CLINICS,BOSCOBEL,WI,53805,GRANT,128.0,116.0,,304.0,0.0,,low,Critical Access Hospitals,Voluntary non-profit - Private,Yes
521345,WESTFIELDS HOSPITAL AND CLINIC,NEW RICHMOND,WI,54017,ST. CROIX,112.0,108.0,124.0,262.0,0.0,,low,Critical Access Hospitals,Voluntary non-profit - Private,Yes
521346,THEDACARE MEDICAL CENTER - SHAWANO,SHAWANO,WI,54166,SHAWANO,117.0,108.0,138.0,246.0,1.0,,medium,Critical Access Hospitals,Voluntary non-profit - Private,Yes
521347,WESTERN WISCONSIN HEALTH,BALDWIN,WI,54002,ST. CROIX,115.0,111.0,122.0,238.0,0.0,,low,Critical Access Hospitals,Voluntary non-profit - Private,Yes
521348,VERNON MEMORIAL HOSPITAL,VIROQUA,WI,54665,VERNON,149.0,138.0,221.0,302.0,1.0,,low,Critical Access Hospitals,Voluntary non-profit - Private,Yes
521349,RIVER FALLS AREA HOSPITAL,RIVER FALLS,WI,54022,PIERCE,99.0,96.0,139.0,361.0,0.0,,low,Critical Access Hospitals,Voluntary non-profit - Private,Yes
521350,LANGLADE HOSPITAL,ANTIGO,WI,54409,LANGLADE,159.0,148.0,188.0,377.0,2.0,64.0,low,Critical Access Hospitals,Voluntary non-profit - Church,Yes
521351,REEDSBURG AREA MEDICAL CENTER,REEDSBURG,WI,53959,SAUK,146.0,137.0,204.0,228.0,0.0,,low,Critical Access Hospitals,Voluntary non-profit - Private,Yes
521352,UPLAND HILLS HEALTH,DODGEVILLE,WI,53533,IOWA,124.0,113.0,185.0,260.0,0.0,,low,Critical Access Hospitals,Voluntary non-profit - Private,Yes
521353,CUMBERLAND MEMORIAL HOSPITAL,CUMBERLAND,WI,54829,BARRON,120.0,119.0,,,0.0,,low,Critical Access Hospitals,Voluntary non-profit - Other,Yes
521354,SOUTHWEST HEALTH CENTER,PLATTEVILLE,WI,53818,GRANT,120.0,116.0,175.0,295.0,0.0,,low,Critical Access Hospitals,Voluntary non-profit - Private,Yes
521355,THEDACARE MEDICAL CENTER - BERLIN INC,BERLIN,WI,54923,GREEN LAKE,113.0,110.0,140.0,194.0,1.0,,low,Critical Access Hospitals,Voluntary non-profit - Private,Yes
521356,BELLIN HEALTH OCONTO HOSPITAL,OCONTO,WI,54153,OCONTO,97.0,87.0,118.0,177.0,0.0,,low,Critical Access Hospitals,Voluntary non-profit - Private,Yes
521357,MERCY WALWORTH HOSPITAL & MEDICAL CENTER,LAKE GENEVA,WI,53147,WALWORTH,136.0,126.0,254.0,380.0,0.0,47.0,low,Critical Access Hospitals,Voluntary non-profit - Private,Yes
521358,DOOR COUNTY MEDICAL CENTER,STURGEON BAY,WI,54235,DOOR,152.0,144.0,283.0,334.0,0.0,,low,Critical Access Hospitals,Voluntary non-profit - Private,Yes
521359,TAMARACK HEALTH ASHLAND MEDICAL CENTER,ASHLAND,WI,54806,ASHLAND,131.0,124.0,173.0,391.0,1.0,85.0,medium,Critical Access Hospitals,Voluntary non-profit - Private,Yes
523300,CHILDRENS HOSPITAL OF WISCONSIN,MILWAUKEE,WI,53226,MILWAUKEE,,,,,,,,Childrens,Voluntary non-profit - Other,Yes
523302,CHILDRENS HOSPITAL OF WISCONSIN FOX VALLEY,NEENAH,WI,54956,WINNEBAGO,,,,,,,,Childrens,Voluntary non-profit - Other,Yes
530002,CAMPBELL COUNTY HEALTH,GILLETTE,WY,82716,CAMPBELL,182.0,180.0,242.0,321.0,1.0,38.0,medium,Acute Care Hospitals,Government - Hospital District or Authority,Yes
530006,SHERIDAN MEMORIAL HOSPITAL,SHERIDAN,WY,82801,SHERIDAN,118.0,114.0,124.0,210.0,0.0,,low,Acute Care Hospitals,Government - Local,Yes
530008,SAGEWEST HEALTH CARE,RIVERTON,WY,82501,FREMONT,152.0,145.0,218.0,241.0,2.0,85.0,low,Acute Care Hospitals,Proprietary,Yes
530012,BANNER WYOMING MEDICAL CENTER,CASPER,WY,82601,NATRONA,193.0,190.0,277.0,,2.0,,medium,Acute Care Hospitals,Government - Local,Yes
530014,CHEYENNE REGIONAL MEDICAL CENTER,CHEYENNE,WY,82001,LARAMIE,195.0,191.0,608.0,,1.0,83.0,medium,Acute Care Hospitals,Voluntary non-profit - Other,Yes
530015,ST JOHNS MEDICAL CENTER,JACKSON,WY,83001,TETON,111.0,109.0,132.0,,0.0,,low,Acute Care Hospitals,Government - Hospital District or Authority,Yes
530025,IVINSON MEMORIAL HOSPITAL,LARAMIE,WY,82072,ALBANY,151.0,142.0,251.0,261.0,0.0,62.0,low,Acute Care Hospitals,Government - Hospital District or Authority,Yes
530034,SUMMIT MEDICAL CENTER,CASPER,WY,82609,NATRONA,,,,,,,,Acute Care Hospitals,Physician,No
530038,SUBLETTE COUNTY HEALTH,PINEDALE,WY,82941,SUBLETTE,,,,,,,,Acute Care Hospitals,Government - Hospital District or Authority,Yes
531301,SOUTH BIG HORN COUNTY HOSPITAL,BASIN,WY,82410,BIG HORN,80.0,80.0,,,0.0,,low,Critical Access Hospitals,Government - Hospital District or Authority,Yes
531302,MEMORIAL HOSPITAL OF CONVERSE COUNTY,DOUGLAS,WY,82633,CONVERSE,120.0,114.0,274.0,178.0,1.0,,low,Critical Access Hospitals,Government - Local,Yes
531303,WESTON COUNTY HEALTH SERVICES,NEWCASTLE,WY,82701,WESTON,184.0,,,184.0,0.0,,low,Critical Access Hospitals,Government - Hospital District or Authority,Yes
531304,HOT SPRINGS COUNTY MEMORIAL HOSPITAL,THERMOPOLIS,WY,82443,HOT SPRINGS,152.0,148.0,180.0,327.0,0.0,,low,Critical Access Hospitals,Government - Hospital District or Authority,Yes
531305,PLATTE COUNTY HOSPITAL,WHEATLAND,WY,82201,PLATTE,129.0,123.0,145.0,284.0,1.0,,low,Critical Access Hospitals,Government - Local,Yes
531306,WASHAKIE MEDICAL CENTER,WORLAND,WY,82401,WASHAKIE,123.0,120.0,,206.0,0.0,,low,Critical Access Hospitals,Government - Local,Yes
531307,COMMUNITY HOSPITAL,TORRINGTON,WY,82240,GOSHEN,127.0,120.0,185.0,242.0,0.0,,low,Critical Access Hospitals,Voluntary non-profit - Private,Yes
531308,JOHNSON COUNTY HEALTHCARE CENTER,BUFFALO,WY,82834,JOHNSON,,,,,,,,Critical Access Hospitals,Government - Hospital District or Authority,No
531309,NORTH BIG HORN HOSPITAL DISTRICT,LOVELL,WY,82431,BIG HORN,58.0,58.0,,,0.0,,low,Critical Access Hospitals,Government - Hospital District or Authority,Yes
531310,POWELL VALLEY HOSPITAL,POWELL,WY,82435,PARK,86.0,83.0,164.0,217.0,0.0,,low,Critical Access Hospitals,Government - Hospital District or Authority,Yes
531311,CROOK COUNTY HOSPITAL,SUNDANCE,WY,82729,CROOK,133.0,130.0,,158.0,,,,Critical Access Hospitals,Government - Hospital District or Authority,Yes
531312,CODY REGIONAL HEALTH,CODY,WY,82414,PARK,142.0,138.0,156.0,230.0,,,,Critical Access Hospitals,Government - Hospital District or Authority,Yes
531313,STAR VALLEY MEDICAL CENTER,AFTON,WY,83110,LINCOLN,112.0,111.0,,,,,,Critical Access Hospitals,Government - Hospital District or Authority,Yes
531314,NIOBRARA COUNTY HOSPITAL DISTRICT,LUSK,WY,82225,NIOBRARA,,,,,,,,Critical Access Hospitals,Government - Hospital District or Authority,Yes
531315,SOUTH LINCOLN MEDICAL CENTER - CAH,KEMMERER,WY,83101,LINCOLN,129.0,111.0,160.0,226.0,0.0,,low,Critical Access Hospitals,Government - Hospital District or Authority,No
531316,MEMORIAL HOSPITAL OF CARBON COUNTY,RAWLINS,WY,82301,CARBON,111.0,103.0,276.0,291.0,0.0,,low,Critical Access Hospitals,Government - Local,Yes
531317,NORTH PLATTE VALLEY MEDICAL CENTER,SARATOGA,WY,82331,CARBON,,,,,,,,Critical Access Hospitals,Voluntary non-profit - Private,Yes
531318,MEMORIAL HOSPITAL SWEETWATER COUNTY,ROCK SPRINGS,WY,82901,SWEETWATER,158.0,150.0,272.0,376.0,1.0,,low,Critical Access Hospitals,Government - Hospital District or Authority,Yes
531319,EVANSTON REGIONAL HOSPITAL,EVANSTON,WY,82930,UINTA,120.0,110.0,161.0,210.0,0.0,,low,Critical Access Hospitals,Proprietary,Yes
640001,LBJ TROPICAL MEDICAL CENTER,PAGO PAGO,AS,96799,EASTERN DISTRICT,,,,,,,,Acute Care Hospitals,Government - Hospital District or Authority,Yes
650001,GUAM MEMORIAL  HOSPITAL AUTHORITY,TAMUNING,GU,96913,GUAM,155.0,156.0,154.0,,,,,Acute Care Hospitals,Government - Local,Yes
650003,GUAM REGIONAL MEDICAL CITY,DEDEDO,GU,96929,GUAM,,,,,,,,Acute Care Hospitals,Proprietary,Yes
660001,COMMONWEALTH HEALTH CENTER,GARAPAN,MP,96950,SAIPAN,,,,,,,,Acute Care Hospitals,Government - State,Yes
670005,MEMORIAL HERMANN SURGICAL HOSPITAL KINGWOOD,KINGWOOD,TX,77339,HARRIS,,,,,,,,Acute Care Hospitals,Proprietary,Yes
670006,THE HOSPITAL AT WESTLAKE MEDICAL CENTER,AUSTIN,TX,78746,TRAVIS,,,,,0.0,,low,Acute Care Hospitals,Physician,Yes
670008,MEMORIAL HERMANN HOUSTON PHYSICIANS HOSPITAL,WEBSTER,TX,77598,HARRIS,174.0,170.0,,212.0,1.0,,low,Acute Care Hospitals,Physician,Yes
670010,MAYHILL HOSPITAL,DENTON,TX,76208,DENTON,,,,,,,,Acute Care Hospitals,Proprietary,No
670023,METHODIST MANSFIELD MEDICAL CENTER,MANSFIELD,TX,76063,TARRANT,213.0,212.0,,,2.0,64.0,very high,Acute Care Hospitals,Voluntary non-profit - Private,Yes
670025,BAYLOR SCOTT & WHITE THE HEART HOSPITAL PLANO,PLANO,TX,75093,COLLIN,162.0,160.0,,289.0,1.0,,low,Acute Care Hospitals,Physician,Yes
670031,ST LUKE'S PATIENTS MEDICAL CENTER,PASADENA,TX,77505,HARRIS,147.0,146.0,,,0.0,,low,Acute Care Hospitals,Proprietary,Yes
670034,BAYLOR SCOTT & WHITE MEDICAL CENTER - ROUND ROCK,ROUND ROCK,TX,78664,WILLIAMSON,195.0,195.0,,,3.0,52.0,high,Acute Care Hospitals,Voluntary non-profit - Private,Yes
670041,ASCENSION SETON WILLIAMSON,ROUND ROCK,TX,78664,WILLIAMSON,180.0,179.0,182.0,,,,,Acute Care Hospitals,Voluntary non-profit - Private,Yes
670043,ASCENSION SETON CEDAR PARK,CEDAR PARK,TX,78613,WILLIAMSON,145.0,142.0,247.0,,1.0,75.0,medium,Acute Care Hospitals,Voluntary non-profit - Private,Yes
670044,TEXAS HEALTH PRESBYTERIAN HOSPITAL ROCKWALL,ROCKWALL,TX,75032,ROCKWALL,189.0,185.0,,224.0,2.0,76.0,medium,Acute Care Hospitals,Proprietary,Yes
670047,THE HOSPITALS OF PROVIDENCE - EAST CAMPUS,EL PASO,TX,79938,EL PASO,159.0,158.0,182.0,,1.0,,very high,Acute Care Hospitals,Proprietary,Yes
670049,NORTH CENTRAL SURGICAL CENTER LLP,DALLAS,TX,75231,DALLAS,111.0,108.0,,313.0,1.0,,low,Acute Care Hospitals,Voluntary non-profit - Other,Yes
670053,ST LUKE'S SUGAR LAND HOSPITAL,SUGAR LAND,TX,77478,FORT BEND,167.0,161.0,514.0,,0.0,,low,Acute Care Hospitals,Voluntary non-profit - Private,Yes
670054,FOUNDATION SURGICAL HOSPITAL OF SAN ANTONIO,SAN ANTONIO,TX,78240,BEXAR,,,,,,,low,Acute Care Hospitals,Proprietary,Yes
670055,METHODIST HOSPITAL  STONE OAK,SAN ANTONIO,TX,78258,BEXAR,169.0,166.0,487.0,301.0,0.0,,medium,Acute Care Hospitals,Proprietary,Yes
670056,ASCENSION  SETON HAYS,KYLE,TX,78640,HAYS,168.0,163.0,,336.0,,47.0,,Acute Care Hospitals,Voluntary non-profit - Private,Yes
670059,CHI ST LUKES LAKESIDE HOSPITAL,THE WOODLANDS,TX,77384,MONTGOMERY,138.0,129.0,,244.0,0.0,,low,Acute Care Hospitals,Voluntary non-profit - Other,Yes
670060,BAYLOR SCOTT AND WHITE MEDICAL CENTER SUNNYVALE,SUNNYVALE,TX,75182,DALLAS,229.0,228.0,,,2.0,67.0,medium,Acute Care Hospitals,Proprietary,Yes
670062,BAYLOR SCOTT & WHITE EMERGENCY HOSPITAL,AUBREY,TX,76227,DENTON,94.0,90.0,,330.0,2.0,69.0,high,Acute Care Hospitals,Proprietary,Yes
670067,BAYLOR SCOTT AND WHITE ORTHOPEDIC AND SPINE HOSPI,ARLINGTON,TX,76015,TARRANT,131.0,130.0,,,0.0,,low,Acute Care Hospitals,Proprietary,Yes
670068,TEXAS HEALTH PRESBYTERIAN HOSPITAL FLOWER MOUND,FLOWER MOUND,TX,75028,DENTON,151.0,148.0,,278.0,1.0,86.0,medium,Acute Care Hospitals,Proprietary,Yes
670069,METHODIST MCKINNEY HOSPITAL,MCKINNEY,TX,75070,COLLIN,93.0,92.0,,,0.0,,low,Acute Care Hospitals,Physician,Yes
670071,TEXAS HEALTH HEART & VASCULAR HOSPITAL ARLINGTON,ARLINGTON,TX,76012,TARRANT,,,,,,,,Acute Care Hospitals,Physician,No
670073,METHODIST HOSPITAL FOR SURGERY,ADDISON,TX,75001,DALLAS,122.0,121.0,,,0.0,,low,Acute Care Hospitals,Proprietary,Yes
670075,ST LUKE'S HOSPITAL AT THE VINTAGE,HOUSTON,TX,77070,HARRIS,215.0,209.0,383.0,,0.0,,medium,Acute Care Hospitals,Voluntary non-profit - Private,Yes
670076,BAYLOR SCOTT AND WHITE SURGICAL HOSPITAL AT SHERMA,SHERMAN,TX,75090,GRAYSON,138.0,128.0,,250.0,1.0,,low,Acute Care Hospitals,Physician,Yes
670077,HOUSTON METHODIST WEST HOSPITAL,HOUSTON,TX,77094,HARRIS,194.0,190.0,,,1.0,55.0,very high,Acute Care Hospitals,Voluntary non-profit - Private,Yes
670078,BAPTIST NEIGHBORHOOD HOSPITAL THOUSAND OAKS,SAN ANTONIO,TX,78232,BEXAR,118.0,115.0,,270.0,2.0,74.0,very high,Acute Care Hospitals,Proprietary,Yes
670080,SETON MEDICAL CENTER HARKER HEIGHTS,HARKER HEIGHTS,TX,76548,BELL,179.0,174.0,220.0,374.0,2.0,81.0,high,Acute Care Hospitals,Proprietary,Yes
670082,BAYLOR SCOTT AND WHITE  MEDICAL CENTER  MCKINNEY,MC KINNEY,TX,75071,COLLIN,222.0,218.0,,,1.0,74.0,high,Acute Care Hospitals,Voluntary non-profit - Private,Yes
670085,TEXAS HEALTH HARRIS METHODIST HOSPITAL ALLIANCE,FORT WORTH,TX,76244,TARRANT,188.0,186.0,,,2.0,55.0,high,Acute Care Hospitals,Voluntary non-profit - Private,Yes
670088,BAYLOR SCOTT & WHITE MEDICAL CENTER- COLLEGE STATI,COLLEGE STATION,TX,77845,BRAZOS,212.0,208.0,,290.0,2.0,88.0,high,Acute Care Hospitals,Voluntary non-profit - Private,Yes
670090,CRESCENT MEDICAL CENTER LANCASTER,LANCASTER,TX,75146,DALLAS,190.0,160.0,6870.0,,3.0,,low,Acute Care Hospitals,Proprietary,Yes
670093,ASPIRE HOSPITAL,CONROE,TX,77304,MONTGOMERY,,,,,,,,Acute Care Hospitals,Physician,No
670098,RESOLUTE HEALTH HOSPITAL,NEW BRAUNFELS,TX,78130,COMAL,141.0,136.0,425.0,247.0,1.0,86.0,medium,Acute Care Hospitals,Proprietary,Yes
670102,"AD HOSPITAL EAST, LLC",HOUSTON,TX,77015,HARRIS,,,,,1.0,,low,Acute Care Hospitals,Proprietary,Yes
670103,MEDICAL CITY ALLIANCE,FORT WORTH,TX,76177,TARRANT,108.0,107.0,,,1.0,,very high,Acute Care Hospitals,Voluntary non-profit - Private,Yes
670106,HCA HOUSTON HEALTHCARE PEARLAND,PEARLAND,TX,77584,BRAZORIA,147.0,134.0,754.0,297.0,0.0,,medium,Acute Care Hospitals,Proprietary,Yes
670107,BAYLOR SCOTT AND WHITE EMERGENCY HOSPITAL,BURLESON,TX,76028,JOHNSON,97.0,95.0,,298.0,2.0,,medium,Acute Care Hospitals,Proprietary,Yes
670108,BAYLOR SCOTT & WHITE MEDICAL CENTER - MARBLE FALLS,MARBLE FALLS,TX,78654,BURNET,169.0,160.0,223.0,330.0,2.0,,medium,Acute Care Hospitals,Voluntary non-profit - Private,Yes
670109,BAYTOWN MEDICAL CENTER LP,BAYTOWN,TX,77521,HARRIS,102.0,102.0,,,1.0,,low,Acute Care Hospitals,Proprietary,Yes
670112,LEGENT ORTHOPEDIC + SPINE,SAN ANTONIO,TX,78249,BEXAR,,,,,,,,Acute Care Hospitals,Proprietary,No
670115,CLEVELAND EMERGENCY HOSPITAL,HUMBLE,TX,77338,HARRIS,166.0,164.0,,,0.0,,low,Acute Care Hospitals,Proprietary,Yes
670120,THE HOSPITALS OF PROVIDENCE TRANSMOUNTAIN CAMPUS,EL PASO,TX,79911,EL PASO,179.0,176.0,208.0,284.0,2.0,,medium,Acute Care Hospitals,Proprietary,Yes
670121,SAINT CAMILLUS MEDICAL CENTER,HURST,TX,76054,TARRANT,,,,,,,,Acute Care Hospitals,Proprietary,Yes
670122,HOUSTON METHODIST THE WOODLANDS HOSPITAL,THE WOODLANDS,TX,77385,MONTGOMERY,217.0,214.0,,,0.0,,very high,Acute Care Hospitals,Voluntary non-profit - Private,Yes
670124,THE HOSPITALS OF PROVIDENCE HORIZON CITY CAMPUS,HORIZON CITY,TX,79928,EL PASO,95.0,92.0,,307.0,0.0,83.0,very high,Acute Care Hospitals,Proprietary,Yes
670125,TEXAS CENTER FOR INFECTIOUS DISEASE,SAN ANTONIO,TX,78223,BEXAR,,,,,,,,Acute Care Hospitals,Government - State,No
670128,BAYLOR SCOTT & WHITE MEDICAL CENTER PFLUGERVILLE,PFLUGERVILLE,TX,78660,TRAVIS,142.0,138.0,,308.0,2.0,,medium,Acute Care Hospitals,Voluntary non-profit - Private,Yes
670131,BAYLOR SCOTT & WHITE MEDICAL CENTER - BUDA,BUDA,TX,78610,HAYS,107.0,106.0,,,1.0,,low,Acute Care Hospitals,Voluntary non-profit - Private,Yes
670132,METHODIST SOUTHLAKE MEDICAL CENTER,SOUTHLAKE,TX,76092,TARRANT,140.0,140.0,,,0.0,,low,Acute Care Hospitals,Proprietary,Yes
670134,ALTUS LUMBERTON HOSPITAL,LUMBERTON,TX,77657,HARDIN,,,,,1.0,,low,Acute Care Hospitals,Proprietary,Yes
670135,"ALTUS HOUSTON HOSPITAL, LP",HOUSTON,TX,77072,HARRIS,,,,,,,,Acute Care Hospitals,Proprietary,Yes
670136,BAYLOR SCOTT & WHITE MEDICAL CENTER- AUSTIN,AUSTIN,TX,78735,TRAVIS,118.0,117.0,,278.0,1.0,,low,Acute Care Hospitals,Voluntary non-profit - Private,No
670260,TEXAS HEALTH HOSPITAL FRISCO,FRISCO,TX,75033,DENTON,158.0,157.0,325.0,,1.0,,medium,Acute Care Hospitals,Voluntary non-profit - Private,Yes
670265,LEGENT ORTHOPEDIC HOSPITAL,GRAPEVINE,TX,76051,TARRANT,,,,,,,low,Acute Care Hospitals,Proprietary,Yes
670266,TOWNSEN MEMORIAL HOSPITAL,HUMBLE,TX,77338,HARRIS,,,,,1.0,,low,Acute Care Hospitals,Proprietary,Yes
670267,THE WOODLANDS SPECIALTY HOSPITAL,SPRING,TX,77386,MONTGOMERY,206.0,206.0,,,1.0,,low,Acute Care Hospitals,Proprietary,Yes
670285,ELITE HOSPITAL KINGWOOD,KINGWOOD,TX,77339,HARRIS,111.0,112.0,,,1.0,,low,Acute Care Hospitals,Proprietary,No
670300,METHODIST MIDLOTHIAN MEDICAL CENTER,MIDLOTHIAN,TX,76065,ELLIS,160.0,159.0,,,1.0,,medium,Acute Care Hospitals,Voluntary non-profit - Private,Yes
670309,TEXAS HEALTH HOSPITAL MANSFIELD,MANSFIELD,TX,76063,TARRANT,157.0,157.0,171.0,161.0,1.0,,low,Acute Care Hospitals,Voluntary non-profit - Private,Yes
670314,ST MICHAELS MEDICAL HOSPITAL LLC,SUGAR LAND,TX,77479,FORT BEND,111.0,106.0,,246.0,3.0,,low,Acute Care Hospitals,Proprietary,Yes
670320,EAST HOUSTON MEDICAL CENTER,HOUSTON,TX,77049,HARRIS,132.0,132.0,,,2.0,,low,Acute Care Hospitals,Proprietary,Yes
670321,ADVANCED DALLAS HOSPITALS AND CLINICS,DALLAS,TX,75231,DALLAS,,,,,0.0,,low,Acute Care Hospitals,Proprietary,Yes
670322,LEGENT SURGICAL HOSPITAL PLANO,PLANO,TX,75075,COLLIN,,,,,,,,Acute Care Hospitals,Proprietary,Yes
670326,BRUSHY CREEK FAMILY HOSPITAL LLC,ROUND ROCK,TX,78681,WILLIAMSON,113.0,110.0,142.0,192.0,,,,Acute Care Hospitals,Proprietary,No
670327,EXCEPTIONAL COMMUNITY HOSPITAL LUBBOCK,LUBBOCK,TX,79424,LUBBOCK,,,,,,,,Acute Care Hospitals,Proprietary,Yes
670331,MID COAST MEDICAL CENTER-TRINITY,TRINITY,TX,75862,TRINITY,125.0,118.0,,248.0,1.0,,low,Acute Care Hospitals,Voluntary non-profit - Other,Yes
670333,WESTOVER HILLS BAPTIST HOSPITAL,SAN ANTONIO,TX,78251,BEXAR,194.0,191.0,,498.0,,,,Acute Care Hospitals,Proprietary,Yes
670335,UT HEALTH SAN ANTONIO MULTISPECIALTY & RESEARCH HO,SAN ANTONIO,TX,78229,BEXAR,,,,,,,,Acute Care Hospitals,Government - State,No
670336,BANDERA FAMILY HOSPITAL,SAN ANTONIO,TX,78250,BEXAR,,,,,,,,Acute Care Hospitals,Proprietary,Yes
670340,METHODIST CELINA MEDICAL CENTER,CELINA,TX,75009,COLLIN,,,,,,,,Acute Care Hospitals,Voluntary non-profit - Private,Yes
670342,HOUSTON METHODIST CYPRESS HOSPITAL,CYPRESS,TX,77429,HARRIS,174.0,173.0,,,,,,Acute Care Hospitals,Voluntary non-profit - Private,Yes
670343,BAYLOR SCOTT & WHITE HOSPITAL BRENHAM,BRENHAM,TX,77833,WASHINGTON,,,,,,,,Acute Care Hospitals,Voluntary non-profit - Private,Yes
670345,LEGENT NORTH HOUSTON SURGICAL HOSPITAL,BELLAIRE,TX,77401,HARRIS,,,,,,,,Acute Care Hospitals,Physician,No
670346,BAYLOR SCOTT AND WHITE MEDICAL CENTER FRISCO AT PG,FRISCO,TX,75033,DENTON,,,,,,,,Acute Care Hospitals,Voluntary non-profit - Private,Yes
670347,BAYLOR SCOTT AND WHITE THE HEART HOSPITAL CORINTH,DENTON,TX,76208,DENTON,,,,,,,,Acute Care Hospitals,Physician,No
670779,CROSBYTON CLINIC HOSPITAL,CROSBYTON,TX,79322,CROSBY,,,,,,,,Rural Emergency Hospital,Voluntary non-profit - Private,Yes
670780,FALLS COMMUNITY HOSPITAL AND CLINIC,MARLIN,TX,76661,FALLS,,,,,,,,Rural Emergency Hospital,Voluntary non-profit - Private,Yes
670781,ANSON GENERAL HOSPITAL,ANSON,TX,79501,JONES,,,,,,,,Rural Emergency Hospital,Government - Hospital District or Authority,Yes
670783,CHI ST LUKES HEALTH MEMORIAL SAN AUGUSTINE,SAN AUGUSTINE,TX,75972,SAN AUGUSTINE,,,,,,,,Rural Emergency Hospital,Voluntary non-profit - Private,Yes
671300,GRAHAM REGIONAL MEDICAL CENTER,GRAHAM,TX,76450,YOUNG,145.0,131.0,,202.0,1.0,43.0,low,Critical Access Hospitals,Government - Hospital District or Authority,Yes
671301,HEMPHILL COUNTY HOSPITAL,CANADIAN,TX,79014,HEMPHILL,128.0,123.0,166.0,190.0,0.0,,low,Critical Access Hospitals,Government - Hospital District or Authority,Yes
671302,STEPHENS MEMORIAL HOSPITAL,BRECKENRIDGE,TX,76424,STEPHENS,125.0,116.0,,202.0,,,,Critical Access Hospitals,Government - Hospital District or Authority,Yes
671303,EASTLAND MEMORIAL HOSPITAL,EASTLAND,TX,76448,EASTLAND,,,,,,,,Critical Access Hospitals,Government - Hospital District or Authority,Yes
671304,ASCENSION SETON SMITHVILLE,SMITHVILLE,TX,78957,BASTROP,120.0,103.0,,270.0,,,,Critical Access Hospitals,Voluntary non-profit - Private,Yes
